rec_id,entity_id,name,phone,email,address,city,postcode
a-0,4097acb7-a382-4bc9-93d1-6283160ecc20,Isaac Bakshi,8448062059,ibakshi@rediffmail.com,380 Konda Road,Mumbai,796559
a-1,22389617-c344-498d-afbf-4ce3e3535610,Udant Dewan,8319764854,udewan@hotmail.com,114 Chahal Zila,Chandigarh,505346
a-2,10c588c2-a4d7-4331-97f2-285d17077b77,lahal Balay,7617730948,pbalay@rediffmail.com,389 Chander Nagar,Chandigarh,844867
a-3,1f3a8b13-45cf-4478-90ae-b1cbea318130,Tejas Kaul,8176973943,tkaul@ymail.com,185 Bala Circle,Ahmedabad,139423
a-4,3fd8e318-9d42-474f-b56b-91c474fa0ed5,Rushil Saini,8432569418,rsaini@outlook.com,350 Sen Ganj,Pune,216929
a-5,31e0fdcb-41e0-43c9-bbf4-c5c76daa33aa,Arunima Ahuja,9382266181,aahuja@rediffamil.com,4 Sami Street,Pune,824287
a-6,57a688a7-cec2-4978-bc85-e6da3f50b390,Harini Mall,7754550121,hmall@hotmail.com,334 Kale Street,Ahmedabad,734648
a-7,4ebe94fb-6705-4f36-96df-cb464c559568,Gayathri Chaudry,8655057360,gchaudry@hotmail.com,218 Rai Zila,Mumbai,788498
a-8,0db24881-938d-4dc8-bcdc-00ffc17310aa,Parmer Gunbir,6280829246,gparmer@gmail.com,278 Laola Path,Nagpur,868061
a-9,8c2591b7-781b-4929-ba24-8fe66a784480,Prof. Caleb Sharaf,7831301077,csharaf@rediffmail.com,231 Dash Circle,Pune,465747
a-10,c469aef5-a039-4016-ac07-b45782a2351e,Kritika Brar,7644132366,kbrar@outlook.com,181 Memon Circle,Nagpur,237080
a-11,8555fcc9-fb5a-4973-88c3-a6bc7c9fb145,Janaki Handa,7946427927,jhanda@yahoo.com,358 Bath Zila,Hyderabad,965706
a-12,97a99476-df12-4bdb-bb86-ff04fe552ec2,Vedant Mann,7914727385,vmann@outlook.com,89 Kaul Zila,Mumbai,186751
a-13,126471c9-fb39-470a-b0dc-f02dad2e767e,Harrison Rai,8436150660,hrai@rediffmail.com,208 Setty Road,Ahmedabad,747515
a-14,a2177172-a275-4c58-a5a6-c99cd63c4697,Janya Gaba,8161157129,jgaba@ymail.com,290 Pant Path,Chennai,396874
a-15,2064f070-0165-45f0-9b89-382907c55c92,Shaurya Loke,6944470024,sloke@rediffmail.com,245 Garg Zila,Delhi,120523
a-16,2bde8902-d7ca-4ae5-9db7-f68a425de723,Yash Gade,9293558420,ygade@hotmail.com,413 Raghavan Chowk,Jaipur,526139
a-17,460c1852-1fe9-441b-be3b-599d95c07fea,Anamika Kanda,7166122677,akanda@ymail.com,384 Bhalla Path,Delhi,598631
a-18,7aa8e633-fa36-41f3-8b4a-84a26897794a,Veer Balay,6015533848,vbalay@ymail.com,159 Rattan Path,Nagpur,307192
a-19,5c52cb26-19f6-44e4-891c-471771c6a4bf,Amrita Bhatti,9299115024,abhatti@ymail.com,496 Murty Ganj,Lucknow,563550
a-20,0c4ae4e2-b1f7-4e18-86f4-92bc9d9a2dbf,Simon Tata,6815430736,stata@hotmail.com,187 Shanker Marg,Chandigarh,901712
a-21,aa68015e-8f26-4199-821f-4db8434ce3df,Luke Lanka,6992010881,llanka@rediffmail.com,90 Koshy Street,Hyderabad,336214
a-22,95849d2c-d2bc-4a3a-920a-8047d219bf21,Adya Sangha,7397394541,asantgha@ymail.com,7 Rastogi,Bengaluru,276791
a-23,580a6d06-f1eb-44b7-b475-9a15410e2ebd,Janaki Kanda,9125967541,jkanda@ymail.com,402 Updahyay Street,Bengaluru,709892
a-24,c51a5150-ccb9-43f4-8abf-6185388a5449,Wakeeta Chand,7159039314,wchand@outlook.com,331 Choudhary Nagar,Chandigarh,217951
a-25,feb4aa01-7ff9-4af7-a308-7d2aa93e9698,Michael Dutta,7055168171,mdutta@rediffmail.com,210 Bhatt Magr,Nagpur,932326
a-26,9ea12140-6734-4ccb-a6ad-8776fa578e3b,Lekha Raj,8844678061,lraj@yahoo.com,414 Sidhu,Chennai,939719
a-27,06551d1d-a2f3-44a6-aeed-6df6b4dd13de,Zayan Apfte,9698762413,zapte@ymail.com,213 Yadav Zila,Hyderabad,577692
a-28,0831b579-f9cd-4c98-bfc8-9c5b179c6b25,Amara Oak,8222978891,aoak@ymail.com,34 Memon Zila,Delhi,508506
a-29,79ffa574-bec1-401d-ad0f-508ad6f46905,Radhika Dugar,7391995112,rdugar@outlook.com,77 Aggarwal Chowk,Chennai,842196
a-30,762003fc-a7a1-4881-8b5e-6bbcea5200e0,Adya Tella,+91 61804 55683,atella@rediffmail.com,159 Tripathi Street,Kochi,149855
a-31,b6614348-02eb-4b0c-8aba-cf011a2da55f,Hitesh Misra,8041822265,hmisra@ymail.cpom,208 Issac Circle,Gurugram,866017
a-32,c372facc-c446-44e7-a1a5-683de524c5fa,Michael Prakash,9108104960,mprakash@ymail.com,421 Zacharia Street,Bhopal,571377
a-33,993a8cf7-18d9-49db-bf43-6dd5eb047a76,Aadi Naik,8766677185,anaik@yahoo.com,257 Bahl Chowk,Delhi,821822
a-34,8eb19656-0541-455e-ab36-4b8145e5cb5d,Isaac Patil,8622014414,ipatil@outlook.comn,117 Khatri Road,Gurgaon,446580
a-35,afbc31c5-dc7a-4f54-8222-e3751f411289,Dalbir Khosla,7316227969,dkhosla@ymail.com,240 Brar,Gurugram,394745
a-36,b267ff08-94c9-4033-ac28-f298484adeb1,Frederick Sunder,07628557602,fsunder@yahoo.com,367 Walia Zila,Nagpur,863703
a-37,13d331b9-852a-4d23-9e87-bef5002d79f5,Jeremiah Dave,9196606750,jdave@outlook.com,468 Gandhi Chowk,Ahmedabad,874646
a-38,2661d60c-eb24-4518-8398-42850a09bd9d,Alka Wable,7547979902,awable@rediffmail.com,295 Sampath,Chennai,820794
a-39,9b648884-cdc0-4d7d-ab65-573caef47e99,Siddharth Zacharia,6505446577,szacharia@ymail.com,399 Muni Ganj,Chennai,254162
a-40,d1d65035-68d2-45ab-8950-04bbbc486955,Mohini Prakash,9171704674,mprakash@ymail.com,387 Varughese Chowk,Chennai,938111
a-41,c20e1516-a80c-46ef-8857-158e9e7a1a70,Siya Dara,9762735331,sdara@ymail.com,74 Kar Ganj,Gurugram,908528
a-42,791ae4a6-8ae2-43fc-8882-40018422bfb7,Devansh Nigam,6715993764,dnigam@gmail.com,188 Karpe Nagar,Gurugram,444987
a-43,4002658b-d144-4603-8452-7e18942e4e74,Thomas Amble,7128861145,tamble@gmail.com,343 Bhargava Zila,Chandigarh,
a-44,89ad7e8b-a885-4f1c-9ec1-1364d0a93dff,Veer Bir,7294340359,vbir@rediffmail.com,390 Narayanan Nagar,Kochi,842858
a-45,3a90919f-9c1f-4717-9d32-44ae17fba3e5,Ekavir Varkey,8278016906,evarkey@gmail.com,325 Mallick Ganj,Bengaluru,891279
a-46,2ad5d0e8-9af5-4109-b0b3-660180d96301,Vedika Kala,6241878109,vkala@yahoo.com,328 Deo Circle,Chandigarh,126099
a-47,13b5dbf7-5500-44ed-836e-c71e63e5a8c5,Urvashi Kibe,9698922820,ukibe@rediffmail.com,400 Ray Chowk,Chennai,146492
a-48,d9465b8c-cc74-48a1-b8b3-05164ebae3d9,Ranveer Chandra,98404-21165,rchandrw@outlook.com,372 Sankar Zila,Chandigarh,728308
a-49,285c6282-8ebb-430d-83b5-f811b66cc69d,Irya Sampath,9701020759,isampath@rediffmail.com,306 Sibal Marg,Pune,239691
a-50,31e78a97-f23a-4475-85e2-028b6e87b9c8,Chatura Chaudhari,+91-68474-13071,cchaudhari@hotmail.com,490 Rau Nagar,Bengaluru,138115
a-51,9909eb41-e124-44a6-8a4a-537194cbcaf0,Harinakshi Chopra,9541295345,hchopra@outlook.com,350 Handa Ganj,Kolkata,672766
a-52,e4aae917-f41e-414e-bdd9-5c9da4108b6d,Ranveer Yadav,7564941191,ryadav@ymail.com,139 Dey Chowk,Chennai,233594
a-53,8813a3eb-a037-4b09-a2b9-754cea431c6b,Pahal Goswami,7694148295,pgoswami@outlook.com,159 Shere Road,Gurugram,649888
a-54,4a60dc9d-2069-4350-857f-0c3f792895c9,Zaid Borra,6205255756,zborra@outlook.com,326 Chaudhari Chowk,Ahmedabad,526718
a-55,862ad620-8c67-4aeb-b869-a8d95e16ee80,Chandresh Zachariah,64565-39587,czachariah@outlook.com,443 Chander Nagar,Hyderabad,594229
a-56,775c57de-f8dd-4cd7-a024-67d2f1b2390e,W. Ganesan,7723583401,wganesan@gmail.com,36 Sunder Marg,Gurugram,
a-57,9f37c7b4-34bb-46db-ab34-4b6ad2884c5f,Vasana Kala,8341730790,vkala@hotmail.com,413 Bhargava Marg,Mumbai,352550
a-58,471baa6c-6b2c-4b4f-ab06-46c510d10ab0,N. Raghavan,6661535909,nraghavan@hotmail.com,386 Ramakrishnan Nagar,Kochi,238251
a-59,c83525b6-5bdf-482a-9de8-f16ab90918d6,Alka Sha,9396306275,asha@hotmail.com,82 ampath Road,Chennai,734865
a-60,d7a61e54-1f1c-4e14-ba7a-e0d575515dc1,Vidhi Dubey,9528896154,vdubey@ymail.com,196 Minhas Ganj,Bhopal,990218
a-61,b1ae4b31-7866-444a-8d59-c3310d967d7d,Teerth Bhardwaj,7491312990,tbhardwaj@outlook.com,127 Bhat,Bengaluru,490400
a-62,157f2468-c770-42ab-8199-60cbbc9c4dc3,Dipta Bhandari,8400228886,dbhandari@outlook.com,324 Sood Nagar,Nagpur,627800
a-63,e69a6cb0-5cb0-4dda-97a7-af5ebe033a81,Wali Yadavi,8375839834,ywali@outlook.com,384 Bhandari Street,Lucknow,152297
a-64,04bd9d05-7e89-4766-b26e-8aff46a4d6ea,Yashoda Buch,07518335485,ybuch@outlook.com,53 Biswas Street,Pune,918596
a-65,05b2966b-569e-4a4e-aab9-74241dcd3599,Ekansh Keer,7103312069,ekeer@rediffmail.com,224 Dar Marg,Lucknow,667748
a-66,f2a919fc-943e-4dc2-8a4a-a0a6d37e40e7,Yatin Baral,7217567986,ybaral@ymail.com,239 Bumb,Jaipur,106583
a-67,bafb50a6-f635-488d-b55e-26f6684173a7,Oni Virk,7967480157,ovirk@rediffmail.com,220 Lal Path,Ahmedabad,748625
a-68,00213b4c-ff7f-4b0a-b60f-18828ef5ffc6,Murthy Samarth,6912879763,smurthty@gmail.com,62 Lanka Ganj,Pune,972832
a-69,6e47d038-17bd-428e-bf73-588a4aca53cd,Meghana Deep,9984392407,mdeep@outlook.com,43 Shankar Road,Nagpur,540729
a-70,bfc13fc3-d216-48b6-9de4-32a8048f12c6,Diya Bora,7820039031,dbora@ymail.com,337 Shanker Nagar,Kolkata,932230
a-71,279e9971-91eb-4601-99cc-a3f3a1bfbe83,Harish Borah,87383-09216,hborah@yahoo.com,429 Kala Circle,Bengaluru,878910
a-72,c3823186-5d96-4859-ba8e-94c7decb74da,Yashawini Lanka,8074686622,ylanka@hotmail.com,426 Palla Street,Kolkata,709557
a-73,16a8cdac-1a86-4857-bf41-2973fd32b7b7,Ekapad Konda,8543125881,ekonda@rediffmail.com,43 Mane Path,Bhopal,369048
a-74,c76d0ddb-18f0-4cb3-973f-15bc63de5f98,Nakul Sarma,8962745115,nsarma@yahoo.com,498 Mittal Circle,Pune,826687
a-75,d6fe078e-f4f0-4504-aa99-434d11270a74,Abhiram Mistry,8924311300,amistry@hotmail.com,101 Desai Zila,Bglr,453131
a-76,07d3c158-0b95-41e5-b603-e6621c532f3c,Aishani D’Alia,9344899755,ad’alia@ymail.com,142 Dugal Zila,Nagpur,671085
a-77,6ef9c7da-368f-4a3d-b2da-b84cc4db8e52,Anita Manda,9935972566,amanda@gmail.com,150 Kade,Jaipur,392808
a-78,1b5668dc-bcff-4b79-9ee8-2ef318c6a4fe,Hemal Jani,7802052757,hjani@outlook.com,219 Tiwari Road,Chennai,239897
a-79,c375596d-8ce7-45a7-92a7-a651b6c791f4,Vrinda Krishnamurthy,7869274115,vkrishnamurthy@yahoo.com,51 Chanda Nagar,Jaipur,707137
a-80,aae17792-3e9a-4610-b0d1-0efc589a8274,Pallavi Malhotra,9410997120,pmalhotra@gmail.com,123 Aggarwal Nagar,Gurugram,561458
a-81,6add0373-574c-4f34-a3f8-25faf48f544d,De Gauri,9300816370,gde@ymail.com,349 Edwin Raod,Kolkata,564478
a-82,61cb5b46-e500-407d-9dc9-7c07b0a84555,Riya Sane,6410214810,rsane@gmail.com,254 Andra Circle,Ahmedabad,454712
a-83,bb71ffdc-0c05-4aae-a196-5655cbc76e3a,Isaac Borra,8748522352,iborra@ymail.com,240 Banik Street,Pune,488193
a-84,a207ab51-5f6d-4123-9d8c-43052fff37eb,Kala Divan,6940448711,kdivan@outlook.com,24 Datta Marg,Gurugram,397661
a-85,6e17103b-6b0b-4797-9ce7-fdaf0f9874d9,Benjamin Morar,9180117642,bmorar@gmail.com,285 Baral Path,Mumbai,108333
a-86,23059c3f-0b10-46eb-894f-938e78525774,Ishita Kade,7856418798,ikade@yahoo.com,127 Chauhamn Ganj,Ahmedabad,104267
a-87,99aee34b-3b16-4337-8132-f183349dfd69,Irya Ray,9903781357,iray@gmail.com,300 Dubey,Nagpur,643081
a-88,e88e61d8-9b77-45b5-b21e-2f4dad9a13bd,Warjas Gaba,9080733071,wgaba@outlook.com,362 Sacha rStreet,Lucknow,385871
a-89,38685bcb-3aef-4d81-abeb-101f9beee4fd,Aryan Gola,6815217166,agola@gmail.com,87 Sabharwal Path,Chandigarh,385437
a-90,157d406a-266e-4489-82f9-572a31c32d9f,Shri Yuvraj Loke,09059553158,yloke@gmail.com,440 Chokshi Street,Kolkata,103606
a-91,5d1c4a0d-acb2-4098-95b0-00289233353b,L. Barad,8045123698,lbarad@yahoo.com,10 Kapadia Chowk,Chennai,345868
a-92,c3145bc3-d9d5-4291-b94b-8644b1f527c2,Ryan Sharma,9266155376,rsharma@outlook.com,363 Mody Path,Chandigarh,886498
a-93,216381f0-a419-4518-ae02-b0c5f385c0e3,Vedant Kapoor,6495900735,vkapoor@hotmail.com,204 Hans Nagar,Kochi,985074
a-94,3ba2c8fb-d005-4fe9-9355-673ee14a4f36,Mohini Narasimhan,6641392161,mnarasimhan@ymail.com,429 Boas Road,Lucknow,455506
a-95,7b74b088-3813-40c8-b3e0-22f3c72ee791,Arya Panchal,9768634507,apancha@loutlook.com,365 Ratta Circle,Hyderabad,522820
a-96,a7c5af74-5d82-4c05-9834-d9353177aefa,Garima Bala,9968875002,gbala@hotmail.com,372 Lal Zila,Pune,
a-97,eb1b7a62-c765-4d68-8df2-9b0210e90d9a,Pranav Lanka,9798636336,planka@outlook.com,290 Chopra Nagar,Nagpur,439429
a-98,27b0cb4e-c575-4faf-b0b5-f80b9c03e856,Radha Pai,8401333471,rpai@yahoo.com,82 Sarin Path,Jaipur,941842
a-99,f2dbc3f9-915e-4e2f-9a01-977a2299a285,Yasti D’Alia,8210475832,yd’alia@hotmail.com,101 Gupta Marg,Bengaluru,959407
a-100,d26f34e2-d550-461c-907f-e93b2caa9f40,Aachal Basu,7210040926,abasu@rediffmail.com,24 Agarwal Marg,Bengaluru,521574
a-101,b2dbae96-90ef-4212-b4ea-fd68ea6f4623,Z. Yohannan,7738791969,zyohannan@hotmail.com,476 Patla Ganj,Chennai,365296
a-102,78b6f114-cc59-4540-8133-4f7478350a29,Raagini Boase,6540887645,rboase@outlook.com,83 Murthy Path,Nagpur,374019
a-103,20a7b807-e7ec-48c5-a2b4-0c0b39bbf134,Jeet Mital,7557728384,jmktal@gmail.com,380 More Circle,Mumbai,866738
a-104,5bf493a6-8396-4f69-abf0-bc0fa5fa2973,Mr. Nilima Narain,7128713218,nnarain@outlook.com,9 0Merchant Marg,Lucknow,
a-105,b9474555-c8fb-4a3e-8005-d04b3ef24729,Joshua Handa,9718587355,jhanda@rediffmail.com,124 Raghavan Marg,Chennai,320732
a-106,083d51d3-bc86-4f6f-ac16-835c4aafba21,Owen Mitra,6807352445,omitra@hotmail.com,268 Acharya Marg,Bengaluru,946016
a-107,fecb152a-d3b4-4040-8066-d3df28a8b107,Daksha Mangat,6904891135,dmangat@ymail.com,104 Sani Ganj,Hyderabad,213097
a-108,131013a9-37e4-4e2f-bc8f-f5d6242515fd,Ekanta Shroff,6903960494,eshroff@outlook.com,266 Sathe Chowk,Hyderabad,207057
a-109,acb08aee-71c4-4757-a6ff-9d0e348961cb,Tanay Vaidya,9734818963,tvaidya@outlook.com,26 Gara Chowk,Chennai,836476
a-110,b56d03c1-c64e-4700-b2af-798ddd654dfe,Frado Mander,6767822954,fmander@yahoo.com,319 Nayak Circle,Lucknow,660437
a-111,906e3627-ad85-4eeb-a623-cda5723db451,Girik Keer,9034714176,gkeer@hotmail.com,197 Kar Road,Delhi,352806
a-112,0b74488e-494e-4f2d-9cd0-3717879297ad,Rushil Din,8436650469,rdin@outlook.com,172 Barta Nagar,Pune,753561
a-113,9bbf3ec0-bb7a-45a8-8500-1b2c03596f4d,Yash Smoan,8094187729,ysoman@hotmail.com,266 Bora,Nagpur,861405
a-114,096ea0b9-3ccf-46e8-9b76-97543e4f576b,Tamanna Sachdeva,8377348517,tsachdeva@outlook.com,254 Hayer,Hyderabad,
a-115,808b9c21-b002-40a7-a636-aabb7673b4a9,Mr. Leena Talwar,7364442180,ltalwar@yahoo.com,334 Kohli Marg,Chennai,682363
a-116,7af8122c-b2eb-4d21-a675-04df5a657046,Ahluwalia Manbir,9381179872,mahluwalia@ymail.com,334 Sandal Zila,Delhi,117789
a-117,0d71e3c4-15ba-42f3-a5d3-16957eec2c9c,Theodore Goda,7226997295,tgoda@outlook.com,350 Shetty Circle,Gurugram,224788
a-118,eda10b8a-4b6d-4a66-8cbd-67b3730d07e0,Chandresh Krish,7603795346,ckrish@outlook.com,12 Shan Zila,Gurugram,
a-119,a1625971-e605-48a1-8587-1fd0e4508855,Kiaan Shetty,7419883385,kshetty@rediffmail.com,245 Nadig Circle,Nagpur,649204
a-120,3f52b13b-b11a-49c3-b648-f11a091a097b,Saanvi Thaman,7999389907,sthaman@ymailc.om,382 Sehgal Marg,Chandigarh,319784
a-121,b6425249-99fc-4638-a4df-4da80f0ce9d0,Nathan Soman,8266623245,nsoman@hotmail.com,205 Lad Chowk,Lucknow,510806
a-122,352b2cb3-abe0-4ac6-8f87-db9acec99e1d,Yug Malhotra,8130034718,,70 Sundaram Circle,Delhi,874512
a-123,97c6254a-3718-47fb-8614-f6a100f8d311,William Maharaj,7921910456,wmaharaj@ymail.com,466 Brahmbhatt Chowk,Mumbai,451055
a-124,88c05c93-14b1-452d-96a3-dd27b6316a6c,Bhavika Keer,8722482641,bkeer@rediffmail.com,461 Nayak Road,Nagpur,224197
a-125,c5e8201b-a5f7-4e18-8e08-f3ae3df053ba,Ekaja Zachariah,6526760909,ezachariah@gmail.com,258 Devi Zila,Ahmedabad,596965
a-126,dc08e152-843b-47c9-845b-62ae3dd205d5,Matthew Kashyap,7324142036,mkashyap@rediffmail.com,177 Dua Marg,Mumbai,978996
a-127,13107544-4733-4724-a29e-e291cba60ae1,Tanish Bhatt,9433277814,tbhatt@yahoo.com,446 Reddy Marg,Bhopal,839106
a-128,4e5dc8d9-2cc0-4dc6-92f7-4c19872aeb08,Ganga Shukla,7135205020,gshukla@gmail.com,218 Bhatia Marg,Bhopal,186485
a-129,54556d74-5215-47d1-ad7a-1f0bbfdcbe17,Samuel Salvi,8831010828,ssalvi@outlook.com,269 Bahri Marg,Hyderabad,687031
a-130,e467254f-95fa-4e5e-aef9-5d69d4c81c38,Lajita Sood,8752372557,lsood@rediffmail.com,232 Pandey Nagar,Pune,455032
a-131,311ea60f-b387-4466-b952-fcb212198afd,Chanchal Ramakrishnan,8791703111,cramakrishnan@gmail.com,411 Yohannan Marg,Lucknow,287541
a-132,ed6b5974-079e-4a31-82f9-fd9d6a368638,Thomas Sura,9614931899,tsura@ymail.com,436 Mahajan Ganj,Chandigarh,223489
a-133,b6fdd176-e7cc-4d06-aaef-cf87a05aa90c,Rajata Sunder,9227057638,rsunder@hotmail.com,355 Ramachadran Nagar,Ahmedabad,690465
a-134,a4ac6228-0593-4762-9244-2dc109624c45,Gayathri Ravel,7462242718,gravel@hotmail.com,281 Sibal Street,Bhopal,641402
a-135,c0e91f99-9cb4-4ee4-8ccc-06c6bb4f73a5,Joshua Walla,6345668030,jwalla@gmail.com,106 Ramesh Nagar,Mumbai,569726
a-136,f59a5f79-0c1c-4595-8f0b-c27665670b32,Chacko Avi,9804848940,achacko@hotmail.com,108 Deshmukh Marg,Gurugram,254764
a-137,189bcba6-066f-4bdc-8e8f-272e178d0552,Triya Gopal,6280421451,tgopal@gmail.com,68 Lad Nagar,Delhi,711573
a-138,8e0b4608-b5a1-4eed-bd31-0db335878e19,Ladli Narang,6053329642,lnarang@rediffmail.com,444 Sha Gnaj,Hyderabad,424682
a-139,ba2e26b1-16e7-4b86-9e48-ab24dc3c26ff,Eta jazareth,6146411897,enazareth@gmail.com,410 Mall Marg,Gurugram,196662
a-140,65d324cd-6ac4-47fa-8ee1-765362d7a67f,Er. Oviya Krishnan,6403490598,okrishnan@ymil.com,86 Singhal Zila,Pune,139757
a-141,450c8437-c219-4631-af54-5cfb3cc9701a,Anirudh Zacharia,7993837541,azacharia@outlook.com,161 Palla Nagar,Ahmedabad,544304
a-142,00bb53cd-28a5-4aee-9d1b-02bb80d13864,Udarsh Biswas,6553644486,ubiswas@hotmail.com,463 Balasubramanian Nagar,Gurugram,879529
a-143,355e61f8-67d0-4158-a39f-0d12f974eb60,Yug Iyengar,7495342635,yiyengar@hotmail.com,161 Dua Nagar,Gurugram,396335
a-144,b77b4d88-936e-4641-a601-b4866f80a8d3,William Date,7157938275,wdate@rediffmail.com,378 Contractor Chowk,Ahmedabad,185175
a-145,32cbdbeb-fdde-4794-90d8-98fa95b22e01,Tejas Shroff,6516906983,txshroff@gmail.com,462 Pillay Road,Nagpur,934753
a-146,401efd33-2ee1-4b77-a9ae-c17387af6601,Oliver Contractor,9695003718,ocontractor@yahoo.com,248 Mukhopadhyay Street,Lucknow,134687
a-147,bb974a6f-465d-40c6-90a3-5626ba8d207f,Hritik Bal,9388938502,hbal@rediffmail.com,81 Prashad Road,Jaipur,807983
a-148,c7536194-58de-4c5f-bb87-061efc17e219,Mekhala Issac,+91 69097 88195,missac@ymail.com,439 Kibe Zila,Kolkata,582838
a-149,3623b620-1419-496a-95d5-f620fe664f1e,Harsh Mitra,8425697694,hmitra@ymail.com,185 Dara,Hyderabad,
a-150,c74da881-9e73-4376-983c-016fe125acb0,Benjamin Palan,6802737800,bpalan@ykail.com,260 Sangha Circle,Bhopal,815274
a-151,d30b76ee-5a18-4e36-bbb7-84723460be23,Kamala Biswas,8613761054,kbiswas@ymail.com,261 Om Circle,Jaipur,247052
a-152,174cc33e-3b11-4b14-ba0a-20956ccfd3a6,Advik Salvi,73105-91428,asalvi@hotmail.com,487 Cherian Chowk,Jaipur,269626
a-153,feca807a-3edb-4df5-b55e-24a9969a570a,Rachita Pathak,9634143025,rpathak@hotmail.cim,496 Dua Chowk,Nagpur,884267
a-154,7c3c5d48-d4a5-400f-b45a-3601c866afd5,Radhika Goda,8359303978,rgoda@ymail.com,59 Madan Circle,Kolkata,735216
a-155,dafd112c-f226-40f8-a298-ed495d08874f,Veda Shroff,8509857374,vshroff@ymail.com,32 Loyal Marg,Nagpur,240181
a-156,37188020-d46b-44f9-8b0a-7e9e8f7297d7,Mrs. Ekantika Korpal,8219106827,ekorpal@outlook.com,415 Mallick Zila,Gurugram,270426
a-157,b4301d70-ca48-40b4-bd1f-a4c3acd9a17b,Shravya Kohli,8197353598,skohli@yahoo.com,485 Raghavan Chowk,Hyderabad,949043
a-158,8b9f77b9-46d5-4172-bcdf-9131b15641ee,Gayathri Balakrishnan,9323131070,gbalakrishnan@outlook.com,390 Nair Chowk,Pune,510763
a-159,4b9e0daa-984a-49ef-9b19-02df804d29fa,Qabil Sura,6031822982,qsura@hotmail.com,258 Pant Ganj,Chandigarh,650998
a-160,d0f8c442-402d-4789-82a3-fba801da40a0,Aarna Oak,8031901115,aoak@hotamil.com,456 Majumdar Road,Bengaluru,312724
a-161,f222d178-ed7a-4639-bb74-3b6885621670,Advaith Varughese,8886686913,avarughese@gmail.com,46 Chada Ganj,Gurugram,281680
a-162,df3f982c-bd1e-40ac-9bfc-7e292e6a4c6f,Wyatt Ray,9337154163,wray@yahoo.com,326 Khosla Chowk,Lucknow,951123
a-163,7dd2f487-d433-4185-99db-0e084dee1882,Vamakshi Swaminathan,9791797181,vswaminathan@outlook.com,249 Baadl Chowk,Chandigarh,305780
a-164,9e6a943d-8e18-4c3a-b0f7-3cb895573aa3,Girik Menon,7904549490,gmenon@rediffmail.com,296 Ravel Ganj,Nagpur,493000
a-165,0cc93ab8-705e-4fa5-836f-63bfd83a21c8,Yagnesh Mohan,8904482470,ymohan@rediffmail.com,411 Pillay,Lucknow,145750
a-166,3b1310ee-f406-49f5-a6b3-74b4221cf45e,Urvashi Wali,76187-63346,uwali@rediffmail.com,336 Sandal Path,Bhopal,485352
a-167,d3608459-9a62-4321-b3b2-07630461d632,Ms. Ganga Pandey,08835074452,gpandey@outlook.com,372 Madan Chowk,Jaipur,482573
a-168,f7525e48-a84d-4a32-a648-29652b91944a,Damini Krishnamurthy,6728725109,dkrishnamurthy@rediffmail.com,78 Dara Ganj,Hyderabad,664141
a-169,a98c5dcd-10b5-4d25-aec0-9a632c7dff45,Reyansh Mutti,6877178173,,239 Wason Zila,Delhi,576451
a-170,4a97e294-f547-4cbf-a71c-e81b64a1a8d0,Qasim Handa,7175871044,qhanda@yahoo.com,391 Sule Ganj,Calcutta,377499
a-171,d70d14b8-4566-4d3d-b9b3-eee857b374c0,Aradhana Vohra,7822331124,avohra@hotmail.com,196 Mandal,Kolkata,503416
a-172,bdc4118a-7e28-4ec3-8d31-1d0f0ab314ee,Harish Hari,6231047383,hhari@ymail.com,118 Karan Road,Chennai,382461
a-173,5a8b1881-9090-4cca-85fa-d95b8299ff75,Jalsa Gola,8608693648,jgola@rediffmail.com,454 Atwal Road,Hyderabad,548138
a-174,955f7ca4-b245-4cd6-9aac-50fdb0f3d01b,Jonathan Mahal,8054444445,jmahal@rediffmail.com,276 Bhagat Nagar,Gurugram,173038
a-175,4246d120-fe4b-4366-9763-bebfb539a144,Brinda Date,6708796818,bdate@gmail.com,157 Chauhan Chowk,Kochi,302659
a-176,841329bf-8f81-450e-b157-1fa17be604f3,Advik Mane,8943956221,amane@yahoo.com,98 Srinivas Chowk,Chandigarh,645668
a-177,5ad1dceb-cb0e-4de9-89e6-f7c4c6abda23,Ridhi Oak,6806617128,roak@ymail.com,133 Behl Street,Gurugram,462591
a-178,fe976afc-8757-496e-b858-14b3a7e2c640,Zayyan Sridhar,9842923952,zsridhar@gmail.com,215 Bhattacharyya Zila,Delhi,709937
a-179,db090e5d-82e1-4bfe-83ba-09e2ee97e409,Nandini Swamy,8753788260,nswamy@outlook.com,286 Bera Zila,Gurugram,798211
a-180,ab24903c-6a95-4730-9edf-3c2cb9030c32,Max Dixit,9578701337,mdixit@gmail.com,186 Modi,Kolkata,287198
a-181,6ef410a7-f23b-4267-8fd8-3d3e857760ec,Frederick Kothari,7478567619,fkothari@gmail.com,206 Saha Zila,Jaipur,469043
a-182,b3aa4d67-6570-4d76-8b90-ec3cb810184a,Upkaar Virk,9707904412,uvirk@yahoo.com,93 Seshadri Marg,Mumbai,321287
a-183,53430b06-15c5-4cf1-a4a0-6f83c09aec66,Saanvi Mishra,6958626212,smishra@yahoo.com,68 Sanghvi,Chennai,816453
a-184,99f42829-cccb-4f35-8ce8-8964f56fdaea,Dalaja Bhasin,7864200176,dbhasin@hotmail.com,391 Chaudhary,Bhopal,302220
a-185,a9d6a489-8f30-4dc2-91b9-3f9ab5d3d720,Sarthak Kakar,6802508853,skakar@gmail.com,309 Bumb Road,Lucknow,865896
a-186,2768db0b-73ad-4cd2-a225-4729d296d5bf,Naksh Khatri,6917940815,nkhatri@ymail.com,372 Birde Street,Mumbai,802753
a-187,dd7f06d5-acb6-41c9-9283-04f6b571c4e9,Agate Naksh,7192356555,nagate@ymail.com,198 Seshadri Marg,Lucknow,359069
a-188,30b20902-1044-4ab8-844c-6fd06bdff8ea,Upma Manne,9726257137,umanne@hotmail.com,480 KataN agar,Gurugram,322052
a-189,07d0959d-aa53-43e0-b844-ea183196b748,Bhavya Mandal,7336640920,bmandal@outlook.com,206 Bobal Chowk,Chennai,985765
a-190,49f8423c-5898-4a9b-a6be-4c4b153292a8,Vivaan Lalla,83694-87327,vlalla@yahoo.com,169 Hora,Ahmedabad,809012
a-191,1f8ad473-b99b-4859-8ddb-78d1733577dd,Pavani Contractor,9042973564,pcontractor@hotmail.com,28 aKr Circle,Nagpur,846635
a-192,0b7d2939-a24f-4ebe-864a-19bcf692bde2,Manthan Lata,9349803752,mlata@outlook.com,433 Bora Street,Gurugram,127803
a-193,17c54b71-8faa-43b5-9416-a11b5715b4a2,Darpan Gandhi,8547727240,dgandhi@hotmail.com,479 Mani Road,Delhi,
a-194,4b7752d6-de00-4fcf-b50d-e20e37007d59,R. Dash,9514140632,rdash@gmail.com,444 Modi Cohwk,Hyderabad,769594
a-195,b5f57c4a-54b3-4636-b454-1722c7540a17,Neha Magar,6129196983,nmagar@rediffmail.com,85 Zacharia Circle,Nagpur,620747
a-196,042cc415-b734-40c6-9d4e-8909087383a1,Wakeeta Sarma,7009000158,wsarma@rediffmail.com,290 Baral Zila,Chennai,
a-197,0a337711-3362-422b-918b-b36bf81feccb,Rachana Naidu,7645974473,,234 Krishna,Pune,893956
a-198,2bf7a7e1-1113-4713-ac18-ade1b0a3d8c3,Atharv Chand,7172786396,achand@outlook.com,428 Bail Ganj,Gurugram,334633
a-199,73a2d656-ffa8-458d-9fc2-d7489c59329f,Amruta Baria,9246691295,abaria@yahoo.com,145 Singhal Street,Kolkata,376898
a-200,a91d54c0-c607-4472-8ae1-2b0dc386b668,Zilmil Sahte,6691366656,zsathe@outlook.com,37 Golla Road,Pune,649301
a-201,24028209-ddfe-4ac2-9205-fff5cd6df978,Rajata Swamy,9234877288,rswamy@hotmail.com,273 Singhal Zila,Pune,178040
a-202,6da0b81e-99c8-4412-9af2-ed688b170484,Ijaya Rege,6679949566,uirege@ymail.com,369 Nagi Path,Jaipur,549274
a-203,69160d6d-a5d0-4737-8f79-e024e4355e18,Henry Dyal,8934549954,hdyal@outlook.com,91 Sabharwal Path,Kochi,533431
a-204,3cdb051b-1a60-4af0-9e55-80f7bf6ed82a,Warhi Mani,8437577025,wmani@ymail.com,77 Bansal Marg,Jaipur,100511
a-205,0333c9f1-54bd-4d80-9fda-09280e528fc1,Suhani Chakrabarti,6336342712,schakrabarti@yahoo.com,452 Krishmnan Path,Pune,663974
a-206,155c34c0-f87d-47fe-b50c-42025edd82fd,Smt. Ekiya D’Alia,7982723262,ed’alia@outlook.com,291Varkey Marg,Ahmedabad,864756
a-207,873c9039-bba6-4e4d-9248-4df04d539770,Aarav Shere,7678493235,ashere@rediffmail.com,416 Bhagat Marg,Mumbai,574095
a-208,4d32a114-241b-4f8f-bd62-a52cfda16881,Raghav Vasa,7999579203,rvasa@outlook.com,274 Tara Path,Kolkata,987058
a-209,add54b88-7fbc-4bd9-99e1-42fc308f3f72,Riya Behl,7467834351,rbehl@hotmail.com,95 Loke Ganj,Jaipur,673002
a-210,7ae94be4-2c6f-4846-9c06-efaf245aa010,Karan Mani,6795109311,kmani@yahoo.com,328 Sundaram Chiwk,Bengaluru,
a-211,bd5dc4ac-a0b7-4e71-a490-f5612a4c6112,Jairaj Balakrishnan,9580081156,jbalakrishnan@yahoo.com,222 Khatri,Bengaluru,149441
a-212,6c62bae5-3913-4a33-be0f-ebcec6dbf4a8,Nathan Mukhopadhyay,8810515935,nmukhopadhyay@rediffmail.com,75 Atwal Circle,Pune,822476
a-213,c26f8cbd-e751-4339-ba06-dabb5c3fc40b,N. Chander,6599845394,nchander@rediffmail.com,180 Comar Ganj,Chennai,752334
a-214,fc0fa585-5738-4ecf-9c06-bb38495a32b6,Triya Dalal,7730345626,tdalal@outlook.com,388 Tara Street,Mumbai,416990
a-215,74349029-5f56-4769-bfb9-4c151b0c3a2d,Bishakha Upadhyay,9466621082,bupadhyay@outlook.com,227 Sagar Road,Bengaluru,192517
a-216,03945f82-b5d4-4503-ae4e-80df8d3b55c3,Vasudha Sodhi,8942695039,vsodhi@outlook.com,476 Shan Ganj,Chennai,841973
a-217,fd2f2ff0-2363-4f9d-a8db-227bf021d16a,Maanav Rajagopal,6929157008,mrajagopal@gmail.com,307 Trivedi Ganj,Cochin,973180
a-218,153505b9-2c3e-4482-a065-748b4b46ed4f,Laban Boase,8167707718,lboase@outlook.com,236 Sachdeva Road,Lucknow,614657
a-219,78a06385-d103-41bb-ae83-1019db361a37,Prof. Harini Tripathi,6703913274,htripathi@outlook.com,471 Agate Road,Bhopal,972511
a-220,d6cb5318-15a3-43b1-a2d1-dda41585c0fc,Mrs. Barkha Misra,8318725649,bmisra@gmail.com,129 Suri,Nagpur,873604
a-221,2598e723-19c8-4d48-acd3-ef82d5a1c555,Manthan Sekhon,7066833044,msekhon@rediffmail.com,377 Sule Circle,Jaipur,235538
a-222,c1ac5f5a-3e74-45e2-9579-81b0c97b407d,Hemani Natarajan,8538048926,hnatarajan@yahoo.com,58 Purohit Circle,Bengaluru,861128
a-223,e850a5b0-bb16-436a-a4e9-ad8aabb19985,Tamanna Nagy,7116105231,,221 Khare Ganj,Delhi,227474
a-224,89a6c673-3a36-403f-9936-f7550d49e074,Leela Kaur,7066333671,lkaur@hotmail.com,7 Bassi Marg,Delhi,351672
a-225,3515aac1-85dc-4658-8f4d-b2dab203d96b,Eesha Solanki,9803852510,esolanki@outlook.com,258 Raju Marg,Delhi,454664
a-226,350009c5-283e-4dc9-835d-6e804605e2a1,Max Tandon,67893-09627,mtandon@ymail.com,143 Date Nagar,Gurugram,190258
a-227,55ec8417-9076-46fc-977d-a830dfad2704,Yadavi Narula,9970349551,ynarula@rediffmail.com,168 Sarraf Zila,Delhi,936245
a-228,01d51d35-a39e-4d0d-b4b8-dab90bd206f2,Harish Vora,6853041924,hvora@gmail.com,76 Aurora Chowk,Mumbai,507256
a-229,aae654f9-640d-4342-b411-82e177e02981,Maanas Rout,9500550975,mrout@ymail.com,485 Borde Street,Nagpur,339228
a-230,34370d3a-845e-4d2f-8a2e-efb49597284d,Upasna Lanka,6412488335,ulanka@ymail.com,488 Rao Path,Kochi,873576
a-231,4060aa81-548e-4f5a-a104-886683ee4e59,Faris Narasimhan,7352764156,,132 Rai Circle,Chennai,127962
a-232,7d63e06d-07ee-4757-a426-c1bd6f8dfa09,Edhitha Sura,7463280522,esura@gmail.com,450 Banik Circle,Delhi,745075
a-233,ca87ef39-0fb0-459b-a649-aa269a19dab5,Ekapad Keer,8192673128,ekeer@ymail.com,468 Karan Road,Jaipur,545139
a-234,3c460b73-27bd-449c-8247-0159b4ad9d03,Gautam Saraf,8943511585,gsaraf@rediffmail.com,89 Chaudhry Zila,Pune,742227
a-235,e39d2f5a-06cc-4347-9e69-e04530a16431,S. Ganesan,8220917232,sganesan@rediffmail.com,17 Balakrishnan Road,Mumbai,934900
a-236,f8049f4a-e1c6-43c1-81a2-789973b5a5fd,Chakradhar Nair,7393333060,cnair@yahoo.com,101 Memon Nsgar,Bhopal,440758
a-237,1ee69a7a-b8c9-4fe5-9b16-7a2b2883316f,Jagrati Prasad,6575930707,jprasad@@rediffmail.com,422 shingra Marg,Hyderabad,
a-238,d9d34a09-209a-4017-b509-cd468daafea7,Yash Wali,8873094099,ywali@hotmail.com,385 Gole Marg,Mumbai,790187
a-239,552a96fa-bd89-476a-b51a-0fda3e86de0a,Onkar Gill,8777865830,ogill@rediffmail.com,138 Raja Zila,Chennai,130761
a-240,b16ab0ea-e26e-4c6d-a7f6-c8c1ef34eb53,Wridesh Tank,7293840812,wtank@ymail.com,445 Dhar,Lucknow,503394
a-241,68a41c8d-691f-4569-a688-ba7ba5ebebd2,Vincent Shenoy,6442350173,vshenoy@outlook.com,283 Sharaf Road,Gurugram,552260
a-242,dd88ef8e-5db6-432b-8dfe-0a3a085977d1,Aadhya Andra,08907495811,aandra@ymail.com,263 Mani Chowk,Nagpur,331049
a-243,4f5d4156-ce17-4d99-a25c-3e2eede6ded0,Nakul Borah,7219913537,nborah@yahoo.com,30 Pai Chowk,Delhi,625745
a-244,53003d42-0305-4c2f-8c76-b942918dc152,Chandani Samra,8522063139,csamra@yahpo.com,447 Shan Road,Bengaluru,160774
a-245,617a8150-9f3d-4edf-9848-d7416cfe7c7b,Chasmum Issac,7744417179,cissac@rediffmail.com,228 Subramanian Marg,Mumbai,628870
a-246,9d5fccae-51c7-4373-a92f-c8bc6592896a,Hredhaan Khalsa,9081596933,hkhalsa@yahoo.com,178 Parmer Marg,Gurugram,930120
a-247,f88a401a-45be-4956-af1c-a396cf2fcca7,Chakrika Merchant,8882476050,,327 Randhawa Nagar,Delhi,271040
a-248,aba890de-8c25-4489-b62c-a777b492ff4b,Anvi Anand,9987484183,aanand@ymail.com,184 Bawa,Pune,184618
a-249,c2b76c54-b90c-4e63-bc25-963eca0b6b58,Watika Mangat,7352631162,wmangat@yahoo.com,313 Pandey Ganj,Chandigarh,154567
a-250,56046fe9-0c21-4ecb-9d54-045a0130080f,Theodore Gupta,9703252925,tgupta@gmail.com,454 Krsihna,Kochi,580514
a-251,2bb04cb4-fd95-43c0-89b7-a107a51ef781,Laksh Chatterjee,09659840045,lchatterjee@gmail.com,64 More Nagar,Kochi,486188
a-252,1e387c0b-437d-4309-8398-5a19bf7c628e,Ridhi Bandi,9856964758,rbandi@outlook.com,434 Patla,Mumbai,751087
a-253,7449364f-3be8-4034-ab11-11b1490df517,Karan Chana,6876440183,kchana@rediffmail.com,352 Narain Road,Kochi,294642
a-254,c27ef336-8cbd-404e-967a-439b2777934c,Ojasvi Gill,8701221917,,305 Deo Ganj,Ahmedabad,899224
a-255,255cfe35-5a69-4d78-afb9-773d23766d7c,Jasmit Wali,6760809799,jwali@yahoo.com,378 Mahajan Circle,Kochi,135571
a-256,558d9ad3-2e85-4814-a35e-6564b69d7a62,Nitesh Kurian,6375542568,nkurian@outlook.com,497 Merchant Chowk,Bhopal,492522
a-257,89c8b8d7-75fa-4708-81e3-f4f397782511,Hamsini Contractor,9312211784,hcontractor@outlook.com,459 Borra Chowk,Bengaluru,262635
a-258,bf4da66b-e4d0-4c7f-b490-07d5af9a9794,Lohit Kara,8022393211,lkara@gmail.com,287 Pau Marg,Bengaluru,
a-259,a4803b8e-8cc6-4791-b5fd-46a7ca27b311,Rana Gautam,7831740628,grana@rediffmail.com,185 Lalla Nagar,Madras,439061
a-260,405121b5-9b4e-45d5-963b-4a13bb08c416,Jatin Sha,8057920700,jsha@ymail.com,431 Lala Path,Delhi,253287
a-261,ca4cf0e2-6770-487d-a85e-2c07114f2b80,Prabhu Lakshmi,9058724574,lprabhu@yahoo.com,397 Kaur Zila,Delhi,121380
a-262,1a4c2beb-ac39-4aaf-b085-61c3ebc26843,Urishilla Bakshi,7158902408,ubakshi@gmail.com,332 Narang,Bhopal,990181
a-263,eb7d68dd-82bc-435d-ab16-6b0a90906226,Timothy Bhatnagar,6335244363,tbhatnagar@rediffmail.com,126 Mittal Chowk,Chandigarh,
a-264,089d1892-95bd-4402-9dc5-0f1d2499180c,Nilima Dada,6651469802,ndada@hotmail.com,76 Bath Street,Chandigarh,884892
a-265,ddb525d8-c2d1-445b-8d99-a98f2d9ecc02,Baljiwan Modi,6920371085,bmodi@hotmail.com,378 D’Alia Chowk,Delhi,786025
a-266,aaf0ae38-f742-42ca-bd75-16b1f968c9c0,Gunbir Keer,6992315135,gkeer@outlook.com,298 Deshmukh Circle,Delhi,635669
a-267,fe3c168a-e3ba-40ae-96a1-9be8dfc17ef9,Lipika Setty,7822557283,lsetty@outlook.com,466 Zachariah Path,Ahmedabad,903286
a-268,9e52cad9-fb49-44ee-8231-54c33338b41f,Oni Dubey,6594313295,odubey@gmail.com,34 Chaudhary Marg,Ahmedabad,475220
a-269,1e4c91d8-7b68-42a1-b723-194305a7e1c1,Vrishti Reddy,9780199710,vreddy@gmail.com,346 Bali Road,Mumbai,278182
a-270,ca70c730-5b81-42aa-9696-a369959fe76f,Kamala Kalla,9785439619,kkalla@gmail.com,29 Saxena Chowk,Bglr,845377
a-271,4467df0e-e61d-400c-9ca9-677b6ea97e67,Patil Warinder,7941026534,wpatil@ymail.com,286 Pillai Zila,Cochin,780507
a-272,b4ce5af2-271a-4a89-b66f-6f066db02f9b,Jagrati Bhat,9536671627,jbhat@rediffmail.com,312 Majumdar Marg,Chandigarh,624679
a-273,d12ba42e-1dd2-4338-91a7-d6035f82e8bb,Ranveer Das,6285985630,rdas@hotmail.com,296 Chand Chowk,Gurugram,191073
a-274,a2a9b55e-6a93-4e85-8f86-c943487a445e,Simon Bail,+91-75952-37488,sbail@gmail.com,361 Nath Nagar,Bhopal,844695
a-275,a559d8f1-e570-421b-b494-d139dc309b56,Yagnesh Dass,9131139935,ydass@ymail.com,118 Jha,Delhi,145341
a-276,59e2e92f-5885-4266-a348-4731fcab0a0d,Ekapad Johal,9387885196,ejohal@ymail.com,479 Kalita,Bengaluru,834156
a-277,6a7ba732-1637-4c08-b267-97a07411daae,Viraj Narasimhan,9865956278,vnaradimhan@rediffmail.com,249 Agate Street,Nagpur,930971
a-278,1134d6c7-f4e9-4ea4-afd6-6ae123f56c76,Aradhana Dhillon,7872805969,adhillon@gmail.co,266 Zachariah Street,Gurugram,955445
a-279,a6d128ea-92f8-418c-bd5d-adfee9d61237,Zashil Ghosh,9120723831,zghosh@gmail.com,114 Bal Zila,Kochi,477788
a-280,eebeae0c-1f95-49e7-b157-87f277153fd4,Karan Aurora,7583762941,kaurora@ymail.com,456 Khanna Path,Hyderabad,246885
a-281,24e6b12c-2f25-4ec8-b9ad-ae24e88a9560,Ekiya Babu,8666565009,ebabu@ymail.com,293 Lanka Street,Kolkata,668156
a-282,359124e3-683a-4260-bda0-ef0bb5744df8,Charles Date,9535045382,cdate@gmail.com,264 Vora Marg,Delhi,111157
a-283,b7596653-c23f-4449-97c0-7e8c417a59b1,Ishaan Bhatt,8392552416,ibhatt@rediffmail.com,475 Sen Chowk,Pune,255634
a-284,f08e853f-0c3a-4e84-bfe2-47ad181e9c9a,Janaki Varghese,6224808666,jvarghese@gmil.com,373 Chopra,Nagpur,122536
a-285,66ceeca3-101c-42c0-9c22-c379df83a7d3,Siya Thakur,7070460930,sthakur@outlook.com,279 Bassi Ganj,Delhi,456458
a-286,ec297849-d72f-41d6-ba9a-e05ab642a513,Charvi Shanker,6626889119,cshanker@hotmail.com,13 Bhat Nagar,Hyderabad,590683
a-287,9c6cccda-f56e-45c4-b476-23a30f30a4e4,Varenya Ratti,7064832124,vratti@gmail.com,201 Chokshi Marg,Cochin,275165
a-288,1dfc8691-63c5-4ef3-adc0-b06f859c4469,Vritti Sawhney,9182794024,vsawhney@ymail.com,471 Buch Zila,Gurugram,687309
a-289,7e7c5ec9-4a67-42aa-8565-390debbee959,Ekanta Divan,8477401146,edivan@rediffmail.com,117 Date Zila,Chandigarh,700656
a-290,8ca65c60-3309-43dc-a9bc-d98e2f8fb4d2,Anvi Nair,9864370214,anair@yahoo.com,99 Wali Marg,Delhi,897980
a-291,29a4d0b6-e4a9-448f-a3d5-7058bdc9b457,Chaitaly Setty,7899325995,csetty@gmail.com,211 Sani Circle,Bhopal,
a-292,b2d1542f-f743-486d-a463-d63d6506e376,Hardik Contractor,8290548856,hcontractor@rediffmail.com,260 Kale Circle,Bengaluru,
a-293,f9f2ca43-a146-424a-8434-18d48caab1e1,Qushi Seth,+91-68317-78795,qseth@yahoo.vom,431 Sachdev Ganj,Lucknow,288349
a-294,955bbc64-74c7-4cbe-a035-3511974cef73,Harinakshi Setty,9706180914,hsetty@yahoo.com,407 Sagar Marg,Hyderabad,756468
a-295,63e497e9-e3b1-4264-914e-c490ac9cf83e,Girisnh Munshi,6345517238,gmunshi@rediffmail.com,198 Miunshi Marg,Bhopal,934253
a-296,39bb2391-cfa8-4072-85ab-024944960d66,Aadhya Prasad,8838607534,aprasad@yhoo.com,037 Som Street,Chennai,542448
a-297,96f37ca7-399f-42cc-ac98-3595a9d988da,Ekalinga Chand,7525147867,echand@gmail.com,171 Chander Zila,Ahmedabad,524692
a-298,3550687c-5351-4a82-9445-7c2ab37edaf2,Rachana Char,65627-73276,rchar@yahoo.com,128 De Path,Delhi,238142
a-299,75d797f1-a76e-4f64-94ae-9cefe161e8de,Darpan Narayan,6829481188,dnarayan@outlook.com,17 Roy Zilz,Hyderabad,443176
a-300,b816a14f-90df-4d3a-ae7f-355a27c79e2b,Irya Sampath,8503785704,isampath@outlook.com,446 Mani Nagar,Chandigarh,719876
a-301,1f033655-d44e-4080-908f-a48697d1a9fd,Devika Pandey,9902328108,dpandey@ymail.com,113 Tripathi Zila,Jaipur,678522
a-302,814b1e41-2811-46bd-be55-cad7ddaee2c8,Simon Dubey,7555982364,sdubey@hotmail.com,84 Kapur Chowk,Pune,110926
a-303,ed875e8d-e6c0-4445-968e-e8974004c575,Hritik Palla,6358807215,hpaolla@gmail.com,167 Pillai Circle,Delhi,222996
a-304,aead8f36-22b8-4ac3-849e-63dcbefe4d5c,Ishwar Mallick,6527059038,imallick@outlook.com,88 Kara,Gurgaon,263370
a-305,a9c55388-7dc3-4ed6-8911-bd1b8059ae14,Pushti Bal,6271749092,pbal@gmail.com,362 Loke,Ahmedabad,804484
a-306,e30948c0-5ec5-4aeb-bc8c-fc9c54cfbb19,Ayush Gole,7798565655,agole@hotmail.com,326 More Road,Jaipur,893869
a-307,37b0c648-3d93-4a29-8251-ae4caedbaccc,Harinakshi Panchal,6059540608,hpanchal@rediffmail.com,495 Golla Nagar,Jaipur,384187
a-308,bb2a1787-ffdd-4d22-8290-d079fd40f01d,Luke Rattan,6037636655,lrattan@gmail.com,130 Dhar Zila,Kolkata,898679
a-309,b0291194-3e65-49ef-8171-3174cf81aa62,Azaan Chand,6623327626,achand@rediffmail.com,270 Kale Circle,Gurugram,192990
a-310,08c1aad9-142f-415a-8ed5-b28846bef2ad,Krisha Saini,8047298805,ksaini@outlook.com,313 Om Chowk,Jaipur,852275
a-311,8cf0d1a3-96eb-4a54-a7b2-4a9215c624bb,Nakul Pingle,7904604561,npingle@yahoo.com,123 Nair Road,Gurugram,793355
a-312,fe8de679-5847-458f-8624-7885ad2c5448,Frado Ben,9100282640,fben@hotmail.com,15 Dugar Street,Gurugram,265427
a-313,b36361f9-e1eb-42fb-8d69-c7edb0fe33bd,C. Bumb,7419727660,cbumb@ymail.com,477 Savant Road,Gurugram,637053
a-314,87b8c033-4da4-4fd3-921c-20c2fa7110af,Sunder Panini,62885-71284,psunder@outlook.com,231 Sathe,Bengaluru,518690
a-315,bdef3c8b-9363-4070-8420-36c20dabcf3e,O. Mahajan,9642536017,omahajan@hotmail.com,217 Vala Ganj,Hyderabad,678850
a-316,5a8ff946-f9df-4a6e-a4f5-d54f0dc7a6d0,Ishaan Pai,7582500773,ipai@outlook.com,109 Choudhry Marg,Gurugram,288484
a-317,a2aee0fa-d7e7-476a-99bd-20af18f57886,Bhanumati Sur,8729469417,bsur@gmail.com,229 Morar Circle,Pune,388752
a-318,04827639-dfdd-4509-a222-08c0ebe5179f,Chakradev Kannan,8144818465,ckannan@yahoo.com,465 Bhakta Marg,Kolkata,
a-319,d9fb9854-2d20-4f87-a938-7d8957e14000,Abhimanyu Jayaraman,+91-60429-18212,ajayaraman@gmail.com,201 Kakar Road,Bhopal,511961
a-320,5924197e-d66b-4df0-8d05-df65be14ba1b,Laksh Kumer,6035334532,lkumer@hotmail.com,13 Narang Road,Mumbai,245682
a-321,53505664-f7e3-48f9-8050-5667a0343a34,Jagdish Amble,6189566659,jamble@fediffmail.com,45 Sani Chowk,Kochi,214172
a-322,26f1b8aa-b21c-46a6-b7fe-9d4c4dbcc8f7,Parth Dayal,+91-84134-93149,pdayal@hotmail.com,190 Walia Marg,Bhopal,660763
a-323,7b463f1e-a09f-4c74-9131-8b54cf1bad27,Victor Tella,7935678155,vtella@gmail.com,337 Pandya Circle,Jaipur,
a-324,2485ec1e-8db8-44ac-acb9-939a308f5b0f,Ekbal Ranganathan,7880277950,eranganathan@ymail.com,81 Sarin Nagar,Chandigarh,319706
a-325,f966c9e9-a6a6-4990-8a12-d3b7dfabc4e1,Anirudh Sharaf,76454-33655,asharaf@outlook.com,104 Munshi Zila,Chennai,
a-326,976557d5-cc98-4438-b827-7f21b4b59bd0,Pushti Ravel,9473709260,pravel@@gmail.com,493 Mann Marg,Bhopal,700149
a-327,610018ee-0be1-4027-a0ba-fe17b011d5c6,Ishwar Ravel,8274135709,iravel@outlook.com,437 Nair Nagar,Nagpur,251780
a-328,c2995bae-0738-4de9-9fc9-7f25026019cc,Onveer Sharma,7975136150,osharma@yahoo.com,124 Chakrabarti Path,Chennai,233152
a-329,dff1ac28-9586-4792-9024-15fe65f0ed2e,Rajeshri Cherian,9175129533,rcherian@ymail.com,142 Sarin Ganj,Lucknow,972813
a-330,16dd17ae-269f-42b5-ab44-cb377b5b54b7,Nandini Viswanathan,6621299548,nviswanathan@yahoo.com,327 Randhawa Zila,Kolkata,522219
a-331,af9c587f-8c81-4a0f-ab9b-a7f6a3e5838c,Dayita Nori,6682707610,dnori@rediffmail.com,121 Nath Ganj,Lucknow,887589
a-332,9bcbbb0c-6622-4f79-9ceb-1cd3428bb5a7,Om Bose,6667981395,obose@ymail.com,281 Comar Circle,Bhopal,244304
a-333,c834df11-3c8a-4015-83e5-8b65483f40c6,Yashvi Hari,9970686542,yhari@yahoo.com,373 Panchal Path,Mumbai,289078
a-334,f158e672-8b98-4cb2-ab68-4087ecb95247,Manbir Keer,8130772238,mkeer@hotmail.com,381 Dhingra Zila,Lucknow,630986
a-335,ef11b897-39f6-4779-a5ed-da1ca8661b92,Aahana Hora,9920534233,ahora@hotmail.com,371 Dua Street,Bhopal,738049
a-336,7025c260-4448-4010-a9a6-5c5f9f01ff40,Faqid Goel,7132880663,fgoel@hotmail.com,395 Shetty Chowk,Chennai,382739
a-337,1fdfdce5-2849-4561-b8db-633ca4a39dec,Saumya Naidu,6917769031,sniadu@outlook.com,318 Dora Path,Hyderabad,307092
a-338,db220aca-8424-493f-b07d-e7349d75f5e2,Ria Bir,7437291436,rbir@rediffmaio.com,459 Sathe Chowk,Kochi,788251
a-339,d0ce01d8-5ea4-4f37-abb6-1c81971f1845,Chavvi Maharaj,9607668446,cmaharaj@yahoo.com,76 Bhalla,Ahmedabad,187790
a-340,eee5b7a6-42d0-432e-b1b6-972478e84bbb,Indira Tripathi,9412183304,itripathi@ymail.com,205 Mukherjee Zila,Kolkata,638000
a-341,120566a8-b3b9-4556-936d-d101b7c9679c,Triya Seth,7059085708,tseth@gmail.com,453 Bhandari Nagar,Bengaluru,503611
a-342,ad9a1e8a-516c-4750-a689-0deed8e88b34,Jyoti Mangat,+91 92222 12637,jmangat@rediffmail.com,380 Cahna Zila,Mumbai,647926
a-343,c5e61221-0002-4b77-bba0-e1e61e39270c,Yashica Rajagopalan,8579381918,,482 Barman Chowk,Pune,508252
a-344,fb48c6b4-9055-46c2-9c0d-634afc0315a4,Shivani Guha,7362119921,sguha@gmail.com,479 Soni Path,Kolkata,175205
a-345,50733160-e0c3-4eb6-828d-6a98ef050da8,Yachana Dora,+91-83764-10923,ydora@rediffmai.com,128 Seshadri Nagar,Bangalore,708416
a-346,1d0023eb-fcaa-4655-a732-6fcd96decc54,Harshil Oza,7611768292,hoza@outlook.com,81 Thaman Zila,Bengaluru,506168
a-347,3cd5de1f-557a-426d-9721-e73b7ad6aee6,Orinder Baral,6161252166,obaral@rediffmajil.com,472 Sarma Ganj,Gurugram,508760
a-348,03cce109-a7d7-4460-8e60-1f04fc88a74d,Reva Viswanathan,8027575850,rviswanathan@gmail.com,388 Dutt Circle,Jaipur,188484
a-349,750ade25-c75c-42db-a85f-cf4b41ff0c2f,Januja Pradhan,7900284607,jpradhan@gmail.com,356 Ram Road,Jaipur,255721
a-350,479332da-15dd-410e-b1a9-5fc856b280ea,Nilima Nigam,6533813143,nnigam@gmail.com,36 Ben,Hyderabad,100742
a-351,5104513b-2ff9-4f18-81b1-0d112b794530,Gaurika Bhatti,9919910706,gbhatti@gmail.com,345C handra Path,Pune,380892
a-352,8d395457-ec56-490a-a126-bf203d14f4dd,Libni Mander,9629661759,lmander@hotmail.com,339 Doctor Road,Jaipur,168974
a-353,09c0b606-6af2-440e-b090-aafdf7979e14,Gauri Bumb,8005697284,gbumb@rediffmail.com,87 Dhaliwal,Gurugram,428210
a-354,c62d8e7c-6e19-4eb3-a8b6-5b37704cdba5,Inaya Mukherjee,6811522160,imukherjee@yahoo.com,277 Dayal Marg,Nagpur,754309
a-355,cfe910d0-228f-4bea-b144-d9bd34983ea6,Frado Mukherjee,7550515957,fmukherjee@yahoo.com,461 Puri Circle,Gurugram,449247
a-356,9e62992c-ce7b-46b3-914a-76f8cef567ca,Falguni Datta,9409202190,fdatta@outlook.com,176 Chander Circle,Ahmedabad,935413
a-357,b4eef4d5-94f4-4446-9666-088aecb8d6cf,Pallavi Trivedi,8187236082,ptrivedi@gmail.com,165 Badami Path,Nagpur,631191
a-358,15339a58-3d6b-477b-bc3f-062be33e7970,Janani More,7611789641,,325 Kala Street,Bengaluru,783932
a-359,1e9e1e3e-a9ab-4e5a-83bb-a2b7e6df7352,Prof. Harita Sunder,6530510149,hsunder@yahoo.com,143 Kara Ganj,Kolkata,200910
a-360,dd481c48-28c4-49cd-82d0-c69c7ce421e1,L. Dubey,9579721185,ldubey@yahoo.com,173 Merchant Zila,Lucknow,908424
a-361,ab597c16-c2a5-4719-bd97-51cf14240a4f,Harrison Tripathi,6955429460,htripathi@yahoo.com,402 Vyas Circle,Delhi,525315
a-362,9b895810-7e69-433a-8b8b-d67f58d05330,Baljiwan Nayar,6000162004,bnayar@ymail.com,170 Deep,Delhi,608784
a-363,12a39891-b622-41b4-b7b1-178e0a24dfd1,Krisha Dube,7931993516,kdube@redifmail.com,355 Golla Street,Nagpur,787069
a-364,655c3e1a-ca72-4f18-b9b3-fd28b77ed330,Noah Sarma,7513916640,nsarma@gmail.com,138 Roy Nagarf,Chennai,535121
a-365,b33c8eba-7916-4b94-a08e-a98b0e41d77d,Janya Khanna,+91 66140 01443,jkhanna@outlook.com,360 Mane Chowk,Chandigarh,674857
a-366,91b3a079-aa62-4551-a00d-317242398541,Saumya Kaur,6937948410,,471 Khare Circle,Kolkata,538283
a-367,ad56bc1d-138a-42ee-b191-50ce641bd9ef,Dayamai Singh,6730902045,dsingh@yahoo.com,36 Pillai Ganj,Bhopal,999467
a-368,0adea4ca-5351-4c4f-abd2-a65311f33003,Ridhi Shenoy,9642401781,rshenoy@gmail.com,43 Raja Road,Ahmedabad,591448
a-369,24292ce3-203c-4881-a417-43944be51839,Yadavi Wable,9718562894,,424 Edwin Marg,Nagpur,490631
a-370,91d40f90-749a-44e2-bc09-89ce94add64a,Ryan Devi,7260024313,rdevi@hotmail.com,262 Ben Road,Mumbai,
a-371,d57723d4-218a-47cb-bcea-1b2384a7f196,Vasana Prabhu,6378311165,vprabhu@hotmail.com,336 Chauhan Circle,Bhopal,568693
a-372,2891b04c-639f-475b-a0bd-9e907b72838f,Zaitra Dash,7380518003,zdash@yahoo.com,248 Chacko Road,Bhopal,796464
a-373,c5842120-6d2c-4050-90f5-76b084b68f54,Navene Mahajan,8616831325,nmahajan@ymail.com,298 Varghese Chowk,Nagpur,532547
a-374,739e1503-300b-4629-ba9d-215ddf0bdb81,Manan Sarkar,7631340850,msarkar@ymail.com,427 Kapadia Zila,Jaipur,724639
a-375,66048c7b-1eb9-41ec-bccc-47aab9918c8e,Shravya Palla,8069542902,spalla@gmail.com,433 Sachdeva Nagar,Cochin,481902
a-376,ab98a565-49a6-49b2-bf66-993d7c3f5ff9,Chatresh Randhawa,8695995412,crandhawa@ymail.com,70 Prakash Circle,Ahmedabad,282409
a-377,6eeafad9-69ac-4e11-a440-0c87bfba9cd5,Warinder Raju,6789807106,wraju@hotmail.com,324 Prasad Zila,Lucknow,125509
a-378,dc372db9-42c6-4e19-b60f-f7c92424aaa8,Udarsh Bala,7908884532,ubala@ymail.com,253 Chaudhary Path,Pune,571080
a-379,93643ab7-0b68-4b0e-8888-92100c31acd9,Gautami Dhingra,8550426246,gdhingra@gmail.com,393 Barad Street,Nagpur,220579
a-380,dc7a55df-198d-43e0-bc6c-25b1f0409eec,Bhavini Sodhi,7326143135,bsodhi@rediffmail.com,44 Singh Street,Delhi,874690
a-381,8cf57dfd-fd4a-4b54-82b0-7d7137cb8452,S. Ahluwalia,8515994270,sahluwalia@gmail.com,281 Bahl Zila,Pune,839451
a-382,05270c26-dc0e-4056-95c6-4b05b4ced7ad,Aahana Kale,8532710083,akale@gmail.com,439 Wable Stredet,Pune,106376
a-383,13b2b228-4b62-49fd-befd-64a25bc243c8,Pallavi Choudhry,7398068560,pchoudhry@gmail.com,18 Khanna Road,Kochi,780891
a-384,6b28f062-ed6d-4749-92ed-1abb45c156c0,Charvi Dara,6900072447,cdara@hotmail.com,4 Khare Nagar,Delhi,943807
a-385,6b7a25cb-daad-458d-8f0a-d7772825d568,Shankar Oni,6633437984,oshankar@outlook.com,224 Choudhry Zila,Mumbai,813717
a-386,8f460e57-cc9c-4ab4-8cd7-c814f85f9cd6,Xalak Wason,8488491925,xwason@yahoo.com,221 Varma Nagar,Hyderabad,
a-387,d037464b-9bc4-4896-8133-1ffec764a200,W. Dhawan,8617263772,wdhawan@outlook.com,249 Sanghvi Road,Bhopal,606683
a-388,45e28c6a-f603-4dda-86e4-83e62cb6fd69,Aarav Pandit,8631582777,apandit@hotmail.com,196 Saha Ganj,Nagpur,870365
a-389,22dc829c-4071-4eae-9c86-cf763adc2f47,Rachit Chada,7066970574,rchada@hotmail.com,405 Patel Circle,Nagpur,613457
a-390,6b4a49d9-6960-432c-af25-fe111814198b,Ekansh Vora,8719294987,evora@ymail.com,305 Tripathi Circle,Ahmedabad,963165
a-391,5936daad-f753-4c1b-b227-afee59a14d27,Yashica Bahri,8568815375,ybahri@ymail.com,216 Singhal Marg,Chandigarh,788838
a-392,bc18554c-8551-4acb-a13c-939b30a7713a,Caleb Ram,09440900401,cram@outlook.com,352 Kulkarni Path,Hyderabad,853854
a-393,c3d10b23-b179-4c54-a53b-3ea7c0519078,Amol Parikh,9122387558,aparikh@hotmail.com,113 Pai Zila,Kochi,632958
a-394,bad3d025-8100-4c84-bc90-c647db29df4a,Wridesh Chawla,9911284865,wchawla@yahoo.com,172 Natarsajan,Pune,532071
a-395,c95b6a13-6aba-4de7-ae3a-66e3b9d9372f,Kiaan Basu,9459564557,kbasu@outlook.com,252 Nigam Path,Bengaluru,819195
a-396,b41bb6ff-a48a-4423-ae73-ad3b51f49a4e,Parth Shetty,7878045823,pshetty@yahoo.com,381 Gopal Chowk,Delhi,976012
a-397,aa41a00b-687a-47c4-a198-30a00509c2ca,Krishna Bhatnagar,7353184277,kbhatnagar@gmail.com,37 Bansal Chowk,Bhopal,501158
a-398,5f067663-a27a-474a-9880-0a725f42cbcd,Chaaya Jaggi,8739889314,cjaggi@rediffmail.com,389 Iyengar Nagar,Lucknow,461528
a-399,0dba9e4f-2815-47f3-8ead-173d667f3570,Benjamin Mutti,6840204958,bmutti@rediffmail.com,441 Varma Road,Bengaluru,395263
a-400,8ea53c3f-a00a-493f-834f-cb9cb9d3ee32,Mitali Solanki,7105924970,msolanki@outlook.com,73 Bansal Road,Kochi,358151
a-401,6e86dc70-c89f-415d-98f0-495ac69ee428,Rayaan Mangal,7633560896,rmangal@outlook.com,347 Batta Path,Kolkata,303200
a-402,17c65d57-cff1-468f-b1b5-8fc6c6089ae2,Garima Mahajan,7956227418,gmahajan@hotmail.com,334 Pillai Zila,Chandigarh,388525
a-403,39fdf278-8a11-4a96-a013-fd4d9fe8d20f,Rajeshri Ratta,9611217955,rratta@rediffmail.com,208 Raju Chowk,Kolkata,705194
a-404,be2d80a8-e87d-4c2d-9c3e-52709d19430d,Smt. Harinakshi Grover,6228556270,hgrover@gmail.com,408 Tank Chowk,Jaipur,839913
a-405,384c26e9-74fd-4a4f-a6bc-4e8a4d9c0134,Jhalak Venkataraman,7323224872,jvenkataraman@ymail..com,105 Butala Road,Kochi,780289
a-406,59e807ea-9957-49e8-820c-1a7a6e00d8e3,Panini Brar,9051846850,pbrar@yahoo.com,107 Gole Marg,Gurugram,385889
a-407,da2c14e2-3d8c-445c-88c7-61d86bff5e9c,Chaaya Nagi,72243-23193,cnagi@bmail.com,288 Buch Zila,Kolkata,711505
a-408,265d95e0-cd56-470d-b222-cb0f4f35e4bc,Falak Merchant,6397783395,fmerchant@yahoo.com,139 Sehgal Road,Gurugram,366628
a-409,87961e9b-a986-499d-a7f8-b059c919a461,Pooja Ganesan,9474017053,pganesan@hotmail.com,476 Panchal Chowk,Bengaluru,253902
a-410,7fddb497-865f-410c-9c03-c27bc3d75706,Sanya Basak,6660752794,sbasak@yahoo.com,150 Saran Path,Kochi,135019
a-411,057729a9-518e-4e54-a972-ae3dec398bab,Anvi Bhandari,8802459650,abhandari@gmail.com,77 Ravi Zila,Bengaluru,487023
a-412,adb2d5e5-2ff6-45d5-9990-9d616eb2f2ba,Januja Varghese,9778179957,jvarghese@ymail.com,426 Balasubramanian Street,Chandigarh,495131
a-413,e0f4e8b8-199d-49d1-8e7c-44c75d80a2cc,Luke Sarma,9954165568,lsarma@gmail.com,216 Date Nagar,Pune,821620
a-414,d5f2f5a8-1862-4394-8981-61e71299d32a,E. Keer,8257175929,ekeer@hotmail.com,287 Pathk Path,Chandigarh,965696
a-415,058ef106-6952-43db-b0b5-02cee6efc082,L. Bali,6247977462,lbali@hotmail.com,95 Dube,Kochi,977465
a-416,a93b91be-5eb4-4382-acb3-e9c1de896373,Shivani Prabhakar,6722887352,sprabhakar@ymail.com,43 Sawhney Path,Bengaluru,181123
a-417,cb2fb326-5221-49fc-92d3-0b7a50feb053,Faraj Devan,8433422209,fdevan@yahoo.com,83 Peri Circle,Chennai,776180
a-418,f982ea4a-fc0c-42a1-a491-dba70d759bf0,Mitali Murthy,7280478523,mmurthy@yahoo.com,331 Krish Road,Pune,179551
a-419,62e51ecf-71ab-4dc2-b3ed-c31a1eb03af6,Ishaan Bal,7668473447,ibal@outlook.com,40 Tata Street,Hyderabad,
a-420,d0691787-62e6-4c20-8403-2ded46575859,Zarna Ram,7829423569,zram@yahoo.com,480 Dalal Circle,Lucknow,176477
a-421,74dd498b-f415-4fa6-85cc-d97dbea142c7,Lad Adweta,6263008115,alad@gmail.com,326 Kala Chowk,Lucknow,728329
a-422,9f4ee70c-8a7c-4e28-a3ce-f273168085aa,Bhavika Swaminathan,6210220351,bswaminarthan@yahoo.com,11 Das Ganj,Lucknow,473752
a-423,6e364db8-fe78-4e6e-9a62-5c4f50fde763,Krishna Borah,8927958185,kborah@yahoo.com,31 Gera Chowk,Gurugram,666626
a-424,b931b68e-0022-4507-baf2-5d8cd93312b9,Sai Chahal,6216886746,schahal@gmail.com,269 Palan Path,Nagpur,485032
a-425,4c7bcec8-5a04-4b69-904b-de908edd5d78,Dhruv Mannan,7213896664,dmannan@hotmail.com,310 Dugar Road,Hyderabad,590484
a-426,8af5b6dc-6ea5-49a4-95c9-a183bfa112a7,Owen Pathak,6476907742,opathak@hotmial.com,341 Kapur Circle,Delhi,361278
a-427,b6786c87-7162-4c6c-a736-a18129361747,Iyer Jairaj,6985376752,jiyer@gmail.com,142 Khalsa Street,Mumbai,647315
a-428,1347356f-196a-4914-a171-1204eea64f78,Wakeeta Bal,9346223714,wbal@rediffmail.com,353 Pillay Path,Nagpur,430068
a-429,b94d582a-85b3-4f9e-8942-52ab63169077,Unni Dayal,9603295325,udayal@gmail.com,129 Chadha,Chandigarh,125397
a-430,f5fcd227-2724-43f3-ba33-c32481671d05,Dominic More,9211815964,dmore@yahoo.com,1 Srinivas Marg,Chennai,433565
a-431,acd30194-a6f7-44fc-a1d3-201688b971d9,Nirja Rout,7759478429,nrout@yahoo.com,20 Borah,Chandigarh,476727
a-432,f17125f3-4e9f-4d9e-98cd-17be26e1a14f,Jeremiah Nadig,7251864575,jnadig@ymai.lcom,462 Sengupta Zila,Chandigarh,936036
a-433,483cd31a-0292-465f-9117-7d811a7122ab,Unnati Varughese,9141417877,uvarughese@yahoo.com,265 Dave Path,Bengaluru,460059
a-434,fc66e962-571f-438d-8888-5a651997962d,Qabil Dayal,9556815048,qdayal@ymail.com,142 Thakkar Marg,Mumbai,513013
a-435,49839358-0763-4e45-9c05-46ec4b8fb210,Christopher Dash,8953674428,,88 Dua Circle,Delhi,463650
a-436,bb430b96-3eb5-463c-9942-9a8237aa05b4,Daksha Gala,8257801096,dgala@outlook.com,395 Naidu Street,Kolkata,383416
a-437,3ed5b212-5162-45ed-8243-872f6dd7e2d1,Pal Umang,7024326447,upal@gmail.com,180 Mander Circle,Bengaluru,645701
a-438,88969a4b-31d6-4c1d-9a7f-e86ca6dba655,Farhan Krishna,8812832708,fkrishna@ymail.com,428 Maharaj Ganj,Chennai,391650
a-439,b6fa221b-afcc-460e-b91c-5e653de0c556,Jeremiah Mitter,9771005291,jmitter@ymail.com,334 Walla,Nagpur,668525
a-440,69b07d28-e433-4e30-9e7a-9d6ecf78d411,Girik Thakkar,6169293304,gthakkar@hotmail.com,332 Dube Street,Delhi,575704
a-441,07ad050e-08be-42a7-818c-af233831e7af,Onveer Nazareth,9519571596,onazareth@yahoo.com,454 Barman,Chennai,666167
a-442,20c56312-20f2-4d6f-ae82-5a38cf315822,Ayush Bumb,83054-05220,abumb@hotmail.com,109 Lanka aNgar,Ahmedabad,970732
a-443,6cd9da3c-c2ab-483e-99cc-9d03ca2b28ab,Shivansh Saha,9498954708,ssaha@yahoo.com,4 Balasubramanian,Ahmedabad,156915
a-444,deadb03d-8287-454d-a027-d489f3911891,Widisha Mann,7731167239,wmann@ymail.com,207 Subramanian Road,Mumbai,
a-445,c34a05ee-2a67-4a8c-9342-020bc90bca6c,Yash Ravi,7714126229,yravi@yahoo.com,95 Setth Road,Chennai,159250
a-446,f3b38131-c1fd-466a-bee0-9b50fe6aa06c,Elijah Bhasin,8628490378,ebhasin@yahoo.com,490 Sarraf Street,Jaipur,327871
a-447,48d8c882-a072-492e-8037-e55a2ceaa4c5,Ojasvi Sule,9294666646,osule@ymail.com,195 Jani Chowk,Bhopal,759294
a-448,987151d2-ff3b-41e5-8571-4071bb453784,Harini Dhawan,8810363885,hdhawan@hotmail.com,21 Nagar Path,Lucknow,290031
a-449,a9a2e15d-f001-4e15-af5c-afb759f5e470,Hemani Rastogi,6697452623,hrastogi@yahoo.com,168 Prabhakar Street,Gurugram,725833
a-450,735913f4-79cf-4a1e-8b47-2665bee9a76c,Yutika Cherian,8154468381,ycherian@yahoo.com,156 Khurana Pah,Nagpur,262796
a-451,6f450448-f994-49bc-8099-f9b1df4106d1,Unnati Das,9777145211,udas@rediffmail.com,328 Sengupta Road,Chandigarh,537309
a-452,e1d01668-abb3-456f-9190-32a6da17766f,Yug Dhaliwal,6734664910,ydhaliwal@gmail.com,407 Bedi Zila,Bhopal,894009
a-453,34be468a-efd3-48e1-aa60-58ec3043234c,B. Rajagopalan,6941332271,brajagopalan@yahoo.com,234 Sahota,Jaipur,152608
a-454,ba88bb2f-03d4-4d26-8731-22387f564733,Yuvraj Dutta,81061-41775,ydutta@ymail.com,218 Munshi Path,Jaipur,120119
a-455,15ff498f-eca6-4a78-b159-4b4e6bca4550,Ranveer Dutta,8163659425,rdutta@outlook.com,220 Varma Chowk,Delhi,292904
a-456,02d0e6d3-b5ef-42e4-97d2-53c5c3fc199c,Unni Tara,6970759453,utara@yahoo.com,309 Tank Road,Bhopal,707800
a-457,f1ac77f3-9068-4c8c-bc9c-57cc9f777998,Arin Chana,9328538935,achana@hotmail.com,351 Tiwari Marg,Ahmedabad,405645
a-458,a12c9be8-eba8-4fa3-80f3-2bbb500f0ec8,Tanvi Khosla,7496105845,tkhosla@rediffmail.com,258 Pandit Ganj,Bhopal,464128
a-459,49fb92b5-05e9-4f2c-ad8f-b3cb62357ba2,Chanakya Bedi,7151530150,cbedi@ymail.com,379 Talwar Road,Lucknow,145059
a-460,f895beb0-4dde-45c9-ace9-616f48b2d113,Upma Mangal,8700354420,umangal@gmail.com,50 Anand Circle,Hyderabad,100373
a-461,3cc25ee8-aee8-4109-9dc8-32123d05e4ad,Hritik Sankar,6453444750,hsankar@gmail.com,205 Lalla Street,Pune,987077
a-462,f594b63f-6e15-4bb6-adcd-f70413e334fd,Jasmit Rau,6656258331,jrau@outlook.com,17 Bath Path,Pune,307568
a-463,4e65ffc9-47e3-4a20-a914-398e540a7e58,Nandini Behl,8648927392,nbehl@yahlo.com,357 Hayer,Pune,458831
a-464,3e1bfc7b-5751-467d-a358-36eb926620f8,Janani Mani,9966817718,jmani@rediffmail.com,174 Raju Zila,Lucknow,601056
a-465,3a5f678d-4d0a-4d9b-bd8f-fcd5a966dee6,Yamini Seshadri,6911094204,yseshadri@rediffmail.com,497 Mammen Circle,Chandigarh,686987
a-466,d52f65ce-f529-4fd8-afa9-161b6b7ed717,Jagat Dave,8910861816,jdave@yahoo.com,36 Rameesh Zila,Delhi,992703
a-467,676903b3-1657-4c3d-a538-505bb15ae610,Kashvi Nori,8972160548,knori@yahoo.com,381 Pau Circle,Lucknow,125838
a-468,fa283daf-9086-4b77-b6d4-852e1cd7b04e,M. Issac,6550106301,missac@ymail.com,128 Upadhyay,Pune,334540
a-469,003b818e-815f-4c68-85d7-7a415d6fb3be,Neelima Tella,7418258768,,481 Bath Nagar,Bengaluru,772288
a-470,0b653fde-16d3-4276-b5d3-78894b7247a0,Balvan Devan,6473770514,bdevan@hotmail.com,403 Som Path,Nagpur,721100
a-471,e0d6bfda-df03-4a4f-8b49-5205ea16eef9,Zilmil Shan,9981445574,zshan@yahoo.com,229 Varma Street,Lucknow,671831
a-472,512a1612-ae54-4cd7-8b98-cd07abb77e8f,Logan Narang,9232111450,lnarang@ymail.com,338 Nagar,Madras,642559
a-473,e1ff94af-33d9-4eb4-85ca-06835fa4d151,Nicholas Ramaswamy,9925978425,nramaswamy@rediffmail.com,464 Mistry,Pune,551925
a-474,db61cbdc-1867-4e17-b796-2b36518481e0,Gayathri Tripathi,9570759441,gtripathi@ediffmail.com,351 Walia Circle,Pune,547936
a-475,8a80929d-1a37-43c8-a7c4-3721d32a700a,Vrishti Mistry,7988257909,vmistry@hotmail.com,65 Badal Chowk,Bengaluru,557383
a-476,4302b610-94d3-4c31-bb11-2e13a29021c3,Jyoti Narula,6999259961,jnarula@gmail.com,130  Saha Zila,Bhopal,940336
a-477,eef2c678-1a5c-4540-a892-bfb6cee0f02f,Darika Bala,9442415952,dbala@rediffmail.com,410 Som,Jaipur,
a-478,954ea0a0-ab2e-4306-9aff-3585720225e1,Alka Kari,7702135137,akari@ymail.com,8 Srinivasan Nagar,Nagpur,386031
a-479,3ac587da-d1ab-47c1-a9d2-9e65f1b0ec96,Onkar Viswanathan,7782046498,oviswanathan@rediffmail.com,11 Rai,Gurugram,309448
a-480,3a75cfbd-2b99-4d60-a2f9-0dd7e690033b,Manbir Kibe,8066082853,mkibe@gmail.com,9 Choudhary Nagar,Chandigarh,915598
a-481,a6caaa04-4582-42f4-83f9-62062511bdcb,Bahl Rayaan,6693084086,rbahl@gmail.com,130 Murthy Chowk,Bhopal,947418
a-482,074e1bf3-9cc2-43fe-acc3-1ac482ad4a74,Omya Doshi,9810165025,odoshi@rediffmail.com,172 Jani Marg,Ahmedabad,624458
a-483,8ba979e4-fe3b-423d-8db1-09b15a47d7db,Nirja Thaker,8485190664,nthaker@gmail.com,246 Sinha,Bhopal,755106
a-484,373493fa-0815-48fe-85e0-a4be2e59e898,David Devi,7646772759,ddevi@outlook.com,446 Johal Circle,Nagpur,
a-485,1e2e1583-0021-4015-baed-662a7aa5b5f0,Ekta Sridhar,7754174028,esridhar@gmail.com,203 Puri Cicrle,Mumbai,
a-486,cc62f251-4e51-464c-bd9d-9e39a8b48e37,Dipta Ghose,6477178209,dghose@outlook.com,388 Walia Chowk,Jaipur,289306
a-487,58cb7533-8717-411f-a9be-a2c2f1409843,Hema Pandya,9595351871,hpandya@outlook.com,269 Sule Road,Ahmedabad,195205
a-488,bed63ec7-9a6d-4fae-a63e-4acc9bb460c7,Rehaan Koshy,8035461473,rkoshy@gmail.com,424 Misra Road,Ahmedabad,322939
a-489,398701e0-2228-4bc1-b780-d629cdc8137e,Umang Mishra,+91-65274-95594,umishra@hotmail.com,186 Johal Road,Gurugram,558486
a-490,54b79303-8a2d-494a-837c-92000f6d74ad,Vrinda Nadig,6772162979,vnadoig@outlook.com,469Palla Chowk,Hyderabad,682029
a-491,a199ce2f-4248-4591-84d5-5a2339597d24,Anusha Mani,7615622352,amani@hotmail.com,272 Rgahavan Zila,Ahmedabad,358902
a-492,a68a3e91-e28c-44cd-b324-28d447764662,Megha Pai,06938988137,mpai@outlook.com,3 Mannan Street,Kolkata,357859
a-493,e00f111c-960a-45e7-9753-437589f936af,Brijesh Mani,7334023186,bmani@ymail.com,281 Pal Zila,Kolkata,378599
a-494,dc6513a9-2721-4254-9eb0-29879823513c,Riya Kunda,7257018596,kunda@outlook.com,449 Kala Chowk,Hyderabad,544855
a-495,2978c153-eb72-4a35-9293-27f826008daa,Saksham Yohannan,6653078746,syohannan@hotmail.com,179 Magar Road,Hyderabad,712252
a-496,316a5347-19c5-4804-a8c4-dca5d7a87a13,Laksh Chopra,6513699820,lchopra@ymail.com,461 Khatri,Madras,878533
a-497,15e08d75-7daf-4ae2-9e9a-cba2758f63de,Xavier Bedi,7163582684,xbedi@ymail.com,224 Kara Circle,Bangalore,943431
a-498,e4509b88-6fd9-40ff-a14b-61861a8813de,Viraj Ben,6386237117,vben@yahoo.com,382 Sachdev Zila,Gurugram,741129
a-499,83992fdb-7e4a-4f17-9d5f-43c506062b72,Ganga Sodhi,9710203940,gsodhi@hotmail.com,110 Devan Zila,Chandigarh,290785
a-500,93260e30-8e17-4762-9257-9dc1d3aac41f,Ms. Abdul Dugar,7767401437,adugar@hotmail.com,430 Soni Marg,Bengaluru,705820
a-501,a91a646e-b65d-4fdd-8a43-6d4c84c1029e,Vansha Iyengar,8758891512,viyengar@yahoo.com,323 Nagi Road,Delhi,776669
a-502,4fa9d18e-a4db-4b0c-9ba0-64b9811f7bf7,Bhavika Bhargava,6705497984,bbhargava@rediffmail.com,6 Kata Zila,Gurugram,982277
a-503,b904cf80-d9ad-4a1d-92d8-0d178a0c3b05,Baljiwan Gill,6956763668,bgill@hotmail.com,251 Goda Marg,Cochin,855942
a-504,1526547e-4641-4724-9e4b-035b946e4886,Balhaar Ranganathan,9711390104,branganathan@ymail.com,342 Grewal Chowk,Lucknow,476973
a-505,15e16a00-fec2-4b79-bdda-fdacd4ba5158,Bimala Barad,9221742204,bbarad@rediffmail.com,118 Misra Nagar,Delhi,
a-506,36b21c3e-69bd-4202-837f-344645b54ae0,Hredhaan Nayak,8875730376,hnayak@ymail.com,498 Sha Road,Kolkata,238862
a-507,086fae4d-43b5-4516-8f1f-58e039e578d3,Wakeeta Desai,6569720659,wdesai@outlook.com,251 Sidhu Circle,Chandigarh,188878
a-508,cbde4813-50f4-4bae-9f16-8bad1d0aa7a9,Anjali Hans,7488138908,ahans@hotmail.com,295 Narayanan Zila,Chennai,733501
a-509,6e59cda4-2440-402f-8a6c-30e2171d13da,Nicholas Shanker,9796657054,nshanker@ymail.com,37 Grewal Road,Gurugram,951449
a-510,20758b2e-790b-40ea-a4d1-da54a6983903,Akshay Nazareth,7970242198,anazareth@hotmail.com,108 Hans Road,Kolkata,884534
a-511,e6be6edb-a0cf-4de4-b6a1-c1372c16c5b7,Parth Ravi,8396936367,pravi@yahoo.com,468 Varma Marg,Hyderabad,508905
a-512,e0086a49-b4b7-4c95-94b1-d222fc14e679,Chadha Falak,9184306748,fchadha@yahoo.com,276 Chandrna Marg,Mumbai,194959
a-513,f431f91b-0c6d-40a2-b029-739f32c20047,Qasim Dey,+91 76522 69769,qdey@ymail.com,253 Naik Chowk,Jaipur,600887
a-514,b6377245-3434-40b4-a8e6-04a6928bc6f5,Yuvraj Ahuja,7411232146,yahuja@yahoo.com,267 Rajagopal Road,Chandigarh,882955
a-515,e8d74879-f7a3-4a6f-8634-f9098fda7e59,Warinder Sekhon,7061192521,wsekhon@gmail.com,9 Narayan Road,Bengaluru,867825
a-516,54347acd-cb0a-4673-995b-5120f06358ae,Chasmum Apte,9691273842,capte@ymail.com,275 Parsa Road,Delhi,614187
a-517,a32ba6af-3ecc-4bd2-8c5e-9beaf3386168,Warinder Bhatia,7784811954,wbhatia@gmail.com,145 Shroff Zila,Mumbai,696961
a-518,db3a1146-e57a-45af-a613-53288d5bf472,Damyanti Dutta,6451468933,ddutta@ymail.com,346 Thakkar Marg,Pune,246967
a-519,306dda13-1871-46c9-b91b-e8df8d9183b7,Deepa Dalal,+91-68206-61014,ddalal@gmail.com,351 Pilla Road,Delhi,993375
a-520,9b30fd73-5274-426b-8482-48db061e17c6,Timothy Kanda,6372779330,tkanda@yahoo.com,140 Sridhar Street,Nagpur,945306
a-521,864b7466-832e-442b-848b-7e7a78efbe3c,Michael Sha,7724778433,msha@rediffmail.com,210 Prakash,Kochi,104691
a-522,572d044c-d4b0-45d0-ac6a-21160ce83980,Ojasvi Sinha,9499473832,osinha@gmail.com,421 Kamdar Circle,Ahmedabad,899794
a-523,6d452291-cc0a-4c10-8664-9c31e686a4d9,Yug Bumb,6034742264,ybumb@ymail.com,220 Sekhon Circle,Pune,494937
a-524,b23ac99c-dac2-48c5-a403-f61190df78c4,Janaki Brahmbhatt,80531-44157,jbrahmbhatt@yahoo.com,483 Choudhury,Hyderabad,478910
a-525,fdffdf57-fb07-48a3-b8ca-963cff057ee2,David Tiwari,9220674134,dtiwari@ymail.com,62 Yadav Ganj,Hyderabad,
a-526,3969c339-93ee-4d74-aa9f-75c7aff7795d,Mason Gala,+91-87610-31265,mgala@yahoo.com,9 Venkatesh Path,Bhopal,442097
a-527,7c265932-5fc6-473f-8903-a1875f0d8707,Riya Dada,6205456389,rdada@gmail.com,460 Suresn Ganj,Delhi,596214
a-528,a8fc9eee-70a3-4652-95e9-6c806d95d2dc,Gavin Uppal,7892544694,guppal@gmail.com,458 Bhakta Cowk,Hyderabad,275134
a-529,b157df36-10fe-448c-b515-9cb5f787560b,Sudiksha Deo,9851462560,sdeo@outlook.com,369 Sagar Circle,Ahmedabad,533077
a-530,97b3f814-9e85-47c0-8602-9246dbaa63c5,Tanmaiy Bhardwaj,7600490704,tbhardwaj@hotmail.com,234 Shere Circle,Lucknow,333769
a-531,5555a351-ea23-46b6-a18a-e5bf3e9fac59,Darika Bains,7699925399,dbains@ymail.com,82 Kumar Marg,Lucknow,596160
a-532,97cc732e-affd-4bff-950f-02305f095272,Aarush Kamdar,8448072995,akamdar@yahoo.com,117 Bora,Chennai,223219
a-533,031e95d0-a487-48f7-aa70-ccba17775c14,Chakradev Sampath,9575412403,csampath@hotmail.com,236 Bhatt Path,Ahmedabad,711262
a-534,e3e1cbf0-9696-41a8-8141-936d18675e07,Darpan Biswas,8444515268,dbiswas@outlook.com,194 Balay Chowk,Pune,756919
a-535,a42037aa-29a4-4460-8475-3bb4742c10fb,Bhavini Rege,6759595374,brege@yahoo.com,237 Deshmukh Street,Bengaluru,299337
a-536,ea88a34c-59f5-430a-bc89-aaaea20e949b,Osha Prasad,7819487791,oprasad@outlook.com,50 Sen Marg,Pune,365711
a-537,3c7e01e1-27fd-4570-9099-cb6c547690a5,Krishna Prashad,7688040818,kprashad@gmail.com,8 Zacharia Zila,Gurugram,258604
a-538,883782c6-ff2e-4608-9dd3-a133edf5ce5e,Kiaan Pall,7230351164,kpall@gmail.com,374 Gokhale Zila,Delhi,721715
a-539,6d65f405-0881-4e8d-a68c-5947e26bc3ce,Maya Wadhwa,9318019546,mwadhwa@outlook.com,307 Kapoor Street,Kochi,166627
a-540,51a8e43c-8a56-4d34-ac7c-4971f90c15eb,Aarush Bajaj,9229786915,abajaj@yahoo.com,199 Sheth Road,Ahmedabad,211391
a-541,127bce38-5315-4e93-a2ba-30aea48c4d52,Panini Wali,+91 75256 25752,pwali@outlook.com,396 Karpe Marg,Lucknow,414416
a-542,c9ed6fd8-9a1b-4bd4-a7fb-ea1bf5a0b01b,Yug Sharma,+91-75195-76337,ysharma@ymail.com,64 Dubey Path,Hyderabad,899971
a-543,2d7a26b1-34cf-4733-86cb-1c7b982daf0e,Anya Gulati,7693292445,agulati@yahoo.com,339 Balay Zila,Kochi,858523
a-544,42b3dde0-d861-4c24-a880-cdb5d8e55afd,Oni Babu,8687774628,obabu@yahoo.com,442 Jhaveri Ganj,Kolkata,988495
a-545,dc2e2c63-cda0-42e8-afc0-f0f0796b38df,Ekalinga Chaudhuri,9512642712,echaudhuri@hotmail.com,20 Bandi,Jaipur,406309
a-546,b0d93329-edc2-48ba-a757-984604157d92,Sanya Bava,9371659149,sbava@hotmail.com,329 Basu Ganj,Delhi,158383
a-547,bcb5f9c1-9f48-48dd-87c5-39a15bd177a9,Neelima Sarna,7138264373,nsarna@yahoo.com,265 Zacharia Ganj,Bhopal,694945
a-548,f7a31730-88e5-4e66-a958-bcdb41b1cc61,Teerth Bhalla,7466173879,tbhalla@outlook.com,264 Thkur Street,Gurugram,342320
a-549,6a04d5a7-e2aa-43a8-9707-eeb0d9b78394,Bimala Kaur,8699558054,bkaur@rediffmail.com,400 Nagar,Bglr,320619
a-550,4a52343e-4791-4114-9f20-645c94100eac,Ekani Khalsa,8628962924,ekhalsa@ymail.com,260 Dhar Road,Kolkata,356071
a-551,cfc8d55e-9168-4805-8cde-7851e8a8b694,Timothy Sachdev,6710452223,tsachdev@gmail.com,6 Maharaj Road,Kochi,300647
a-552,ee2c7769-959a-400f-84eb-1077d1d74983,Darsh Gill,8568013689,dgill@outlook.com,205 aTndon Marg,Bengaluru,656041
a-553,c6bba44e-5f27-4e33-9dbb-325562f8429a,Champak Padmanabhan,9391972637,cpafdmanabhan@gmail.com,123 Vohra Marg,Kolkata,791155
a-554,4dddf85a-85ff-4ca9-b1ab-729860c37751,Er. Eiravati Saha,6292140382,esaha@rediffmail.com,245 Dixit Marg,Lucknow,598539
a-555,5e0951c4-b067-4da3-90aa-a82a1d434bf0,Charita Puri,6949356325,cpuri@outlook.com,131 Yogi Street,Kolkata,925137
a-556,84a82288-da41-4013-a34f-51346673b1f7,Urvashi Khosla,7676687842,ukhosla@yahoo.com,306 Mital Ganj,Bengaluru,688354
a-557,4d9a62eb-f681-4f5f-b9eb-05d7cc3cf988,Maanas Sheth,6028574469,msheth@hotmail.com,298 Sacahr Nagar,Kochi,779479
a-558,25418906-8897-4f1c-a9aa-e8012edfa9d9,Omaja Wagle,8363674437,owagle@outlook.com,258 Rama Street,Bhopal,521031
a-559,ff926fe2-f038-4df3-8d54-53c33a08fd20,Xavier Kumer,6753621387,xkumer@yahoo.com,281 Narayanan Ganj,Chandigarh,161134
a-560,e87ba4d4-4ce2-4ef7-8ff0-bb28a20cd5a3,Farhan Sengupta,6135342195,fsengupta@yahoo.com,405 Chanda Path,Kolkata,296747
a-561,c8f39c8c-11ce-4eb4-a9cd-b48cc1e7b6fa,Rayaan Behl,6844571585,rbehl@yahoo.com,29 Purohit Road,Nagpur,826002
a-562,9dfb5083-b3fe-4cfb-b19e-a29f8bfaa80a,Balveer Bora,6517193412,bbora@ymail.com,142 Kalla Ganj,Lucknow,557405
a-563,c900fcfb-70a0-459d-8cab-2b39d85c0266,V. Joshi,7253243249,vjoshi@outlook.com,299 Mitter Path,Hyderabad,448167
a-564,2851340d-3aed-42db-9e04-deeec861b214,Alexander Kakar,6139781454,akakar@hotmail.com,180 Dalal Ganj,Ahmedabad,527303
a-565,c794fa57-3e70-4073-8981-465df571f51d,Varenya Kibe,9947982840,vkibe@rediffmail.com,417 Jayaraman,Pune,566049
a-566,e406684b-3dbc-49ac-ad3c-d605aedf98e0,Mekhala Khatri,8069668982,mkhatri@outlook.com,409 Nagy Circle,Nagpur,120352
a-567,a103f82b-9d79-4e6c-b0da-b59ce3fb1cc0,Barkha Rai,9248182556,brai@ymail.com,175 Walla Chowk,Lucknow,768801
a-568,efec9281-29c5-46b2-87a8-649f0cdd588f,Jagrati Morar,9010916879,jmorar@gmail.com,204 Parsa Road,Gurugram,405964
a-569,5487acea-3425-4a81-af25-01fa1a04172e,Yochana Tank,7257550641,ytank@yahoo.com,390 Chaudhari Chowk,Delhi,195827
a-570,5ff1350a-465b-4ddb-824b-363a14cd3357,Upasna Nagarajan,6623438955,unagarajan@gmail.com,117 Prabhakar Ganj,Delhi,937058
a-571,d6ee59e5-f9b1-48c6-aad7-bb7b1c996195,Dhriti Sachdev,8055379233,dsachdev@ymail.com,39 Kant Nagar,Chandigarh,741960
a-572,a727f400-97c8-486b-a7f4-2253c385de86,Madhav Babu,7061094621,mbabu@gmail.com,177 Sahn Road,Bhopal,792852
a-573,29d51aa6-c671-4b4e-8b0d-c6bbd8af5580,Chakrika Dua,7039949518,dcdua@hotmail.com,306 Narayan Ganj,Jaipur,377588
a-574,63d2fe0b-04e2-45be-84ef-a42cf4c42ae4,Victor Raghavan,8218367867,vraghavan@ymail.com,471 Korpal,Hyderabad,
a-575,1e38d200-efc1-463e-b521-84acabe26f57,Xalak Nazareth,6600595465,xnazareth@hotmail.com,294 Suresh Road,Bengaluru,322095
a-576,6e0c7eae-5574-4fbe-ad2f-561f4ed55a2a,Vritti Sharma,9307548357,vsharma@outlook.com,104 Pandey Steet,Bengaluru,211996
a-577,c3b7de41-d5f4-42b1-858a-122cb18586d5,Omkaar Dey,9196423772,odey@outlook.com,496 Suresh Circle,Kochi,207082
a-578,40f8bb12-4f21-4ce6-8116-81737a878cde,Qarin Bhargava,7316090391,,372 Bandi Circle,Chennai,367856
a-579,ad02f84a-409c-4012-8c87-671ff4dae47e,Falan Bava,9793454236,fbava@gmail.com,168 Sachar Nagar,Kolkata,227022
a-580,40922301-7bb5-435b-a4c5-663134107217,Laksh Kashyap,8804144749,lkashyap@gmail.com,27 Dora Zila,Mumbai,410413
a-581,afcf232f-b394-4a65-aa83-911b4a9644b4,Aditya Kamdar,9092434775,akamdar@outlook.com,364 Shah Circle,Kolkata,977487
a-582,d02c2fa7-413f-4f0b-9b60-6782210bbc6a,Kashvi Bhasin,8219213929,kbhasin@hotmail.com,431 Subramanian,Pune,673549
a-583,ec2271c0-bd90-4a96-9384-35e094cb3bff,Vinaya Babu,6680460320,vbabu@rediffmail.com,222 Wali Nagar,Kolkata,594988
a-584,1ccebae2-f995-4bd5-a2ee-535e518da341,Nisha Arora,7845196254,narora@gmail.com,437 Wagle Nagar,Lucknow,416951
a-585,fd5142d3-ac82-44da-b3f5-15dc7dc15f69,Anvi Wason,7881914496,awaosn@ymail.com,298 Badal Road,Bengaluru,758383
a-586,ef577b4d-dfd5-4ff8-8a11-75fcbaa90c2e,hYadavi Sani,9959771577,ysani@ymali.com,164 Chhabra Street,Hyderabad,986338
a-587,5c950455-9ce6-45a2-b092-c772e5c2bd8a,Gopal Viswanathan,6711765835,gviswanathan@outlook.com,370 Khosla Street,Hyderabad,953280
a-588,4ef1b117-fc78-4abd-9a38-d48db419cf12,Rehaan Vyas,8979529623,rvyas@yahoo.com,416 Pandya Road,Chandigarh,454288
a-589,0954162f-282a-45f5-9ce1-21487f0c3661,Amara Ranganathan,8531036095,aranganathan@yahoo.com,481 Prakash Zila,Lucknow,777835
a-590,a047feea-d45c-4e09-a3ad-2968d6848ec3,Nidra Sharaf,7932663135,nsharaf@gmail.com,40 Kohli,Pune,995352
a-591,56af2e9a-e8cf-4640-a1c3-d5ebde3f0ac5,Upkaar Mital,6768830315,umital@gmail.com,461 Balay Zila,Delhi,545295
a-592,a4f18dc6-6022-4c54-a0ac-efb195db64b8,Girik Ravi,7572722414,gravi@hotmail.com,140 Purohit Marg,Pune,231856
a-593,15be514c-93b4-4460-a448-c511e797c8b2,Vamakshi Bhalla,9228360687,vbhalla@outlook.com,424 Garg Nagar,Lucknow,342396
a-594,ce42a4a6-6123-45c7-b9fc-83e7c1c6b04b,Fitan Tata,8167249475,ftata@outlook.com,313 Narula Marg,Kochi,776239
a-595,734d6624-ffaf-49cb-b395-72e6e3c53c7b,Girish Wable,8346328460,gwable@gmail.com,424 Karpe Nagar,Bhopal,665075
a-596,a01e3dff-2ecf-4dd2-9b72-bc0765bc7d97,Siddharth Soman,9243708035,ssoman@gmail.com,245 Batr aRoad,Bhopal,484503
a-597,c5071838-d08d-4ace-8953-5bb2a832fce6,Falan Mand,8562277125,fmand@rediffmail.com,101 Bali Circle,Jaipur,161402
a-598,236720ee-bcf1-4736-8d39-d78f38811f70,Praneel Murty,6220760114,pmurty@hotmail.com,145 Johal Nagar,Gurugram,957949
a-599,ed1616b0-a6ba-4318-a333-740a745b4984,Mr. Maanas Rao,9041464332,mrao@yahoo.com,187 Mistry Zila,Hyderabad,843210
a-600,38abd529-5239-4fc1-9245-fc39935ca080,Nicholas Khosla,6637115375,nkhosla@hotmail.com,80 Ramachandran,Kochi,332845
a-601,33c90108-6065-4720-91c9-bef5ada2be74,Garima Rajagopalan,7176351772,grajagopalan@hotmail.com,167 Brra Street,Chandigarh,908050
a-602,b5905fa5-58e1-49ec-95b9-5df37b3fdf4b,Xiti Pal,7939477009,xpal@ymail.com,67 Chaudhari Nagar,Chennai,139842
a-603,54e84ebb-304a-4644-815a-831780ffb881,Rajeshri Kata,+91-91603-04863,rkata@hotmail.cojm,184 Oak Zila,Chandigarh,681698
a-604,5c561fbd-f45b-4c48-9153-e5f58102d179,Mekhala Narain,6097101381,mnarain@rediffmail.com,1 Mahajan Nagar,Chandigarh,529422
a-605,bd8b5cbf-c3fd-46e5-8a77-af2c49de10f5,Shravya Swaminathan,9437564000,sswaminathan@outlook.com,257 Parekh Ganj,Delhi,318632
a-606,f77f561c-2c72-460a-9311-311b30bc68c0,Keya Sankaran,8110641106,ksankaran@rediffmail.com,316 Rai Street,Bhopal,654342
a-607,fd2ff0a1-61e3-45a5-ab2e-1c10cbbbb19a,Frederick Merchant,63817-41956,fmerchant@gmail.com,186 Borah Ganj,Gurugram,365347
a-608,5680b5ff-2fa9-4dc2-ad19-a306b4c5ac16,Fitan Loyal,6960192045,floyal@outlook.com,329 Rai Street,Nagpur,807744
a-609,d5b37f69-bc8a-47a0-ba54-f2be11a93e80,Mitesh Ramachandran,7930829788,,313 Patel Path,Bengaluru,455712
a-610,ce06674e-8ec2-483a-aef0-050694b1898d,Hredhaan Chand,8828348329,,155 Morar Nagar,Delhi,924698
a-611,bf56222b-56e9-417a-8209-6866fe921bdf,Sai Parsa,6656146385,sparsa@homtail.com,16 Chaudry Road,Kolkata,864173
a-612,dd262afb-11b1-4c9e-8d2c-112d9a9d957b,Kevin Chahal,8416504733,kchahal@gmail.com,102 Sankar Street,Gurgaon,243072
a-613,aa861d48-b59c-45da-938c-4dea30da4fee,Saumya Vala,6656422244,svala@rediffmail.com,27 Chauhan Marg,Chennai,498466
a-614,8fc5c458-ab3d-4b69-bec8-f0d602605d60,Atharv Chakraborty,6198873488,achakraborty@outlook.com,418 Chander Path,Delhi,223417
a-615,05e13299-8bd0-4e6f-867c-929960017f0a,Ekta Rajan,7264370096,erajan@outlook.com,8 Mane Nagar,Gurugram,507956
a-616,c52c7910-4b44-4a54-a8af-a859f7130f9e,Odika Rama,7097676148,orama@yahoo.com,486 Kibe Zila,Jaipur,620081
a-617,779cefed-e700-4342-8910-255dad31faa0,Omkaar Rai,8288353362,orai@gmail.com,130 Dewan Street,Chennai,306226
a-618,83c115e1-9f06-440f-8f81-e525fc5029d0,Amruta Mitra,6997266817,amitra@yahoo.com,284 Tailor Road,Mumbai,341612
a-619,7bdcc6d9-bcdd-40b9-8122-8cc0d2cade77,Madhav Bhatnagar,83883-01195,mbhatnagar@redjffmail.com,116 Saran Street,Bengaluru,716613
a-620,ee496c4b-c08d-4593-a7c2-517d6ceeeff0,Anya Sama,7539777492,asama@outlook.com,35 Sule Road,Kochi,589645
a-621,b68f4eea-8518-4908-a2a9-e96965ac1e2e,Faraj Patel,7672550952,fpatel@outlook.com,339 Koshy Road,Lucknow,470326
a-622,1a6c7a8e-0d4a-4211-8cfe-bb0e6559cc79,Warhi Hayre,7954028495,whayre@outlook.com,215 Chhabra Chowk,Jaipur,551446
a-623,f2538ba0-9d48-4cdf-9548-123a81827e26,Krishna Modi,7276047729,kmodi@outlook.com,219 Randhawa Nagar,Jaipur,595779
a-624,fd0f549d-e6d9-41ed-b173-a902101fdce0,Gaurangi Rai,9969064235,grai@outlook.com,82 Sarraf Path,Pune,175532
a-625,0837b56b-0065-4c26-968b-35124f9b75db,Gaurika Sani,8670063247,gsani@yahoo.com,486 Deshpande,Lucknow,407997
a-626,305106cc-7884-42a1-be0c-b1c8f26a6d0d,Charita Nagi,8521740151,cnagi@hotmail.com,63 Iyer,Mumbai,477066
a-627,e64425e2-e9c8-4521-9f05-e5714314c9bb,Varenya Murthy,8827580942,vmurthy@yahoo.com,492 Rao Street,Hyderabad,340854
a-628,8a5c29bf-5ebc-4cbd-bfd5-246ba0680086,Eiravati Manne,7329279771,emanne@gmaoil.com,391 Kibe Chowk,Jaipur,270131
a-629,fc463ca8-9f99-4db1-8c87-10d530c92ff8,Eshana Puri,8110296925,epuri@ymail.com,176 Ramaswamy Road,Bangalore,361925
a-630,48cafb93-aab5-4f49-9a67-22c19de07b62,Janya Comar,9636525695,jcomar@gmail.com,493 Iyengar,Lucknow,624279
a-631,26f1e011-4481-44a4-aeaf-fd3143dda5f6,Pranit Bala,9538175848,pbala@gmail.com,379 Kadqkia Chowk,Hyderabad,855493
a-632,c568854a-e784-4d2c-834b-b71fcf68a395,Raksha Manne,9250125581,rmanne@rediffmail.com,3 Rege Zila,Gurugram,194154
a-633,25a74b89-f1fa-4e16-bed1-1f6a7929c9ce,Xalak Dewan,9503800809,xdewan@rediffmail.com,332 Khurana Road,Bhopal,700278
a-634,2bcfa0af-53c2-40a4-911d-a91a124ed066,Zayyan Dube,9706657853,zdube@ymail.com,481 Purohit Marg,Bhopal,502282
a-635,e0278d11-97f3-47ac-9e7a-89e3e4f340ff,Ethan Sen,09291091773,esen@gmail.com,154 Srinivas,Chennai,563403
a-636,4b23ebe2-8a27-4222-b163-4aae9ed62ec4,Nandini Warrior,9769349321,nwarrior@yahoo.com,297 Sahota Circel,Chandigarh,797169
a-637,1d1136b8-a027-4d07-aa5c-eda3031a48dd,Balhaar Parsa,6499696091,bparsa@hotmail.com,119 Chada Circle,Bhopal,775042
a-638,2066a8f7-6153-4d3b-bdaf-6b09a59703c2,Ikbal Kothari,9365001994,ikothari@ymail.com,25 Ganesan Path,Gurugram,376291
a-639,c60a5c3d-46ad-4704-b6f8-9b0db48076ae,Chaitanya Ratta,+91-93710-36217,crsatta@hotmail.com,216 Sani Path,Hyderabad,363098
a-640,454dc69d-aea0-48a4-85cb-ff59f52737d5,Hitesh Anne,9373984649,hanne@hotmail.com,418 Kuruvilla Zila,Bombay,322234
a-641,040a34b5-3a7f-43aa-a909-8a8cddc9dc5c,Tristan Uppal,9188295323,tuppal@gmail.com,345 Kant Circle,Gurugram,
a-642,cd22d1bc-5e00-45cf-9cf2-14e11a38acf8,zSanaya Prasad,6398914185,sprasad@yahoo.com,46 Sheth Mrg,Kochi,884243
a-643,68b09cc5-bc6e-461a-9e6a-1ea03fe811a9,Xiti Dora,9947816311,xdora@gmail.com,448 Bakshi Path,Chandigarh,807684
a-644,54757990-ee6b-409d-b627-3e821d55d156,Vasudha Cheena,9565384766,vcheema@rediffmail.com,368 Sagar Road,Ahmedabad,645497
a-645,e899d3ad-d5cd-4182-9b2d-6fb7c0ccd07d,Frederick D’Alia,8783037857,fd’alia@gmail.com,322 Pall Street,Kochi,890992
a-646,a1fe73d8-d6c1-4b7a-b118-8eb800fa631d,D. Oza,9234233345,doza@rediffmail.com,152 Jhaveri Chowk,Ahmedabad,
a-647,23adc2ab-98b8-4de2-a33c-624cfd4eaed2,Vasudha Pall,7414672355,vpall@rediffmail.com,195 Chatterjee Chowk,Chennai,508207
a-648,9debcc32-5944-4945-bbaa-82607bd365f0,Raksha Sethi,8652098858,rsethi@hotmail.com,38 Bhavsar Path,Delhi,400952
a-649,6682a019-65e0-49f5-bbe1-0bc9ef0634ae,Charita Basu,7651418798,cbasu@yahoo.com,353 Bajaj Zila,Delhi,651354
a-650,ed0e8383-a990-4672-ae6d-f08d23cc96ef,Hemal Chopra,9109240688,hchopra@outlook.com,331 Kohli Street,Nagpur,862216
a-651,66f785d3-f8fb-4c77-b2e4-2db752a0c61f,Zaitra Ghosh,8502667965,zghosh@yahoo.com,185 Dutta Circle,Kolkata,
a-652,3f81507a-6000-4b8b-b29c-7d9bad309170,Ganga Sandhu,6665251410,gsandhu@gmail.com,56 Kata Chowk,Mumbai,293927
a-653,5778147e-d0f1-4b61-a685-c20a80617463,Nidhi Gour,8922322477,ngour@ymail.com,179 Sankaran Street,Chennai,118800
a-654,6bf8ebd8-239f-4687-a45c-0d07785018b3,Meghana Balakrishnan,6789019853,mbalakrishnan@outlook.com,268 Hora,Kolkata,530850
a-655,00436c23-599d-4ac8-9d3a-3eccd95c0cd3,Shivani Sanghvi,+91 61845 90285,ssanghvi@gmail.com,351 Agrawal Marg,Gurugram,368264
a-656,7705d41a-679e-458d-9a3d-6d8711185c8d,Tanish Jha,9561652717,tjha@ymail.com,283 Bhatnagar Road,Pune,341041
a-657,887b3b77-1977-4eb3-a6c0-6302a7649423,Harsh Yadav,7556787782,hyadav@yahoo.com,266 Pau Street,Delhi,663477
a-658,ec86c20b-4eb4-411d-a5c6-11fe3507f9a3,Eshana Hegde,7354158786,ehegde@ymail.com,125 Comar Chowk,Gurgaon,839768
a-659,3ed5d5a7-c0d7-42f7-b2d0-05d65cd66c3a,Adweta Suri,7520225025,asuri@hotmail.com,318 Munshi Circlef,Kolkata,868686
a-660,16a0dcaa-bda2-4088-b891-4d5ecd7274c5,Lipika Ramanathan,8713880421,lramanathan@gmail.com,269 Comar,Kochi,664513
a-661,7a14ca8b-0c62-4f15-82cc-451342fbef6b,Ijaya Pandey,7245480542,ipandey@outlook.com,400 Gera Chowk,Lucknow,917583
a-662,57779b3d-cc49-4013-bef8-d5c5abe52c23,Ms. Chameli Chad,7800194139,cchad@rediffmail.com,112 Munshi Street,Kochi,382158
a-663,d8d90ff8-34df-4cae-96e9-94381a79b3ad,Jacob Khare,8672330754,jkhare@ymail.com,90 Dada Road,Delhi,413535
a-664,f1b92756-f5ea-429f-9fb8-c6aa83ecc1ad,Qadim Prakash,7810695152,qprakash@rediffmail.com,306 Vaidya Street,Gurugram,426227
a-665,7007a0f6-399d-4b77-8419-6fe865248dfa,Sahota Lipika,6435994614,lsahota@rediffmail.com,341 Devi,Hyderabad,613566
a-666,2a7a6d1e-225b-4598-8559-b591b4b40e8e,Leela Sampath,7759808385,lsampath@hotmail.com,37 Sur Street,Jaipur,182330
a-667,f1dd93c2-005c-4bf8-827f-07b4d01c95eb,Oscar Ganesan,6146698370,oganesan@ymail.com,193 Mani Chowk,Chennai,558945
a-668,93bfe2f2-6672-4576-a630-9efae5974a84,Logan Grover,8517091485,lgrover@rediffmail.com,352 Seshadri Path,Bengaluru,253498
a-669,1dbd7eec-0e09-4a34-bde7-7f2c25e2416c,Chatresh Parmer,6681828717,cparmer@gmail.com,284 Sundaram Nagar,Bhopal,759375
a-670,1420d948-d13e-45bd-a093-58383c74d3d2,Laban Hayer,7212099384,lhayer@ymail.com,87 Tiwari Marg,Hyderabad,143624
a-671,58638b64-d4a8-4892-8c82-9818ac173c51,Warda Rege,7707789754,wrege@hotmail.com,413 Sagar Chowk,Pune,463506
a-672,8d24c909-c787-44ef-86e3-58222cb8cca8,S. Suresh,8741508722,ssuresh@mgail.com,182 Butala Street,Kolkata,491519
a-673,80281955-f4d2-4af4-a004-bade64addb4e,Azaan Kannan,9187684219,akannan@hotmail.com,414 Bali Road,Jaipur,313173
a-674,dd5cd82e-6f71-4d1a-8c70-95cf5d8b691f,Anvi Kar,6025139004,akar@gmail.com,14 Mani Circle,Ahmedabad,814589
a-675,febc9c92-f24b-44a9-bd71-5215b62740f1,Om Shankar,8638018011,oshankar@gmail.com,59 Tandon,Ahmedabad,734756
a-676,74acd11d-fe14-480d-8659-c39dee87f321,Yasti Chowdhury,9541283076,ychowdhury@gmail.com,26 Comar,Mumbai,718306
a-677,bf5c888d-6384-4dbf-b7dd-a032b3d1208c,A. Peri,9734005063,aperi@gmail.com,268 Barman Circle,Lucknow,258525
a-678,f8aaae99-4b21-489d-81ee-b7156a972084,Ridhi Kamdar,9748929010,rkamdar@hotmail.com,468 Chaudry Marg,Chandigarh,342991
a-679,a97ff7dc-4274-4776-b452-1b002613dc3a,Yug Mishra,7295407436,ymishra@gmail.com,267 Sengupta Nagar,Hyderabad,531479
a-680,26316301-e8e2-43f2-b6c7-e888eef1cc09,Adya Pall,7161390235,wapall@yahoo.com,485 Sarna Zila,Bengaluru,550171
a-681,bca6f6f4-07c0-4ba7-9ce6-c53013f740de,Jacob Khalsa,7363722238,jkhalsa@yahoo.com,137 Panchal Ganj,Mumbai,192747
a-682,451371a6-02ef-4a65-84fd-f6c56e464ebb,Priya Gandhi,7517170462,pgandhi@outlook.com,344 Dewan,Madras,245903
a-683,23142a6c-c9a1-4935-91fb-d6184820588c,S. Jhaveri,9877827139,sjhaveri@yahoo.com,421 Panchal Nagar,Delhi,760076
a-684,82c70e92-55ff-4847-a14f-3ee406f157d9,Avni Yohannan,6203916059,,99 Naik Street,Pune,560209
a-685,6c8f6764-7d6d-4cc8-b2d8-986dc9809bc8,Brinda Mann,8749306693,bmann@hotmail.com,281 Loke,Lucknow,675135
a-686,c8f91e87-0f1f-4c63-bba9-b6cfb37efd9d,Yoshita Chandran,9575393940,ychandran@gmail.com,486 Sabharwal Street,Pune,302588
a-687,5c52fcd6-1307-4b37-91a2-d52285eee7e0,Daniel Malhotra,6070712767,dmalhotra@outlook.com,24 Deo Street,Lucknow,716903
a-688,378461fd-c17d-4a0d-98f9-838102790a6c,Zaid Dhingra,7701448619,zdhingra@hotmail.com,482 Kota Path,Chennai,582464
a-689,fc470908-454f-4825-b0c3-96d80e383485,Maya Suri,8412186330,msuri@yahoo.com,462 Luthra Street,Ahmedabad,378945
a-690,520014b2-c28d-4e60-bcd9-0b32b963338a,Oeshi Prashad,8336592216,oprashad@outlook.com,174 Borra Chowk,Bengaluru,540789
a-691,de814c7c-a7cf-4f27-a6f4-c44ffd9a3a3a,Girik Rau,7922501556,grau@gmail.com,427 Mall Circle,Pune,464856
a-692,c20e3913-caca-479f-a220-b66bc18462d3,Jyoti Sha,7499498824,jsha@hotmail.com,49 Narang Chowk,Pune,522443
a-693,1604c32a-6bd6-4281-bde2-5617bb847441,Aarnav Chander,9459601401,achander@rediffmail.com,72 Parmar Chowk,Kochi,176655
a-694,577c655b-36c8-464b-a3b4-a6e9085c9394,Dev Warrior,9352318124,dwarrior@hotmail.com,157 Kamdar Marg,Nagpur,668325
a-695,3a47e70d-4135-4273-8d76-55b415806db8,Pushti Kakar,8819472084,pkakar@gmail.com,329 Loyal Chowk,Bhopal,988130
a-696,c48ba638-5700-409d-bdf2-fd975acfbcd1,Ekantika Mander,9101840108,emander@hotmail.com,34 De Path,Pune,432967
a-697,5c980ec5-2fef-4ab2-8040-b7447554c4c1,Prof. Vedhika Oza,6376266174,voza@gmail.com,195 Batra Nagar,Bengaluru,162459
a-698,7f1c0ae4-b3da-4080-8877-3db800ccb5e6,Prof. Hardik Sharaf,6981575292,hsharaf@hotmail.com,186 Dash Nagar,Hyderabad,514216
a-699,876e6347-f5e5-4d6f-86f5-13f7c0441dd1,Nakul Sastry,9996117389,nsastry@outlook.com,382 Acharya Chowk,Bhopal,870787
a-700,7bdd3ed9-ede2-4611-8b0b-7259e4a11209,Priya Jain,7856137800,pjain@rediffmail.com,224 Mittal Street,Kolkata,942688
a-701,18571088-e5a2-4659-9c82-dcb40e1076e1,Nathan Mahal,6380981160,nmahal@outlook.com,33 Patel Zila,Kochi,
a-702,d96f2d2f-833d-41d9-afd1-b6d8f01e5ebf,Zashil Butala,08922378216,zbutala@outlook.com,188 Gandhi Path,Ahmedabad,677591
a-703,f6cc0bbf-4456-4dde-943a-0961bf1ee143,Charles Randhawa,7024409254,crandhawa@hotmail.com,422 Kaur Road,Jaipur,335283
a-704,701aa873-226f-4769-9d8f-b848922192e0,Ms. Pushti Chand,7415758990,pchand@ymail.com,16 7Agarwal Zila,Pune,605341
a-705,8f1b62c3-a8aa-4c64-8593-e56ef7d61bc8,Tanay Sood,9475476976,tsood@ymail.com,52 Deo Zila,Lucknow,970269
a-706,302db0a3-4f2d-42eb-a114-2285b7019a6e,Upkaar Venkataraman,7334915845,uvenkataraman@hotmail.com,68 Andra Chowk,Delhi,895267
a-707,ea0c94e1-7dfd-4e47-b128-360d81dce24f,Abhiram Oza,9936422351,aoza@rediffmail.com,229 Sami Zila,Mumbai,950255
a-708,24727b76-3d1d-4883-863f-abb47ece3823,Mr. Kevin Sridhar,8826232682,,410 Karnik Zial,Nagpur,389797
a-709,5325ebf9-3e67-4c64-95ac-9e3365b73b6b,Leela Chakraborty,8476118521,lchakraborty@gmail.com,460 Chauhan Zila,Bhopal,428701
a-710,7faccf27-f68d-4e05-95d7-8e8ec1af188a,Dhriti Pillai,8931136074,dpillai@rediffmail.com,232 Devan Road,Chennai,594690
a-711,b1a553f6-59e9-4a1c-aeff-7035eac7a874,Lavanya Deol,6321005111,ldeol@rediffmail.com,318 Biswas Street,Chandigarh,889528
a-712,1bcc5028-821c-4118-b66a-2473adb18e51,Abhiram Gala,6403754495,agala@outlook.com,465 Panchal Chowk,Lucknow,217071
a-713,0d878414-0208-43e9-b9cb-c30556879e48,Tanay Doshi,9661365664,tdoshi@rediffmail.com,130 Savant Marg,Kolkata,207553
a-714,263aaaea-0060-4285-a4a0-61994563cca4,Teerth Chadha,7149194543,tchadha@gmail.com,297 Dey Zila,Mumbai,308646
a-715,66d685d6-541c-4ccd-a5c8-13d071fd33da,Jatin Rajagopalan,08838825746,jrajagopalan@ymail.com,314 Sanghvi Path,Hyderabad,208539
a-716,cdd9de48-8a16-41ec-b423-a77d0bca8670,Divya Dey,6265406371,ddey@yahoo.com,28 Malhotra Ganj,Kolkata,116519
a-717,e2849739-9b20-4128-9fd1-24bd33b5f254,Frado Kothari,8977407850,fkothari@rediffmail.com,460 Mane Circle,Delhi,338383
a-718,cb07c2dd-8e6b-4bcc-a705-ca667786f60f,Avi Mitra,7054832876,amitra@ymail.com,391 Vasa Ganj,Kochi,732856
a-719,2d212f3f-e68e-446c-8108-01593a77ddb1,Yashodhara Gulati,9655100972,ygulati@hotmail.com,242 Merchant Marg,Lucknow,
a-720,1b1bb8a8-9884-4f75-ad4e-4205f2bc5345,Chatura Khatri,7987709789,ckhatri@yahoo.com,7 Rsju Chowk,Gurugram,188588
a-721,e9692571-d9a1-4940-a775-d7788e61ff2e,Isaiah Khosla,7663851380,ikhosla@gmail.com,328 Bobal Chowk,Nagpur,427032
a-722,c87e6d0a-4756-4fe6-8abc-5af1cd3b1940,Advik Patel,08690325589,apatel@rediffmail.com,100 Deo Path,Hyderabad,310513
a-723,86f14526-3edb-4303-8c8e-2d78e20006a3,Lila Salvi,8857701712,lsalvi@rediffmail.com,103 Gera Path,Bengaluru,712539
a-724,49b73638-742c-4519-b7d3-a957ac00ce24,Urishilla Bora,8723309243,ubora@gmail.com,451 Bir Nagar,Kochi,915018
a-725,a23063b4-db61-4bc4-bb7c-f80cf1725680,Akshay Lala,7200520224,alala@ymail.com,154 Baral Ganj,Nagpur,270097
a-726,ce8a263f-a302-4e27-ad33-49ecd57287b7,Darpan Rao,6419505972,drao@ymail.com,93 Mangat Circle,Pune,
a-727,6ace0ddd-8bf2-4e5b-854a-833dc7359315,Sagar Yachana,7089005079,ysagar@yahoo.com,147 Ratti Marg,Ahmedabad,701122
a-728,71afcf3a-053f-4b20-a597-d7736fb6e178,Fitan Yadav,6811348615,fyadav@ymail.com,331 Dua Circle,Chandigarh,933315
a-729,f807d89d-30b1-4dc0-a9c2-f9e56d02554b,Arunima Chacko,6595496757,achacko@outlook.com,311 Brar Road,Hyderabad,198337
a-730,0f04f3c1-6235-436a-85a6-0af8071b9203,Yasti Jani,8862634261,yjani@hotmail.com,469 Yadav Street,Kochi,128490
a-731,0d0ce500-25ae-4a07-9b1d-7cf7f7bdacd9,Eta Raman,9966721347,eraman@yahoo.com,282 Bhatti,Nagpur,416918
a-732,4e7a5d59-5df0-44c7-a632-913eb0d185e5,Dayita Sarkar,8627644389,,385 Bhardwaj Gaj,Chandigarh,395845
a-733,5bc76ebb-5cf2-4b14-a3ea-081b227eef9b,Yash Chadha,6035081923,ychadha@gmail.com,412 D’Alia Marg,Delhi,462580
a-734,86de921c-aa94-4b2e-875a-3cfcee5b13b9,Bhakta Sudiksha,6513047424,sbhakta@outlook.com,83 Gill Road,Chandigarh,198831
a-735,9b2cbc00-85c9-4603-abc0-8b6d5bf0179e,Jagdish Arora,7189202583,jarora@yahoo.com,125 Apte Street,Mumbai,371225
a-736,708a7a0f-930e-40a0-8228-7fe1b7e11da6,Taneja Nihal,9965532366,ntaneja@rediffmail.com,304 Virk Path,Bengaluru,280251
a-737,6bb21006-aa11-4fb5-8318-79d1efeb1898,Zansi Lad,9424197370,zlad@hotmail.com,326 Prabhu Street,Jaipur,301557
a-738,8fc7b64f-4e4f-40be-a4ef-20a9b0fee494,Jonathan Luthra,7760000209,jluthra@ymail.com,87 Balan Zila,Kolkata,774175
a-739,f840bdc9-3ce9-4e40-961d-9a6c9253466b,Gautami Sanghvi,8552593157,gsanghvi@ymail.com,271 Viswanathan Road,Nagpur,666814
a-740,99711c7a-db06-4f13-8d85-3931b388f9e2,Devansh Lall,9318892777,dlall@rediffmail.com,476 Bose,Delhi,744545
a-741,6f5b896f-f816-48ff-a491-46e4d6e115a6,Watika Shah,7236543660,wshah@gmail.com,171 Parea Circle,Chandigarh,109963
a-742,1eb8515a-1b36-4d06-a994-2ff1e6b490cd,Christopher Tata,7562845085,ctata@yahoo.com,160 Ganesan,Bengaluru,190620
a-743,01e0cc74-8922-4806-8860-894799bcf7b9,Jhalak Dugar,8445470188,jdugar@rediffmail.com,185 Chauhan Road,Bhopal,418275
a-744,a049551f-9f07-4d57-8e46-5f754edbf4e3,Jack Kari,6475592264,jkari@ymail.com,30 Agate Circle,Hyderabad,532233
a-745,4816b74f-2b93-4214-a387-5da1cc25d309,Chaitanya Arora,6455641116,carora@ymail.com,441 Batra Ganj,Ahmedabad,493435
a-746,44180861-b16b-4764-a0cf-1b6baede1612,Urmi Patla,9674855348,upatla@hotmail.com,11 Doctor Marg,Lucknow,444791
a-747,39fe60ce-6043-4b8b-8a9a-ed8a7d48c4c2,Praneel Banik,7033022170,pbanik@outlook.com,333 Saini Circle,Mumbai,391633
a-748,ac03f754-b0bc-404a-b2de-3b995a537122,Udarsh Nagy,9406910952,unagy@rediffmail.com,197 Saha Ganj,Chandigarh,289853
a-749,2a3e9974-213d-491c-8dc4-21b14f3cbd2f,Ekaja Madan,6709030360,emadan@outlook.com,386 Prahdan Zila,Hyderabad,374569
a-750,8e879ae2-545c-4648-b6a3-e569a7c6b9e5,Jagdish Thakkar,7075944803,jthakkar@rediffmail.com,146 Gola Nagar,Bengaluru,493108
a-751,666f02d5-85b8-425c-afff-cf79870c717c,Udant Varty,6255996638,uvarty@outlook.com,13 Rattan Nagar,Kolkata,971300
a-752,53a29a62-009c-49d4-9b5d-1a658f05210e,Ekapad Shroff,7030584990,eshroff@outlook.com,264 Mukhopadhyay Road,Chandigarh,341132
a-753,0457c5a7-1fcb-4d15-b6db-4581a1705718,Falak Chadha,7572303562,fchadha@gmail.com,289 Shan Circle,Jaipur,281717
a-754,ca29f194-c80b-4e24-83bf-bda147ecca32,Abhiram Pillay,8772833730,apillay@rediffmail.com,331 Manne Gabj,Pune,676758
a-755,e0f0397e-c95c-4cd8-b3e9-2c61d7f76605,Daksha Kibe,9911591443,dkibe@outlook.com,148 Pillay Chowk,Jaipur,557131
a-756,1eb22949-788d-4714-93c6-8c5615cfa11a,Wakeeta Hyre,9750964877,whayre@yahoo.com,316 Korpal Citcle,Bhopal,347052
a-757,ca6f82a8-9855-44fb-843f-bbef4daf1152,Matthew Ahuja,8317651110,mahjua@ymail.com,184 Bajqwa Marg,Mumbai,754334
a-758,9a14a4be-eae2-4bc0-959d-717ef5392995,Viraj Pal,6753570687,vpal@outlook.com,46 Nayak Nagar,Ahmedabad,516736
a-759,2cc8befb-38f7-4ce4-83c9-52e5217af3b9,Aarav Puri,7792491202,apuri@outlook.com,174 Chawla Road,Lucknow,209011
a-760,baeae36a-27dc-4d94-b560-aa33f434ca63,Samesh Wagle,9071326706,swagle@yahoo.com,39 Saini Ganj,Kochi,558700
a-761,653fbe3b-9df7-432e-abef-fc53c5365199,Vyanjana Bhasin,9835744310,vbhasin@hotmail.com,398 Mammen Street,Nagpur,412078
a-762,6857c15a-c39b-4f48-89e6-8184631168b2,Bassi Girik,06328930034,gbassi@outlook.com,152 Venkatesh Ganj,Kolkata,298355
a-763,18a8f739-aefd-416b-8470-0480dd4726f1,Nitara Pradhan,8655635341,,71 Chad Chowk,Bengaluru,530841
a-764,d56744cd-bc07-4bba-b4a2-f3ef9ec1fcba,Girish Tiwari,7769190864,gtiwari@hotmail.com,7 Ramesh Street,Bengaluru,908705
a-765,a6085210-c38f-48c1-8ae0-c235b812f738,Falan Bhatia,7727646264,fbhatia@yahoo.com,487 De kMarg,Nagpur,
a-766,7ee6ef86-0d7d-45b7-8fe0-1eb2e9ade5d6,Warjas Manne,6895086594,wmanne@hotmail.com,390 Murty Road,Madras,192168
a-767,7d5f41bf-a486-4d3c-a216-509adc879e92,Maya Narain,+91-76827-88896,mnarain@hotmail.com,218 Sethi Path,Delhi,164826
a-768,97a73598-902b-4d9b-9403-4dc044572b2a,Anita Kaur,8078893050,akaur@yahoo.com,351 Jain Zila,Lucknow,479142
a-769,c0a0184f-7d35-450c-a3d3-89f9ad6465b3,Laban Chopra,7455321325,lchopra@ymail.com,54 Cherian Street,Gurugram,627882
a-770,71893f90-fe6a-44a5-af89-5e11025ddadf,Nitesh Sengupta,8952666070,nsengupta@ymail.com,441 Murthy Chowk,Kolkata,472817
a-771,079539b9-7d04-44eb-8653-dcb63c5de5f9,Niharika Dara,8945525937,ndara@rediffmail.com,425 Parmar Circle,Delhi,335894
a-772,ea1d2b7a-4ef1-4543-9a06-c849f22b25f8,Sarthak Seth,9957931864,sseth@rediffmial.com,17 Sheth Road,Kochi,853216
a-773,e3c78c18-6b77-48ee-a082-999001bc473a,Alka Dar,7292331754,adar@hotmail.com,333 Dugar Zila,Jaipur,226388
a-774,812583f3-cc5a-414b-9af3-ab8f0cd384d2,Daksha Baria,6558577837,dbaria@yahoo.com,422 Narang Ganj,Jaipur,866845
a-775,52c63f46-eec6-4163-ad0a-36c42401fdfe,Manbir Chand,9817707690,mchand@ymail.com,286 Parekh Ganj,Bengaluru,734517
a-776,8083f541-e113-40c3-ae37-2ee824c54140,Meghana Varghese,8158000509,mvarghese@gmail.com,36 Mistry Nagar,Delhi,985343
a-777,492c3fbe-afff-4d16-ba93-cde69ef9fa83,Abha Gosh,9188753885,aghosh@rediffmail.com,200 Ravel Nagar,Ahmedabad,796383
a-778,352d3e87-26ed-4889-a43a-d81298e80eeb,Sneha Krish,8087488102,skrish@gmail.com,286 Shere Zila,Jaipur,270452
a-779,2743e506-15e9-4708-96e0-a98df82fc382,Harsh Dey,6377289535,,262 Arora Zila,Nagpur,631485
a-780,cb934540-72e7-47aa-9b88-b39cca11d1fb,David Kapadia,9839451252,dkapadia@outlook.com,40 Hora Street,Nagpur,556906
a-781,f72d4a1a-98f4-46ce-9368-10bd1dbaee42,Nandini Pradhan,6622241515,npradhan@outlook.com,90 Lad Zila,Bhopal,829561
a-782,50415cf6-b013-4327-9c6f-c561b3ced153,Falan Bains,9160140420,fbains@ymail.com,490 Hora Zila,Bhopal,299046
a-783,21320420-b63c-4713-8fce-0062bd830651,S. Dave,+91-84299-32539,sdave@hotmail.com,20 Narula Zila,Delhi,474942
a-784,d405d40f-ea05-4662-86e6-7360c44e2520,Jason Basak,6953441800,jbasak@yahoo.com,72 Bedi Chowk,Chandigarh,901526
a-785,4395b74d-8751-4865-86e8-a287fc87dd3f,Om Sant,8593407067,losant@yahoo.com,306 Taneja Marg,Chandigarh,894315
a-786,c6b9c1d6-c9c2-4264-beb7-7fcb81d381e1,Ayushman Raja,7824931297,araja@rediffmail.com,127 Gera Marg,Gurugram,455164
a-787,7e16d77a-f22d-43b6-874b-e39250c94089,Irya Kala,8771722119,ikala@yahoo.com,194 Maharaj Street,Kolkata,944643
a-788,9f709f02-758e-4ad6-8dfa-e6560f39d1ce,Ati Sehgal,9960264230,asehgal@yahoo.com,391 Banerjee Street,Chandigarh,546348
a-789,3e176556-1186-4c70-aab8-b725023a77ee,Yatan Merchant,8807230969,ymerchant@outlook.com,79 Sabharwal Chowk,Kolkata,845898
a-790,b57fa5b0-e167-40e2-bbe7-d93aec5d224b,Varenya Bhat,8760578585,vbhat@hotmail.com,221 Mammen Zila,Nagpur,607145
a-791,7e472f51-e9fe-4bcd-86d0-7675d8c00bd8,Leela Devan,7602958229,ldevan@ymail.com,438 Iyengar Marg,Lucknow,787213
a-792,b61441ad-cf45-4d90-93e3-ce22f1e1fc7c,Zaid Bahl,7944691940,zbahl@yahoo.com,231 Parmer Marg,Chandigarh,491375
a-793,5e621cda-f954-4590-ac3f-56b97e18c625,Varsha Sundaram,8816437274,vsundaram@gmail.com,396 Thakkar Path,Kolkata,342591
a-794,0d001c94-450e-4ae8-aa22-08cfc4148d24,E. Rama,9373625070,erama@ymail.com,419 Gole Road,Hyderabad,414908
a-795,e5e11a92-f6c1-486c-9587-4ccc8e9e6a05,Atharv Nagar,9894111953,anagar@hotmail.com,87 Kanda,Gurugram,439571
a-796,912b9b8b-5262-4629-8125-46bc874f3e30,Ayushman Mand,7376145401,amand@outlook.com,130 Sodhi Nagar,Bhopal,154594
a-797,af2f4442-821d-4ad7-acfa-b86f66849762,I. Kaul,7103189995,ikaul@yahoo.com,223 Chaudhry Street,Lucknow,852956
a-798,27bea9a8-abb9-4659-ab48-d1862988e579,Yug Khosla,7200492633,ykhosla@gmail.com,282 Walla Road,Kochi,436411
a-799,78926db4-4201-4ac8-ab30-4bb11b0c2317,Daksh Kanda,8043739614,dkanda@ymail.com,128 Rama,Delhi,722546
a-800,cefa5f0a-07af-49e5-9563-742c9802d65a,Isha Ghose,7805986946,ighose@outlook.com,24 Khalsa Street,Hyderabad,413390
a-801,03f5ddb0-a35f-4be5-b6f3-30b710884aed,Eesha Parmer,8979696588,eparmer@gmail.com,455 Bala,Lucknow,
a-802,a568e61a-5948-47bb-8d3d-e206a548a73c,Indira Dhar,6224115715,idhar@outlook.com,353 Guha,Delhi,268882
a-803,c7e9189b-d5d9-4395-8790-2dc88e8c72f4,Waida More,6799302716,wmore@hotmail.com,383 Swaminathan Street,Delhi,867704
a-804,0cbfefd1-5c86-4d07-af1e-2777e1a778b3,Baljiwan Chana,8843895124,bchana@rediffmail.com,335 Kaul Nagar,Hyderabad,575963
a-805,142779da-eaaf-4b5b-ba28-629cb80a54ab,Theodore Bahri,9018796655,tbahri@outlook.com,146 Sridhar Circle,Nagpur,228118
a-806,8876a0d3-db3e-40ee-997f-f38b081da635,Aadi Narula,6343987307,anarula@ymail.com,245 Jzggi,Jaipur,650286
a-807,c5842adc-86d9-4b97-89b5-19ebb9665858,Kalpit Oak,8109336396,koak@hotmail.com,134 Naik Street,Bengaluru,781250
a-808,52e461bd-1ad2-4a28-acff-f9b77b6ece0c,Daniel Bains,6872703365,dbaijns@outlook.com,238 Dhar Street,Bengaluru,
a-809,7e740393-bc78-42dd-a758-ee2f53b4cf2f,Indrajit Vora,6711919379,ivora@gmail.com,165 Bora Path,Mumbai,751279
a-810,5ca54814-da58-429e-b0d3-68e847402766,Kashvi Randhawa,7187156696,krandhawa@rediffmail.com,17 Chaudhuri,Hyderabad,284119
a-811,0a5a9512-a749-43cf-866d-7dc9930ea4c5,Gayathri Mittal,7761894358,gmittal@hotmail.com,16  Deshpande Path,Lucknow,289064
a-812,0abe292c-fede-49d5-81de-8ede0bac8106,Nakul Sarkar,7235214763,nsarkar@yahoo.com,292 Nadig Chowk,Bombay,253608
a-813,10b70fbb-16c4-4b8a-bbb8-69595e6aaa2a,Owen Parikh,7632070439,oparikh@ymail.com,408 Gill Ganj,Nagpur,121079
a-814,70a770a8-b0d2-4590-a398-98634b2a51ee,Kritika Mohanty,7126452084,kmohanty@hotmail.com,143 Datta Road,Nagpur,446405
a-815,18d1bfe0-a218-4f3d-8fce-ef0d5cd4e75b,Peter Agarwal,8940169154,pagarwal@yahoo.com,316 Raman,Bhopal,278674
a-816,78865b28-e5be-4292-804d-f4f3d9f67cb2,Bachittar Gopal,8037452310,bgopal@gmail.com,312 Nadkarni,Delhi,754471
a-817,52f6a37a-8576-4fb9-9dc8-24c5483aa7b6,Timothy Chawla,7838721023,tchawlaoutlook.com,286 Dhaliwal Chowk,Jaipur,205178
a-818,8c37eaec-ed16-447f-b6de-574c63eb360b,Garima Brahmbhatt,9411091874,gbrahmbhatt@ymail.com,454 Palan Ganj,Bhopal,423765
a-819,7665016d-2aac-4468-92b8-bb591014378b,Ekaja Ganesh,8082561009,eganesh@ymail.com,213 Nayak ila,Chandigarh,885670
a-820,f3c8e720-3f41-487a-a861-d2086fabc87f,Sayna Apte,7692052274,sapte@outlook.com,388 Kadakia Road,Hyderabad,654543
a-821,f267d163-86c3-47a6-9219-c55174ea8b9a,Zaid Bir,7201227889,zbir@ymail.com,228 Kinda Path,Calcutta,920122
a-822,91718003-aea9-4505-b63e-9bf527768dbf,Hritik Agarwal,9953213752,hagarwal@outlook.com,404 Raju Nagar,Nagpur,278305
a-823,a2627fa8-9978-4b5f-bfcb-e7d5ea421672,Raksha Saini,8528727701,rsaini@outlook.com,312 Sachdev Street,Jaipur,915401
a-824,6773147f-45cd-4927-9328-aebf2df6537d,Waidqa Radhakrishnan,9742011511,wradhakrishnan@yahoo.com,350 Prashad Path,Kolkata,203606
a-825,8d8c2ab7-6869-43a3-894c-5b2260b637e1,Harrison Srinivas,9513599985,hsrinivas@outlook.com,367 Kar,Chennai,722099
a-826,0f3da6d1-88c8-4eda-b40d-c5b6a6dfc1bb,N. Seth,7904392493,nseth@ymail.com,367 Bandi Zila,Bengaluru,483361
a-827,1bee6b3d-2a70-41a3-9b39-6d508eda8a44,Chaitaly Bahri,6767633543,,268 Lal Path,Chennai,745343
a-828,9f2d33a7-24bd-438b-b09b-6b7bbc52542c,Henry Borah,8792557688,hborah@gmail.com,178 Garde Path,Pune,192955
a-829,a59203c8-b966-4746-96c6-1b9973e1de56,Keya Dyal,6595930620,kdyal@yahoo.com,467 Chander Zila,Jaipur,766520
a-830,1f234b46-0c1b-4b5a-98b4-af6c2acdb65d,Hamsini Subramanian,9338433450,hsubramanian@hotmail.com,220 Sankar Nagar,Chennai,989543
a-831,cb94aa43-02d7-43d8-983a-010580870578,Saraf Nitesh,8290517320,nsaraf@rediffmail.com,198 Bera Street,Bhopal,
a-832,ae1d68be-e5e2-45ed-bff9-0d55381ef8b8,Harrison Narula,6194927010,hnarula@ymail.com,336 Gupta Ganj,Chennai,
a-833,00e55388-f6ed-4da2-a003-4ebc86b3bb5c,Nimrat Zachariah,8400557513,nzachariah@hotmail.com,491 Manda Raod,Ahmedabad,588393
a-834,718dc3b2-85d8-497a-b9d9-61b7111a74c7,Chameli Khanna,09760516753,ckhanna@gmail.com,335 Bawa Zila,Nagpur,707418
a-835,db884c76-730f-43ef-9010-b82abe55d24a,Maya Swaminathan,9469360805,mswaminathan@hotmail.com,18 Bhagat Street,Ahmedabad,142907
a-836,491b4e16-efb5-4737-82e0-2a6475b4c8b1,Jalsa Aggarwal,6576773916,jaggarwal@gmail.com,383 Chahal Marg,Madras,212474
a-837,27de50f2-cd3a-40a6-8575-3062b5292636,Chaitaly Srinivasan,7796538112,csrinivasan@yahoo.com,231 Chatterjee Ganj,Bengaluru,331619
a-838,2df7d501-3dc2-4551-9b96-5be24ddd9091,Atharv Jhaveri,9459345202,ajhaveri@gmail.com,338 Manne Street,Lucknow,327822
a-839,2985afda-6b7d-4e42-8847-b4e4dbe5cbe1,Finn Solanki,7626689025,fsolanki@yahoo.com,309 Morar Zila,Kochi,701662
a-840,8efd45a2-9dd7-4c21-8280-fbe7634a8567,Mitali Sinha,7110402989,msinha@gmail.com,330 Lanka Chowk,Bhopal,166182
a-841,1f1519e7-fddb-4ca7-8b73-2e07ed18e9b6,Gavin Ram,8196023009,gram@ymail.co,268 Prabhakar Street,Nagpur,202578
a-842,43bf9c60-4224-4906-abe3-4d258660ae99,Lakshmi Pingle,7126851974,lpingle@outlook.com,482 Sehgal Street,Bengaluru,834855
a-843,e12ebf9d-db82-46f2-a21f-51e3c3d416aa,Chaitanya Lall,8340369980,clall@rediffmail.com,110Shroff Chowk,Nagpur,765911
a-844,17b7e892-9071-4e6e-a4e1-b6e5702b4404,Adya Kara,8544509190,akara@outlook.com,209 Bnatia Road,Delhi,568794
a-845,4f04fdaa-3781-4461-8dbb-4e6a1819bf46,Matthew Chatterjee,9103378470,mchatterjee@rediffmail.com,50 Padmanabhan Zila,Nagpur,720491
a-846,7a74ecbd-580a-4174-83ec-421b3c4e7aad,Er. Odika Karan,93256-17985,okaran@yaho.com,162 Bhat Circle,Pune,886974
a-847,ef934582-a1ce-4191-80d7-b3b3d22852f0,Lila Virk,7301959903,lvirk@ymail.com,248 Wason Marg,Chennai,988210
a-848,79f0785f-6099-4016-9c81-ea073b0c17b9,Vaishnavi Keer,8317064795,vkeer@outlook.com,244 Mistry Chowk,Bhopal,662580
a-849,847f2f51-61c3-4bf8-9b00-44b301ae38b1,Farhan Rana,7677601403,frana@hotmail.com,489 Thakkar Nagar,Bhopal,148469
a-850,6271c2c6-f0fc-4f2b-b988-73248271e76f,Zansi Din,6459042272,zdin@rediffmail.com,496 Sen Zila,Chandigarh,858080
a-851,5f1388c5-366c-4078-8fec-2b5ec6c10b6c,Oscar Ganesh,7199669416,oganesh@hotmail.com,400 Hans Ganj,Jaipur,800508
a-852,fb735287-640d-4445-ab0f-ef43af4f738f,Jonathan Basak,8592179643,jbasak@hotmail.com,27 Brar Marg,Lucknow,673323
a-853,93131806-1a89-42b1-a380-9bd5a9d77fbe,Radhika Jaggi,9593966545,rjaggi@ymail.com,396 Kuruvilla Steret,Nagpur,
a-854,dee88b39-af45-4964-bb93-503f4d59bc4c,Ekaja Bhavsar,+91 86343 00045,ebhavsar@hotmail.com,477 Rama Zila,Ahmedabad,401962
a-855,b1a5738d-2fdd-49ec-859f-6da4b0221708,Nanda Mekhala,7682125910,mjanda@outlook.com,495 eVnkatesh Road,Jaipur,378917
a-856,37ef82c7-5b7b-49ba-b3d1-0d6d95124143,T. Arora,8116453360,tarora@hotmail.com,185 Virk,Pune,793040
a-857,8ff13432-994a-4c91-8451-0ddd2b98b241,Oni Chowdhury,7700528775,ochowdhury@hotmail.com,213 Doctor Marg,Kolkata,290130
a-858,43d3eb26-95fb-41c8-b1d7-a9a749c75bda,Manbir Chaudhry,7789391329,mchaudhry@outlook.com,183 Chaudhuri Zila,Bengaluru,608235
a-859,a39b8417-5e74-4509-a5ff-c470cfd4408b,Bhavika Wason,7620853570,bwason@hotmail.com,127 Roy Path,Pune,234916
a-860,5f8e05a5-672e-4e01-8e3f-af4953afc091,Aishani Rajagopal,7586927650,arajagopal@outlook.com,429 Solanki Chowk,Ahmedabad,804661
a-861,0317d51e-e5a0-4087-8c20-2a07fd4b304a,Baljiwan Gera,9721958940,bgera@ymail.com,292 Rau Road,Chandigarh,500430
a-862,3039fd00-8f58-40d6-912d-41ba33cb851f,Maanas Ratti,8837972624,mratti@outlook.com,147 Randhawa Nagar,Hyderabad,508916
a-863,76001eaf-dac9-4de1-9896-776db969e772,Garima Khanna,9964020706,gkhanna@ymail.com,154 Soman Nagar,Hyderabad,335523
a-864,5ad31539-0637-4f41-b688-01617b7976db,Amruta Pradhan,9625707224,apradhan@outlook.com,458 Nazareth Nagar,Kolkata,484756
a-865,a8f7452d-e62a-48cd-9701-9569ca7b4adc,C. Mukhopadhyay,8986592370,cmukhopadhyay@ohtlook.com,427 Swamy Road,Nagpur,509043
a-866,2d2cdecd-acd7-47e1-9287-aa5a1c2966b2,Guneet Kari,8028893029,gkari@yahoo.com,321 Mital Street,Lucknow,241455
a-867,288f0822-0776-49dc-b4bf-ba9666fb11b0,Saanvi Nagi,6765763299,snagi@gmail.com,395 Saha Road,Ahmedabad,196602
a-868,a68ca874-c383-4cb5-857c-f1a51bf5db9e,Gaurav Guha,7855305363,gguha@ymaikl.com,340 Kakar Chowk,Kochi,644426
a-869,fcf6e9cd-a170-4d93-b4e6-8b2fa6d79628,Sundaram Niharika,7425962974,nsundaram@gmail.com,201 Prakash Circle,Jaipur,938687
a-870,e3b400b8-fc73-4b56-a3db-c9bde5a9a14f,Daksh Varma,8304636432,dvarma@yahoo.com,128 Bhatti Street,Nagpur,502508
a-871,abf7d681-1d98-44eb-bcdd-4e49403f2674,Deepa Toor,9427045610,dtoor@yahoo.com,60 Deshmukh Marg,Delhi,931811
a-872,45d4c4ca-8ba4-4250-af23-6632d882b14a,Ayush Ghose,8256815940,aghose@yahoo.com,397 Iyer Ganj,Kolkata,139579
a-873,541110bf-a5cb-4cbf-b150-cf7678e1774f,Dalbir Krish,9077680618,dkrish@hotmail.com,46 Shan Nagar,Kolkata,766870
a-874,fa5d6015-d319-4f75-bffc-bc8a80a14ef4,Chandresh Patel,6856680909,cpatel@yahoo.com,423 Mahal Ganj,Bengaluru,917165
a-875,e75b5454-42e0-4ebc-bbf3-5eb599163916,Jyoti Shetty,8070959124,jshetty@gmail.com,52 Ranganathan Circle,Mumbai,132832
a-876,db8628e9-f73f-496c-8f4e-671a7f0b7ab2,Jatin Balasubramanian,7723227460,,229 Pradhan Ganj,Bengaluru,690426
a-877,14a1e55b-39ba-4ab3-9733-a69fedf4e5cb,Vrinda Sehgal,7764510798,vsehgal@yahoo.com,179 Som Street,Chennai,918162
a-878,fd69b75c-7979-46f1-9022-19fc625e5727,Inaya Padmanabhan,8503136980,ipadmanabhan@outlook.com,80 Kuruvilla Street,Nagpur,453143
a-879,642d05ee-e9e3-434f-b45d-9c6d68037692,Gautam Mane,7489979785,gmane@gmail.com,408 Raju Nagar,Madras,726680
a-880,b888bc70-13d9-4538-b265-370138726537,Chandran Gaba,7889508012,cgaba@yahoo.com,362 Kala,Lucknow,707275
a-881,6904f836-199e-4dc5-acaf-953aa6c7220b,Timothy Kar,07057071260,tkar@yahoo.com,70 Luthra Ganj,Kochi,814863
a-882,97703b40-13ba-42bc-a466-c6ee29610003,Nimrat Varghese,8917306255,nvarghese@outlook.com,68 Andra Nagar,Calcutta,178078
a-883,1c2a72d6-45ee-41d0-9b84-88ad8be05460,Urvi Deo,7499666280,udeo@gmail.com,301 Anand Street,Pune,893253
a-884,d78cccb5-227f-497d-8823-2829c4629424,Udarsh Krishnan,7413971222,ukrishnan@rediffmail.com,447 Mody,Hyderabad,483088
a-885,870f6386-955d-4fb6-b3a1-9c031bd17b3f,Anvi Sampath,8588030362,,24 Palla Marg,Chandigarh,709862
a-886,f94a6ce5-4001-4373-a3dc-4bedbb6f2c66,Tripti Krishnan,9885949346,,74 Shukla Ganj,Gurugram,713780
a-887,0842a98f-8d71-43d0-b14d-b2f1b4d46144,Chasmum Verma,9728969864,cverma@ymail.com,93 Ramnganathan,Nagpur,642612
a-888,f403bbf3-ee83-4aff-93ae-2f8fcd02db09,Harsh Amle,9501331441,hamble@yahoo.com,332 Prasad Circle,Mumbai,400023
a-889,fac40fd7-001f-4525-89d4-8096274a664f,Misra Barkha,7408707452,bmisra@rediffmail.com,202 Subramaniam Zila,Bhopal,955468
a-890,5e1fbab5-8f2d-4a4c-86de-bd54a0fdb593,Devansh Nayar,8061320524,dnayar@rediffmail.com,89 Nqair Road,Nagpur,
a-891,02791363-12d6-42e5-bc6a-c2ba99ca4b55,Aradhana Lal,6522914427,alal@hotmail.com,359 Guha Road,Lucknow,689855
a-892,917ab8dd-06f5-4ec6-ae0c-f06d1ebb8b0b,Mason Varughese,+91-80563-15834,mvarughese@gmail.com,352 Bhandari Ganj,Nagpur,878550
a-893,dcff5fee-abd0-41c6-879f-9535f7d867ae,Netdra Nagarajan,6285104588,nnagarajan@@hotmail.com,211 Bal Street,Ahmedabad,946380
a-894,1b73fbb3-d669-4bc4-a606-99ef7643b902,Prof. Widisha Merchant,9254693379,wmerchant@ymail.com,376 Sahota Road,Kochi,310514
a-895,25bc4a8b-5603-49a1-931d-85c1c4b8cc70,Nidhi Rama,8338858061,nrama@yhoo.com,93 Gupta Nagar,Jaipur,130630
a-896,f0b29a88-335d-41f9-816c-223a5a60d05e,Hemal Kapadia,6014481290,hkapadia@hotmail.com,99 Soni Circle,Nagpur,436217
a-897,08e0e235-7bab-4fb1-bff2-819dd5ff8a4f,Jagrati Tripathi,9047082596,jtripathi@ymail.com,302 Garde Road,Pune,818643
a-898,6d7d1f1a-ac59-4524-a7e1-d1567f304fbd,Pratyush Memon,8715889215,pmemon@hotmail.com,117 Sinha Zila,Mumbai,683386
a-899,6a1fbe73-8f1a-4e39-bf5d-7aee30e4aac9,Kabir Kuruvilla,7894008408,kkuruvilla@outlook.com,175 Goswami Circle,Bengaluru,194677
a-900,d05e03d7-669b-4d31-bdd6-d1990d2dae5c,Gautami Chakraborty,6470726407,gchakraborty@yahoo.com,476 Pant Ganj,Chennai,761411
a-901,d4351695-e78b-4fcc-af3c-5755bccde13c,Udant Mohanty,7629917917,umohanty@ymail.com,113 Narula Marg,Lucknow,601302
a-902,85232e5b-e87c-4d69-a224-5c6b546b45c7,Kamya Lad,8339597819,klad@ymail.com,21 Menon,Hyderabad,401849
a-903,af0d2742-79aa-4310-9504-5e6b9cd68f4d,Ubika Dalal,8949699081,,404 Bera Chowk,Kochi,291594
a-904,d9238856-98bf-47c1-80c8-d59ae4c4f6a3,Ekavir Sodhi,6473312223,esodhi@yahoo.com,340 Tella Ganj,Jaipur,173817
a-905,38a1fa92-dbd5-4e85-8bf7-b9e2d25bbc39,Jagdish Raj,7921880552,jraj@outlook.com,343 Misra Circle,Jaipur,930577
a-906,9416918d-2e4b-4632-aaf2-853bc2cc8b4e,Odika Bhagat,9286272236,obhagat@hotmail.com,284 Devan Street,Lucknow,384912
a-907,c01af5f6-4b57-4fb3-b769-a4b0388ad33b,Sai Oommen,7467659821,soommen@hotmail.com,417 Shankar Marg,Kolkata,926861
a-908,4f7d5464-b7b7-49d7-88b4-31418b6b1ef6,Luke Mutti,8109866257,lmutti@outlook.com,141 Buch Street,Jaipur,265887
a-909,89eabb9f-6e35-4b6a-988f-3acd74f77830,Vinaya Natarajan,8205319936,vnatarajan@hotmail.com,248 Munshi Street,Gurugram,901213
a-910,82ea7a36-c67c-4175-acae-ac7217e19bf0,Dalbir Agrawal,+91-90169-89157,dagrawal@outlook.com,388 Mahal Chowk,Kochi,984815
a-911,95b3d365-e69b-49ab-a19f-c5557a2ee2d7,Shaurya Gwanguly,6198275939,sganguly@hotmail.com,358 Dutt,Kolkata,393733
a-912,46921b10-aa9c-4aba-a865-18dae5a9f629,Vrishti Chakrabarti,9741976862,vchakrabarti@yahoo.com,40 Saraf Street,Lucknow,359895
a-913,227a9944-5f42-4569-a4bf-3623285454ce,Pushti Raval,7789397331,praval@ymail.com,102 Sood Marg,Jaipur,211520
a-914,80939c9b-ab34-49ea-87e2-cbe4adf6f901,Leela Agrawal,6094612526,lagrawal@ymail.com,153 Walla Nagar,Kochi,240963
a-915,00ff9dfe-3cbb-4449-b9f1-525dbd922907,Ryan Prakash,9355673800,rprakash@ymail.com,89 Nagy Nagar,Mumbai,987577
a-916,1d8e6d23-190f-49ce-9ede-03bbb108989b,Rayaan Badami,6417043005,rbadami@hotmail.com,65 Kothari Nagar,Nagpur,423368
a-917,18dfe05d-1f24-430b-a9c1-5f150af60ac0,Upkaar Padmanabhan,8725762670,upadmanabhan@outlook.com,252 Dayal Road,Chandigarh,162375
a-918,670a6c59-8011-42dc-8ff0-cd7c1b760763,Harshil Rajagopal,9965969916,hrajagopal@rediffmail.com,410 Mohan Circle,Chandigarh,477330
a-919,fe7efaec-9c79-46ca-8ae6-495285068285,Oliver Bhattacharyya,9778263848,obhattacharyya@rediffmail.com,386 Misra Nagar,Chennai,389081
a-920,6d7139ea-7f08-4311-a587-6f59009509bc,Bina Shah,8431551611,bshah@hotmail.com,195 Viswanathan Circle,Ahmedabad,158121
a-921,ac0874ac-e199-450b-b96d-1847216b1bf0,Geetika Saraf,8991470467,gsaraf@hotmail.com,431 Oommen Street,Kolkata,983411
a-922,b12a931e-6224-4f74-89a9-16b1f98e436b,Vrishti Parmer,7971392547,vparmer@rediffmail.com,416 Gala Ganj,Bengaluru,197227
a-923,3fa86834-541b-4082-91b3-188c821c1c5c,Netra Bahl,7198823301,nbahl@yahoo.com,493 Kapur Ganj,Kochi,672187
a-924,637e48f0-740e-437c-b460-efddcbddc6c1,Karan Kakar,9737490059,kkakar@gmail.com,389 Thaman Nagar,Bhopal,183903
a-925,62408d14-6fcd-44b3-bf8e-a7952ad2002c,Omkaar Dasgupta,8056874210,oxdasgupta@outlook.com,479 Barad Path,Kolkata,868760
a-926,fbb10791-5902-4c55-b7a3-fdab4ac44aec,Keya Kumer,8283104474,kkumer@gmail.com,107 Bava Circel,Calcutta,356006
a-927,924f67e7-f663-4268-aed9-f4e189cbccba,Chanakya Chokshi,9253671100,cchokshi@gmail.com,353 Bava Nagar,Hyderabad,596688
a-928,367b2229-0a9d-4dcd-b4cd-fa2bf235b5b3,Jack Saha,+91 65567 16814,jsaha@ymail.com,13 Rai Chowk,Chandigarh,765905
a-929,34619655-7429-4a4f-a6f0-f61d405f1955,Jatin Krishnan,7433589813,jkrishnan@rediffmail.com,273 Dua Chowk,Bhopal,548713
a-930,839b1ed6-0d8f-4e6c-b86b-bd68091f7463,Smt. Samesh Andra,8228426552,sandra@rediffmail.com,96 Salvi Road,Pune,474332
a-931,85bb2df9-ee12-454f-a1db-2d95e4ddc590,Harrison Venkatesh,7152183513,hvenkatesh@hotmail.com,67 Devan Road,Pune,698785
a-932,5ab8428a-93d1-4faa-adac-1d8cf9486fb8,Omya Cheema,8061434074,ocheema@gmil.com,2 Dalal Circle,Pune,627046
a-933,25b0b2ee-caa2-4cf9-808a-47d314b1434c,Barkha Comar,9874561655,bcomar@ymail.com,343 Tank Zila,Gurugram,884768
a-934,e9885c4b-6ef9-484c-8242-bc16c575124b,Rushil Iyengar,8886696153,riyengar@outlook.com,318 Virk Road,Chennai,369379
a-935,a675e3a7-5373-4fa7-a346-79f7e092b725,Saksham Parmar,9981300220,sparmar@ymail.com,263 Merchant Marg,Chandigarh,689617
a-936,f0717006-96b9-4673-aae8-d8e17fd45d72,Naveen Baral,8575259551,mbaral@gmail.com,105 Taneja Circle,Hyderabad,377543
a-937,6d719ec3-e93d-45ad-be74-cb4e9e635602,Er. Sarthak Srivastava,9672437491,ssrivastava@yahoo.com,358 Keer Path,Lucknow,870060
a-938,b921d1ca-cad1-4ffc-9587-20f1a53ede97,Aarnav Arya,7987014662,aarya@gmail.com,164 Choudhry Zila,Delhi,519966
a-939,e49fdda7-6b84-47b3-8693-2a8dc7d5c708,Wakeeta Dixit,6295150392,wdixit@yamil.com,271 Vaidya Zila,Mumbai,970948
a-940,ff61cd80-7214-41b0-a629-c1857c20cec1,Falan Chaudhuri,8563826550,fchaudhuri@hotmail.com,24 Kashyap Road,Bhopal,527521
a-941,d33028cb-b2c8-4b74-b0de-04735873550f,Tanmayi Minhas,7288470123,tminhas@yahoo.com,256 Shetty Road,Hyderabad,375525
a-942,0bb492d6-037d-4b83-a984-24f170c60dc5,Chandresh Chaudhry,9108158753,cchaudhruy@rediffmail.com,347 Baral Street,Delhi,826530
a-943,53bbe89a-b8a7-49a0-93f4-d886110a3303,Bina Parsa,9173259840,bparsa@ymail.com,448 Sandhu Path,Bengaluru,364502
a-944,0fec4699-6207-4766-b063-5baee1c06857,Jack Chandran,9053090877,jchandran@gmail.com,440 Andra Nagar,Chennai,229045
a-945,94792980-b235-414b-9015-c4f51e808a92,Lakshit Garde,8622958322,lgarde@outlook.com,389 Parmar Path,Delhi,359403
a-946,176a9d5d-16ba-4abc-a8ff-b6f7cd22b67d,Raksha Loyal,8692195014,rloyal@outlook.com,122 Pradhan Zila,Hyderabad,108715
a-947,429e5da4-1c56-406c-97ab-bb09643795e9,Hema Goswami,6080826977,hgoswami@yahoo.com,299 Rattan Zila,Pune,425019
a-948,b957cf41-e852-4012-b319-c12e8bef5e92,Mugdha Shan,9076281297,mshan@gmail.com,72 Rajan Road,Chennai,976108
a-949,55035cbe-fcf2-43bd-9ff7-60a9ab1fee55,Vanya Sama,7998355879,vsama@outlook.com,459 Chowdhury Street,BLR,358702
a-950,d177adbc-b117-4178-a199-ca4ce0aff3e8,Kevin Bhargava,8275727813,,436 Chawla Street,Lucknow,420925
a-951,2d61e7e5-660e-4fea-8f54-8a742bb1f0d3,Omaja Subramanian,7429812544,osubramanian@hotmail.com,337 Sarma,Bhopal,907140
a-952,49894a86-ec89-47ad-9fa0-c705886c88a2,Pratyush Raghavan,93679-98544,praghavan@ymail.com,103 Balakrishnan Pat,Cochin,277217
a-953,532432d9-d0a9-4195-9526-a75c1ddf7c7b,Kalpit Subramanian,8014513353,ksubramanian@gmail.com,265 Chowdhury Chowk,Kolkata,352580
a-954,f4c4dd74-cdf8-4d38-bd78-b513babb7551,Sastry Nisha,7549605503,nsastry@myail.com,179 Bhatnagar Nagar,Chennai,312967
a-955,fc7e884c-58df-4d5b-afa1-e6fceb7c4076,Advika Murthy,8866404857,amurthy@gmail.com,101 Vohra Nagar,Gurugram,984848
a-956,8effb0ba-1b9c-47b4-bb36-8fa4f8e35adc,Udarsh Nigam,7920762812,unigam@gmail.com,93 Virk Circle,Lucknow,680006
a-957,a104a4ef-04c9-432e-b46e-de99901a2d21,Girish Sant,6967536818,gsant@rediffmail.com,43 Subramaniam Ganj,Mumbai,658383
a-958,24b55add-1c5f-473c-ad7f-378200325555,Hiral Rajan,8638083692,hrajan@hotmail.com,414 Bhagat Street,Chennai,
a-959,cee67d89-7a97-4a2e-93eb-b30343144f21,Advay Dugar,6964104627,adugar@hotmail.com,6 Singh Circle,Ahmedabad,441241
a-960,39236c3f-cc60-4c6a-b436-d47592b25f03,Warhi Gandhi,9201323936,wgandhi@rediffmail.com,65 Swamy Zila,Delhi,563374
a-961,6471d12f-0be7-44a8-8cda-b07dbf979d09,Ekani Khosla,7698941233,ekhosla@yahoo.com,76 Mall Path,Lucknow,370623
a-962,1ab413a8-1fc9-406c-8eee-f57402ac817e,Chandresh Tripathi,7323299398,ctripathi@gmail.com,245 Radhakrishnan Ganj,Jaipur,858116
a-963,9eec9820-1328-4478-8de8-9dbaabae1809,Neha Keer,8280003694,nkeer@yahoo.com,184 Sharaf Zila,Kochi,364386
a-964,0e7f92dd-615b-4b72-9a45-093f7f5044bc,Sachi Sem,+91 88766 11366,ssem@rediffmail.com,154 Tara Zila,Gurugram,305706
a-965,9104ed02-5491-40ac-ab38-0b09b9f7e21a,Sanya Mutti,9721008755,smutti@yahoo.com,96 Tank Zila,Bombay,464780
a-966,9897ac8c-7372-467f-b8fe-c235efcaf3b2,Andrrew Chauhan,7214351214,achauhan@yahoo.com,112 Sachar Marg,Gurugram,624547
a-967,bb6903b8-33a8-4b78-bff2-9921320b3263,Balendra Acharya,7145150601,bacharya@hotmail.com,307 Modi Zila,Hyderabad,407228
a-968,1f03250a-d188-4375-9832-7acdbfd76e4a,Smt. Yashoda Jhaveri,8306031500,yjhaveri@outlook.com,496 Om Chowk,Gurugram,181285
a-969,dea13820-0873-41f3-a12d-fd5cbaf2451c,Januja Bhagat,8276549896,jbhagat@hotmail.com,55 Sha Ganj,Ahmedabad,854814
a-970,ac20cd55-3896-4309-b831-f3c893b0f7c8,G. Solanki,8537497027,gsolanki@outlook.com,376 Sethi Path,Kolkata,118793
a-971,6656aeb1-3637-43c7-94b2-49db45d7d000,Ishaan Chatterjee,6766177857,ichatterjee@hotmail.com,348 Agate Ganj,Lucknow,463929
a-972,889fef3c-5cc8-4533-9dfb-1d4519f0d57d,Harita Pant,8574487283,hpant@gmail.com,439 Vig Road,Gurugram,813233
a-973,9d0d0766-6129-4dbe-b4fb-e46bedeada1b,Kashvi Cherian,7219501821,kcherian@outlook.com,419 Gala Nagar,Chennai,243600
a-974,eed0a1c0-df2d-4b14-87da-feac8f2f0f11,Waida Dey,9156091295,wdey@rediffmail.com,247 Chhabra Marg,Gurugram,927052
a-975,16a251f5-a500-4822-9575-9040bf5e7e7a,Aachal Hayre,7173802254,ahayre@gmail.xom,285 Dara Ganj,Chennai,555620
a-976,eadce5da-2bca-4d2d-ae31-af541977368e,Maya Kale,6260643888,mkale@ymail.com,117 Halder Chowk,Kochi,222950
a-977,87e57b2d-1707-44f3-befe-b44733ec2dbd,Hamsini Chokshi,8354456312,hchokshi@hotmail.com,81 Batra Marg,Gurugram,619903
a-978,21d063e1-bcf6-4cff-833c-b1d24bab2b62,Shri Jatin Seshadri,6372570072,jseshadri@ymail.com,463 Thaman Chowk,Mumbai,975071
a-979,a9bf9ac6-cf8d-42bb-98a8-72e55d50c10e,K. Tara,8095933585,ktara@rediffmail.com,108 Wali Nagatr,Nagpur,411281
a-980,d2ecf6f4-0635-4680-ac9a-ba2d652a5fb9,Chanakya Sant,7767798480,csant@rediffmail.com,216 Subramanian,Hyderabad,179830
a-981,a1fbeaa5-a0a8-4d47-87ca-2fbbb23d24f0,Yasoda Goel,+91-66550-55833,ygoel@gmail.com,283 Ghose,Nagpur,114558
a-982,8f06ce98-ac22-46ae-a5a8-31cfdeece638,Kabir Chawla,8013131853,kchawla@rediffmail.com,10 Nagy Marg,Chennai,615424
a-983,4ff20e8c-0c07-4d9a-bd0c-2a2fa079054c,Yamini Rajagopalan,9192311217,yrajagopalan@outlook.com,195 Kothari Marg,Jaipur,790909
a-984,e1df9098-4b28-4e06-842e-4b1125048b81,Anusha Rao,9923252739,arao@ymail.com,201 Menon Path,Bhopal,110887
a-985,419c2a04-5689-4e09-acc9-24c6f5ac0f63,Sneha Deol,6844446751,sdeol@ymail.com,143 Sachar Stret,Ahmedabad,458466
a-986,5ebbf5ef-884d-4bcd-85df-62a23415a91e,Yauvani Mistry,07980661341,ymistry@rediffmail.com,139 Murthy Circle,Bengaluru,830296
a-987,744e99c8-cc18-4a14-8ad6-d5b4913334b4,Teerth Iyer,7717025875,tiyer@gmail.com,147 Mannan Ganj,Bengaluru,231326
a-988,026acf2c-0d1f-4d15-996a-4f301a095c6b,Hemani Deo,6135152539,hdeo@yahoo.com,435 Thakur Street,Gurugram,295509
a-989,4b006171-878d-44b4-b867-103c5a2bb1d9,Ekantika D’Alia,9633972940,ed’alia@rediffmail.com,434 Srinivasan Path,Bhopal,258623
a-990,a2482e38-0c25-4e32-bf32-16de6869aee6,Omkisha Walla,8267474926,owalla@outlook.com,471 Sami Road,Hyderabad,340575
a-991,baddacbf-bd00-44b9-ad8c-7af66c1c60d3,Agastya Virk,7672003646,avirk@hotmail.com,126 Bakshi Zila,Gurugram,527395
a-992,093a60f5-279b-42f0-81e5-c337d41ab7dc,Lakshmi Dhillon,7868201596,ldhillon@rediffmail.com,235 Bhalla Nagar,Hyderabad,734268
a-993,377b32c9-8161-4d7e-892a-04b2ac72a5f1,Ryan Loke,7396111302,rloke@rediffmail.com,436 Mangat Street,Bglr,633334
a-994,3e7c41f8-3137-42ad-beac-8879d0e500b9,Z. Dhingra,8344122054,zdhingra@yahoo.com,89 Merchant Nagar,Bengaluru,914108
a-995,e947d3b4-7e2f-427b-86dd-b08e2972f7a5,Samar Bali,8765066429,sbali@hotmail.com,136 Sethi Path,Hyderabad,293975
a-996,64e7e263-a074-4bf6-85ec-d2d37d79a2d8,Harsh Kapur,6954379754,hkapur@ymail.com,428 Ramachandran Circle,Hyderabad,237071
a-997,e1725188-9bbe-4bdb-964b-ce91ac011853,Wazir Vaidya,7700019772,wvaidya@outlook.com,389 Batta Road,Bengaluru,217010
a-998,0aaff662-47a3-4d28-99ff-cde132000aea,Lakshmi Ram,9459752990,lram@gmail.com,58 Munshi Marg,Lucknow,948822
a-999,6ee514f9-e8f5-4dca-845b-6ca4871b20ba,Chatura Arya,6730489182,carya@hotmail.com,55 Jain Road,Chennai,846162
a-1000,1e293d8c-1eb6-43dd-9d8b-2db2655b09a8,Saanvi Kar,6044060778,skar@gmail.com,435 Hegde Path,Bhopal,229082
a-1001,240590a6-b7d7-4017-a43a-556409b4839f,Rishi Menon,7860802291,rmenon@ymail.com,111 Goel Chowk,Bengaluru,722787
a-1002,69722586-3595-4436-bc58-ccc2c1cda907,Falan Grover,9532969448,fgrover@rediffmail.com,101 Varkey Street,Kochi,885245
a-1003,a3116276-ff19-4117-9643-f249335ca88d,Jagdish Purohit,6603359430,jpurohit@ymail.com,158 Sangha Nagar,Chandigarh,936147
a-1004,2e2c7a9b-e7bf-4c03-8a39-be4efb8d0b01,Arya Lalla,8832091217,alalla@hotmail.com,352 Dyal Street,Bhopal,396003
a-1005,24886deb-f15c-4c83-aae3-64c9af908d46,Aadhya Ahluwalia,7044963403,aahluwalia@outlook.com,11 Shukla Path,Bengaluru,525702
a-1006,76e0acea-72a3-457d-8650-697a9db1452e,Mohammed Baral,+91-95629-10489,mbaral@ymail.com,276 Naidu Street,Chandigarh,430164
a-1007,a7645b37-1ee2-4811-8823-5a5252bbc0ad,Mitra Charan,6362335761,cmitra@hotmail.com,324 Parmar Chowk,Gurgaon,384484
a-1008,9bbde955-baac-4ccb-8c63-7a7791e8b393,Elijah Nadkarni,8175138467,enadkarni@gmail.com,465 Kannan Circle,Lucknow,216804
a-1009,42b7d186-bfab-41bd-8de4-ab6c9505d0ec,Qarin Verma,6828000525,qverma@rediffmail.com,14 Tiwari Zila,Hyderabad,
a-1010,50c63863-501d-4433-a3e7-7f8eda0af944,Nathaniel Sagar,8319202858,nsagar@hotmail.ocm,59 Yadav Circle,Lucknow,131079
a-1011,85c99633-7bc8-4487-8dc4-f772ee162450,Netra Chanda,7951427579,nchanda@rediffmail.com,170 Kant Path,Nagpur,439483
a-1012,1f4c7bd8-1cb2-4825-b31e-c027ab403924,Tanay Narula,7690374740,tnarula@hotmail.com,202 Patel Path,Chandigarh,918430
a-1013,2cd422dc-88e8-4379-91cd-5ef5f251cab1,Chaaya Kamdar,8886629789,ckamdar@hotmail.com,7 2Wali,Jaipur,996002
a-1014,65c35996-7c46-4f08-9deb-9e06c5e33769,Vaishnavi Andra,8322600070,vandra@hotmail.com,61 Pal Zila,Kolkata,419338
a-1015,96b5503a-e33b-470d-96c9-03ad201b8b8b,Sanaya Khosla,7867391640,skhosla@ymail.com,351 Kohli,Kochi,198662
a-1016,0dcaa159-0583-41b0-94b7-a885729c5531,Balveer Nagi,84224-03211,bnagi@hotmail.com,191 Comar Marg,Bengaluru,987471
a-1017,2f5e4b53-6cfe-4bde-b9fc-a6ddd36e2702,Libni Kuda,7097411222,lkunda@hotmail.com,24 Mandal Circle,Nagpur,757090
a-1018,8808994d-0887-4347-89c1-d22bfa490560,Aryan Varughese,8342396419,avarughese@gmail.com,361 Varkey Path,Kochi,991980
a-1019,1676fdc5-36df-4f56-9cb8-430924a64374,Yashoda Sehgal,6214999140,ysehgal@hotmail.com,288 Bassi Chowk,Kochi,474976
a-1020,061aad9b-9f6e-4762-939d-14c11a38ef79,Chaman Hans,6647927194,chans@rediffmail.com,388 Varkey Path,Pune,661784
a-1021,b3bbbd90-62f0-4847-b6e9-ca3eaf310545,Fitan Char,7129562742,fchar@gmal.com,198 Yogi Street,Lucknow,651928
a-1022,9784dfd7-3e32-43f7-86a6-36a0f040dfed,Abhimanyu Bhatti,7415974330,abhatti@gmail.com,388 Kala Ganj,Delhi,765107
a-1023,2ff0a001-4f41-4acb-9fdd-73be6bfe99e4,Panini Chawla,+91 62709 73714,pchawla@gmail.com,56 Yogi Ganj,Pune,328675
a-1024,8650f5af-2dd7-4161-8e7c-8e0c3ef4cefa,Radhika Bora,9077119830,rbora@hotmail.com,3 Bajwa Street,Nagpur,968309
a-1025,355adf98-1328-41c4-9a6b-cae8d9540fc4,Tripti Narula,9077723906,tnarula@rediffmail.com,399 Chahal Nagar,Chandigarh,914256
a-1026,a6f45e7e-016c-488f-87fb-69077b8019c3,Ethan Bhagat,7332617690,ebhagat@yahoo.com,449 Krishnamurthy Street,Bombay,320085
a-1027,92d0de3d-6245-4e02-b0b6-c65726912c95,Ekavir Kari,7154493361,ekari@rediffmail.com,115 Reddy Road,Kolkata,
a-1028,75d10c6e-003a-4567-805b-1dfc0786956f,Lipika Seshadri,9381235292,lseshadri@hotmail.com,302 San tMarg,Kochi,908690
a-1029,87cb4ee8-c086-484d-ad2b-5bdf70031540,Diya Badal,8283117247,dbadal@ymail.com,245 Dani Marg,Mumbai,757236
a-1030,901ae10b-a60a-4d67-a22a-4250d3929ffb,Abeer Bhatnagar,9991676006,abhatnagar@ymail.com,90 Bath,Bengaluru,752806
a-1031,c4865edf-4d05-4911-bd5e-7f8fa86dd5f5,Elijah Parmar,9294401141,eparmar@gmail.com,302 Cherian Circle,Bhopal,602295
a-1032,49546e64-daca-4bc3-a8b7-f31921515bba,Bimala Mitra,6941887002,bmitra@gmail.com,266 Chadha,Pune,264664
a-1033,2a5b6c03-79fe-4ec8-914d-2477df19968b,Mrs. Baghyawati Sarma,8502783128,bsarma@outlook.com,215 Rana Marg,Nagpur,217525
a-1034,8e6b4492-52b8-48c6-8dfb-f52b7177c537,Azaan Som,9539672651,asom@yaho.ocom,45 5Walla Street,Chandigarh,606156
a-1035,406bb922-5a18-4754-8df0-9dad4002dcf8,Thomas Deshpande,98397-10171,tdeshpande@yahoo.com,217 Merchant Marg,Nagpur,478152
a-1036,b9a1130c-e9bd-4ffa-a966-e160290d1706,Maanas Misrw,8459050860,mmisra@outlook.com,218 Apte Path,Ahmedabad,772048
a-1037,6780c70d-30cd-42d8-86f3-1401245e5d95,Lohit Dasgupta,08184485056,ldasgupta@yahoo.com,91 Ahluwalia Nafar,Lucknow,437767
a-1038,7162d205-a667-4110-bc6c-d5c6ab2ba06d,Meera Yogi,6760503389,myogi@rediffmail.com,367 Chada Circle,Chandigarh,416912
a-1039,1561149b-3cfe-4bc9-b3ad-e311a2d13fbd,Dalaja Kade,7672613790,dkade@outlook.com,285 Kakar Path,Ahmedabad,722797
a-1040,0a810cd1-00be-43ef-b050-dac34f72f509,Nitara Vala,7065507023,nvala@rediffmail.com,204 Dyal Street,Delhi,238864
a-1041,5454aeff-183f-4605-aca6-b72ce2e26525,Qarin Kant,9900619558,qkant@yahoo.com,278 Krishnan,Gurugram,285579
a-1042,088dbe83-cf3c-44de-b699-fde22cb31556,Rishi Contractor,6843494490,rcontractor@hotmail.com,374 Bhagat Street,Hyderabad,216933
a-1043,7d72c9bd-598d-4433-aaed-66abbf4e7b58,Triya Bora,6903648251,tbora@yahoo.com,87 Bhavsar Road,Chandigarh,319576
a-1044,a391c376-1eef-48c6-ae60-a8b5d353994d,Zashil Chaudhari,9079616664,zchaudhari@outlook.com,326 Sr Ganj,Jaipur,886500
a-1045,bb32293f-0162-489c-8714-40f65241ec7e,Ganga Parikh,7713786637,gparikh@hotmail.com,26 Keer Street,Lucknow,780870
a-1046,2af3c608-9aad-4557-9e7d-9091a94eb867,Harish Mane,8844765490,hmane@gmail.com,240 Boase,Chandigarh,800211
a-1047,0268107f-fca4-46b6-817b-c634c5a9edc2,Rishi Nadkarni,8975124263,rnadkarni@ymail.com,135 SeshadriChowk,Calcutta,356240
a-1048,dbb0732d-07e1-472d-bd81-25905ffdc42d,Falguni Mohan,7971592572,fmohan@outlook.com,276 Dua,Jaipur,682891
a-1049,3602553f-f4dd-4660-88be-0e5925322a34,Janya Mutti,8324732156,jmutti@outlook.com,128 Ganguly Mrag,Nagpur,571400
a-1050,407ad12d-f099-47c5-8726-38963282bd61,Aayush Munshi,7684605015,amunshi@yahoo.com,19 Kant Ganj,Nagpur,396776
a-1051,c9428933-0d23-48d4-a8ae-f19e6c587ced,Rajata Malhotra,9301211392,rmalhotra@yahoo.com,497 Desai Path,Nagpur,447177
a-1052,89ab9af9-7d1a-4ab8-9a61-188c41ca92e3,Garima Srinivasan,6569010709,gsrinivasan@hotmail.com,144 Sehgal Chowk,Jaipur,634130
a-1053,d2afa3bf-d477-45f9-bb08-8e4009f5c9f9,Jagrati Mody,7979953991,jmody@outlook.com,301 Chopra Chowk,Gurugram,673719
a-1054,61652397-eaa7-4faa-a4ad-05150e2d1026,Parth Bumb,08197963491,pbumb@ymail.com,211 Dey Road,Lucknow,174255
a-1055,b9b592a1-87f1-4337-a68d-ea344fda4dee,Ronith Lall,6617942467,rlall@outlook.com,291 Borra Zila,Chennai,800806
a-1056,0db1ae6f-6f59-4122-bcc8-1240d8868c04,Anirudh Tripathi,+91 84561 47001,atripathi@outlook.com,119 Ravel Nagar,Jaipur,875063
a-1057,b17594ea-c528-43d8-8aed-a5a009a10bdb,Simon Bansal,6598843338,sbansal@gmail.com,425 Lad Circle,Chandigarh,519876
a-1058,f1372743-d2fe-4d64-a3b8-9e8a91702f00,Urmi Dixit,8909515005,udixit@rediffmail.com,54 Ramanathan Path,Bengaluru,835536
a-1059,ca641db5-1777-4836-8f46-af16e30c5b2a,Mannan Udant,9340983482,umannan@yahoo.com,121 Shetty Street,Lucknow,548086
a-1060,aaf4d4b2-1bec-496f-ba69-6b86ebd92c83,Yachana Uppal,9244505022,yyuppal@rediffmail.com,448 Ranganathan Zkila,Nagpur,885563
a-1061,b86d055d-6dc2-4248-95ae-bba3536ba72b,Januja Thakkar,92116-01610,,353 Khare Nagar,Chennai,
a-1062,cf22848e-9030-4972-bb49-ea3e23e051ac,Noah Varkey,8662150468,nvarkey@outlook.com,497 Sehgal Street,Ahmedabad,535459
a-1063,da775c0d-47eb-4016-b2eb-198ed431679a,Nathaniel Gola,6066106342,ngola@rediffmail.com,372 Dhingra,Chandigarh,388876
a-1064,8bd821d3-70f9-4afd-a1bb-47cf805cf356,Parmer Veda,8416027209,vparmer@yahoo.com,257 Kanda Nagar,Chennai,242294
a-1065,b9cacae9-a1d3-434b-97c2-26a3c7e80ff2,Vinaya Kata,7158791774,vkata@gmail.com,53 Lalla Zila,Chandigarh,111462
a-1066,8ba2fb31-68dc-453b-a095-bbb0b63257fb,Kala Kaur,+91-72183-67551,kkaur@outlook.com,376 Jhaveri Nagar,Ahmedabad,288933
a-1067,b7cd69f1-8175-453c-a3a0-e6b1c0941ce1,Zarna Patel,06594515592,zpatel@hotmail.com,323 Singh Marg,Hyderabad,845491
a-1068,6dfc76b9-8367-4308-b1a9-fe2a1a6a88bd,Suhani Batra,6201410601,sbatra@outlook.com,460 Naik Nagar,Lucknow,484126
a-1069,e02803f3-7088-4572-b418-45a9af8f60fb,Harshil Verma,9877717920,hverma@hotmail.com,135 Lall Road,Kochi,451923
a-1070,9e3306cf-1eee-4fa2-9604-469c5900b6ca,Owen Puri,9627336309,opuri@outlook.com,335 Pau Marg,Gurugram,
a-1071,5dcfbb6d-9191-4d07-805e-2b80b589b63c,Faras Varughese,8118891887,fvarughese@hotmail.com,254 Puri Road,Delhi,845598
a-1072,e749dcd1-9ac6-4513-b03f-f66cc1415475,Udant Varty,7088831560,uvarty@ymail.com,219 Pandit Marg,Kolkata,150319
a-1073,761d7813-6983-45db-8e3f-9fbda5705244,Hemani Sur,9536337524,hsur@ymail.com,264 Ahuja Chowk,Bengaluru,736698
a-1074,f9a2cc88-612f-4012-a88f-ee66df66608e,Yachana Dewan,9398852295,ydewan@ymail.com,277 Gandhi Chowk,Nagpur,956657
a-1075,0ab336f5-5888-44e7-aa42-374ac4c8439a,Victor Bose,8274414552,vbose@gmail.com,467 Mand Circle,Mumbai,245826
a-1076,064f8a2f-ad97-4e6b-a6c6-5ebc6d9a9aac,Siddharth Doctor,6487840010,sdoctor@hotmail.com,26 Dugar Street,Chennai,915001
a-1077,c33c9710-f3a8-4c9c-bf5a-831d2d2c8b37,Janaki Dani,8338424013,jdani@yahoo.com,175 Sachdeva Ganj,Bangalore,912958
a-1078,1864d49c-b1d7-4194-8808-30d087624780,Ganga Comar,7533148596,gcomar@rediffmail.com,216 Srinivas Chowk,Nagpur,105317
a-1079,c94da0d8-007d-4b16-92fd-0802d196830f,Varenya Kade,9476064226,vkade@gmail.com,303 Edwin,Pune,163047
a-1080,07f82d40-3f92-4d5a-b104-709b0b2155bd,Nirja Bains,9040336980,nbains@yahoo.com,138 Bassi Ganj,Kochi,863009
a-1081,815c3606-3727-4d6f-8bdf-302ef6db2556,J. Dyal,7137931005,jdyal@outlook.com,322 ValaStreet,Nagpur,732629
a-1082,e1b7f1ca-be3c-423e-8a62-30aa7b23defb,Baplveer Din,8254315967,bdin@rediffmail.com,20 Ganesan Nagar,Lucknow,348150
a-1083,ea2a9e9a-c0d7-48a1-a222-3c70c0a5b3fa,Aarna Gole,9612998338,agole@gmail.com,448 Ravi Circle,Bhopal,472987
a-1084,4acfbc4a-53cd-46ef-be33-e073e8dd070f,Anirudh Mander,8807258400,amander@rediffmail.com,465 Kalita Zila,Gurugram,
a-1085,373dbdb8-5d95-405d-af1f-6b8bf0d20575,Saumya Sinha,7963640835,ssinha@rediffmail.com,42 Garde Chowk,Ahmedabad,976346
a-1086,c0254b84-73ab-4e5e-a93d-2ca9fdb189b9,Theodore Roy,6412686384,troy@yahoo.com,378 hDar,Gurugram,268790
a-1087,fdd99e3c-560b-49d5-9e04-ef1ed6a62e4a,Qabil Vaidya,8064253326,qvaidya@ymail.com,309 Ganesh Road,Kolkata,205546
a-1088,612e5667-91d6-4a53-ac86-6f0ca4264a8a,Hema Setty,6512680129,hsetty@gmail.com,90 Biswas,Bengaluru,863547
a-1089,4716d670-1614-4253-86b0-8bc4d116d5c9,Victor Radhakrishnan,8072218562,vradhakrishnan@gmail.com,20 Deo Marg,Lucknow,259292
a-1090,d1d85c01-c5a1-4b98-8d32-496643253d18,Ikbal Babu,7666039311,ibabu@gmail.com,390 Virk Ganj,Delhi,490203
a-1091,9262d6e8-02f8-436b-b965-057fe1e249d7,Yamini Saini,9997564134,ysaini@gmail.com,423 Char Street,Bhopal,767769
a-1092,9b163902-ff67-4c94-950a-9f2b24667d6a,Peter Soni,08271267970,psoni@ymail.com,207 Barad,Pune,719324
a-1093,7417c735-172a-4091-ad23-978d1fadd5fb,Yahvi Dalal,9594582919,ydalal@outlook.com,259 Subramaniam Zila,Ahmedabad,166796
a-1094,20478628-6ff2-4e78-9d98-131be4f81788,Kalpit Zacharia,7330072466,kzacharia@hotmail.com,376 Sankar Nagar,Chandigarh,534603
a-1095,0615580f-5875-4b6c-980f-05ede01b44b5,Osha Prabhakar,8263515115,oprabhakar@outlook.com,147 Wagle Nagar,Mumbai,947406
a-1096,661e1fd2-face-435c-ab6a-19a845f90842,Pushti Karnik,7503731098,pkarnik@gmail.com,462 Raj Chowk,Bengaluru,944096
a-1097,3e3ccc3c-01dc-4db1-8b85-651f72debaf4,Inaya Chaudhari,+91 63318 68512,ichaudhari@hotmail.com,471 Desai Marg,Kolkata,743053
a-1098,37fd45ea-c510-4a27-a90d-22935c1dcac0,Aachal Sooed,7325827577,asood@gmail.com,11 Chacko Ganj,Lucknow,487611
a-1099,9ef963b1-a2b4-4354-914a-c4eb67fcf117,Bhanumati Rege,6683598569,brege@rediffmail.com,208 Gulti Road,Ahmedabad,
a-1100,1c47a6c9-608a-4881-814a-a151856d53d6,Abdul Amble,6578565070,aamble@outlook.com,499 Virk,Calcutta,411409
a-1101,2c967390-3c70-4e4a-a1f7-b169de3d475a,Jacob Venkatesh,6569822934,jvenkatesh@yahoo.com,197 Prashad Nagar,Chandigarh,431208
a-1102,28a8c0f8-57f0-42ba-907b-1daa8e15e8b2,Samesh Mutti,9425555700,smutti@gmail.com,78 Pathak Marg,Mumbai,808025
a-1103,9a18b1e0-8f4a-4a1c-92de-974a2d72ba21,Hredhaan Dubey,9457076440,hdubey@yahoo.com,123 Kulkarni aMrg,Bengaluru,291985
a-1104,6a1db392-0711-4766-bca0-054fd8220833,Advika Wason,7773769825,awason@rediffmail.com,153 Pau Marg,Delhi,109556
a-1105,7fe377d0-d953-4fd3-9561-897ca9968e4e,Anya Ranganathan,9620615905,aranganathan@ymail.com,167 Sachdev Ganj,Bengaluru,
a-1106,ff2c5273-0e82-4e8e-9ace-a1247bbdf11c,Vasudha Gola,7172104132,vgola@hotmail.com,389 Sule Path,Kochi,657509
a-1107,6c9507b9-e1ac-46ab-a75b-14185bc0c4e0,Zehaan Mohanty,6500366711,zmohanty@outlook.com,434 Padmanabhan,Nagpur,657974
a-1108,53913820-a404-436b-adb9-f247f18529b0,Mitali Devi,+91-76691-57380,mdevi@gmail.com,395 Karpe Zila,Nagpur,624056
a-1109,97a0e956-f852-488e-bb9b-b9558016a765,Sanya Edwin,9359679685,sedwin@rediffmail.cmo,321 Kala Zila,Bengaluru,421184
a-1110,cc2d542a-ea6b-4929-a8d2-975f08ba555b,Yashoda Rattan,7634133940,yrattan@yahoo.com,364 Ben Path,Delhi,541990
a-1111,ce645265-68a1-4639-a16d-b6fa6aa6a147,Naveen Ramachandran,8275240733,nramachandran@gmail.com,183 Chand Nagar,Ahmedabad,130743
a-1112,5d05691a-bc8c-4dfd-9e70-95a214f8be8d,Maanav Sinha,+91 74705 00013,msinha@ymail.com,453 Saran,Madras,593385
a-1113,be35ee36-d641-4500-8bbd-132108ab7d2b,Gaurang Bhatt,7576192830,gbhatt@ymail.com,294 Kapadia Road,Gurugram,535996
a-1114,c0714b1c-b0c1-44a8-9102-ddff930c2289,Kamala Buch,6882655378,kbuch@rediffmail.com,451 Barad,Bhopal,259303
a-1115,c55caf9f-e627-4d5c-98f8-a0a8d811381b,Leena Rattan,9967535902,lrattan@hotmail.com,170 Verma,Nagpur,413539
a-1116,e3a4f505-c3cb-4d51-9e83-b7b075c50ad0,Bhavini Bhandari,7763499074,bbhandari@gmail.com,317 Talswar Street,Delhi,723529
a-1117,002437e2-8e03-4a18-9350-ec7b1bf9b3f3,Anne Reva,9416083774,ranne@ymail.com,398 Vasa Ganj,Pune,827883
a-1118,3dd10a1b-b547-4aa4-8fd3-568602a2c28e,Bhavika Hayer,6256903291,bhayer@yahoo.com,1549 Uppal Nagar,Chandigarh,508697
a-1119,e490d4b7-ac38-4c9d-bcb8-b8b67e819960,Zaitra Kata,+91 73851 67255,zkata@yahoo.com,5 Gara,Bhopal,489795
a-1120,d86258d4-48a7-4bb8-94ff-9829979b5e2b,Balendra Parsa,6610916585,bparsa@rediffmail.com,447 Acharya Ganj,Ahmedabad,983498
a-1121,f9b74409-21a6-44dd-a94a-6ef8352469f5,Nakul Chadha,8711156183,nchadha@outlook.com,376 Ratta Road,Ahmedabad,692969
a-1122,2077d848-1d97-4fc4-8d80-ae537018222c,Ira Rana,6497749988,irana@outloolk.com,48 Iyer Marg,Chennai,453391
a-1123,cd93b002-5efb-4f00-8325-a16f054505a6,Zarna Aurora,9233342834,zaurora@ymail.com,219 Chana Zila,Nagpur,539508
a-1124,b35f6f20-2ac2-4460-a138-dc297bf73e3b,Bhavani Pall,8244300524,bpall@gmail.com,25 Malhotra Path,Nagpur,
a-1125,fd7ccd7b-9e97-44a3-a3bc-43d80b722b52,Upkaar Hayer,6196123987,,245 Raval Chowk,Delhi,362189
a-1126,aff24cd3-cdd5-4aaf-8f95-5152e075b6e2,Aayush Lal,6374673908,alal@gmail.com,191 Ray Street,Jaipur,337428
a-1127,3cb8e179-7472-47c8-85bc-c5e5714bcb4a,Yashawini Chhabra,8297000447,ychhabra@erdiffmail.com,8 Bora Circle,Chennai,703636
a-1128,907396be-c4e1-4723-99c2-7e25ed1e8c00,Yahvi Menon,7430324074,ymenon@yahoo.com,453 Dada Path,Bengaluru,237590
a-1129,446a8de4-398a-4d26-9556-8d2580d11067,Mr. Yochana Kurian,7550179894,ykurianrediffmail.com,441 Krishna Circle,Jaipur,419252
a-1130,516a7cbb-b8f2-4c79-aefd-a344033d9b97,Saanvi Purohit,7889122764,,260 Sule,Ahmedabad,962325
a-1131,5bf26e94-5dea-46fc-a6ce-2459f76f4458,Yagnesh Nori,9368220307,ynori@gmail.com,346 Sharma Chowk,Lucknow,632143
a-1132,8d96c3eb-2010-4364-b686-5e19dcd2b76d,Ayaan Subramaniam,6196163147,asubramaniam@gmail.com,178 Kuruvilla Zila,Kolkata,583542
a-1133,a520a0b3-bb14-4d1a-a169-8491a8bfef09,Ekansh Raja,8087687245,eraja@hotmail.com,319 Karpe Ganj,Kochi,996689
a-1134,03daa490-c0b9-4b2d-ba3a-3bb4e4da3247,Diya Sachar,6920370448,dsachar@gmail.com,9 Varty Path,Ahmedabad,479959
a-1135,9a2bbba9-c6a8-48d3-be07-17b50794dfbe,Aditya Lall,8502006482,alall@rediffmail.com,307 Mani Ganj,Jaipur,133964
a-1136,97003bc3-92ba-426c-9f69-af5529216cb6,Girik Rastogi,8876040134,grastogi@outlook.com,450 Borra Path,Gurugram,502302
a-1137,77b7ac4c-e392-465c-abff-db0092a45b3f,Pranav Soni,9626801537,psoni@hotmail.com,498 Pandya Path,Delhi,
a-1138,3ceb3eee-e875-440a-a92a-4bca2083441d,Tejas Luthra,7235790838,tluthra@gmail.com,313 Gupta Street,Kolkata,786495
a-1139,7b2a3a60-9e19-48c7-8268-00eaa51aaa92,Wishi Iyengar,9834613082,wiyengar@hotmail.com,226 Khuraan Ganj,Nagpur,769933
a-1140,e2ef9d4a-9814-4b84-bcf5-5acaee9a3996,Alka Jhaveri,9100283741,ajhaveri@hotmail.com,116 Jain Ganj,Chandigarh,199743
a-1141,573c82be-c2b6-4b20-9b08-197866dae26d,Zaid Parekh,8288623413,,78 Chhabra Street,Kolkata,
a-1142,b914652f-21db-4e54-a8fa-ece370e39230,Jagdish Brar,9662874796,jbrar@yahoo.com,165 Ahuja Chowk,Bengaluru,848186
a-1143,b402ad0f-4fba-406e-9510-6daa04b25a77,Brijesh Subramaniam,7511307588,bsubramaniam@hotmail.com,408 jMurty Path,Bhopal,356619
a-1144,084a928c-1daf-445b-9346-7fde4b376d70,Waida Maharaj,7258982254,wmaharaj@outlook.com,461 Goswami Chowk,Gurugram,872739
a-1145,fac58b92-e82f-4b89-8801-c2ffe502fe3f,Yasti Mammen,8412711004,ymammen@hotmail.com,312 Kapadia Marg,Lucknow,221768
a-1146,0a39a786-1633-4cdf-9b90-5539f1f743cf,Mr. Kabir Bhagat,93315-39149,kbhagat@rediffmail.com,382 Sampath Circle,Cochin,171650
a-1147,ca564a63-1253-410e-a337-5ed89e1c6ab2,Vanya Zachariah,6507231431,vzachariah@ymail.com,379 Thakkar Nagar,Jaipur,
a-1148,cca170b7-4eb1-4972-9d70-a3c5cbd5ef78,Iedika Ramesh,6416956690,iramesh@yahoo.com,134 Shankar Street,Jaipur,644173
a-1149,7430005c-9a07-484e-99c7-16d4634bdc72,Jai Vasa,6990398450,jvasa@outlook.com,333 Mutti Chowk,Nagpur,790281
a-1150,bd3cc9a8-ea31-4120-b7aa-94ac015a74e5,Abhiram Arora,7258724567,aarora@hotmail.com,158 Raghavan Ganj,Kolkata,437338
a-1151,f6d5caca-6f14-475d-89c1-606f56668806,Harrison Nanda,9558176507,hnanda@yahoo.com,447 Lad Path,Kochi,490277
a-1152,ce459cc6-b4ef-47bd-93e2-c3908cab055f,Rachit Lall,9628051022,rlall@rediffmail.com,445 Luthea Ganj,Ahmedabad,152145
a-1153,e1eb6fc3-5a19-4811-9bc0-e74edef3961b,Urishilla Oza,8504646809,uoza@rediffmail.com,10 Gour Path,Kolkata,951209
a-1154,ca335c91-5482-42ac-b9ee-8ca5ba3ca397,Wishi Samra,8719156895,wsamra@outlook.com,209 Saini Ganj,Lucknow,870563
a-1155,93728681-ea31-46f8-8dbe-b09551121504,Kashish Patla,6436978599,kpatla@gmail.com,320 Mamme nMarg,Pune,276184
a-1156,97e9e705-9823-4329-be24-4421051d6fae,Shravya Gole,6074696427,,378 Deep,Calcutta,216569
a-1157,96dde72b-f625-48a9-ae78-14305ab1de0c,Veer Chaudhry,7699460903,vchaudhry@rediffmail.com,484 Keer Road,Ahmedabad,385266
a-1158,51a35f9c-e643-4e4c-9d5d-02011f69bfd2,Rachana Raj,7964441674,rraj@hotmail.com,455 Dhingra Ganj,Pune,
a-1159,76dcffea-de20-40f2-a3b2-c66b66970f0e,Mason Solanki,7147259222,msolanki@ymail.com,264 Goda Nagar,Lucknow,663525
a-1160,3b467415-cbe3-463a-8c61-060c5449fdea,Oviya Tata,7093695606,otata@ymail.com,459 Varughese Street,Delhi,589403
a-1161,d787ef86-1bda-4068-8081-ab2cf50902ea,Diya Sur,7683721135,dsur@rediffmail.com,424 Krishna Road,Delhi,578350
a-1162,5472b6dc-163f-4018-a99b-46620b61ccf1,Champak Rao,8997610567,crao@yahoo.com,252 Gade Zila,Hyderabad,788175
a-1163,50b1cd65-7eac-48e6-ab0d-1a11496cbf7d,Darpan Kale,7627235076,dkale@ymail.com,138 Soni Road,Chennai,385002
a-1164,2aae4da5-d203-4acf-927c-ed42757105e1,Gopal Sengupta,7718819203,gsengupta@rediffmailc.om,422 Lad Path,Ahmedabad,502743
a-1165,a7fa38f3-6f39-4ea8-bc49-50709f63e5cf,Jalsa Parsa,6202926926,jparsa@hotmail.com,143 Kurian Circle,Lucknow,220224
a-1166,045f5f0d-c151-40e9-8a3a-c92b7b7778c9,Hemangini Bahri,9332686571,hbahri@hotmail.com,353 Dara Marg,Bhopal,803333
a-1167,1aefa38c-dbc1-4b6a-83d2-5fc8c7845a38,Indali Issac,9573690305,iissac@rediffmail.com,20 Yohannan,Lucknow,
a-1168,6f45b8f3-f749-4649-bf50-0ee8f71739a0,Owen Mane,7494160362,omnae@outlook.com,227 Nair Path,Chennai,185216
a-1169,df61051c-cd34-4fb1-9ba7-5f82d7281322,Yashvi Sura,6743834798,ysura@outlook.com,56 Brar Chowk,Gurgaon,251907
a-1170,3ad989c6-4cbe-4a12-9d30-bd84271a2867,Lakshmi Mangat,6833721931,lmangat@rediffmail.com,109 Dhillon Chowk,Kochi,948071
a-1171,6f174f96-0027-460f-be47-e3641d379226,Oliver Nazareth,9248197628,onazareth@ymail.com,147 Ravel Marg,Nagpur,569155
a-1172,e05e6feb-9865-4c34-b99a-e064b5022e8e,Ekbal Buch,8691229001,ebuch@rediffmail.com,290 Oza Street,Jaipur,593950
a-1173,1f8e04a1-1ca7-4d46-97cf-3d6ec862dcd6,Vedant Murthy,9184395287,vmurthy@yahoo.com,339 Manne Path,Mumbai,926680
a-1174,105e9266-7fe2-43a8-9f3c-66d15bfe1c8e,Amara Rana,9932945556,arana@hotmail.com,196 Saxena Road,Chennai,750099
a-1175,327a5c82-a849-48c5-95e0-2678b00a662c,Janani Verma,9340270278,jverjma@hotmail.com,204 Sachdev Chowk,Kochi,471745
a-1176,d2bdd3ce-b2ce-4477-9c94-c69d0306b6fc,Oliver Gour,8161961956,ogour@gmal.com,94 Dass Nagar,Pune,329181
a-1177,8a1620bb-420b-436d-ac0e-a4c22aae8754,Wahab Krishnamurthy,9048234002,wkrishnamurthy@ymail.com,111 Kade Zila,Pune,442808
a-1178,5e2f93c4-b4a5-4498-8c90-5534f9fcbdd0,Ojas Ranganathan,9846143997,oranganathan@ymail.com,487 Chandran Zila,Bhopal,433755
a-1179,aa51a6f5-f26d-4002-b201-13c7e40ee4e8,Devansh Solanki,9115503231,dsolank@rediffmail.com,237 Bhagat Circle,Chennai,
a-1180,0af85010-dbb8-4b51-9795-e8dad2fe149e,Athar Ranganathan,7595594166,aranganathan@yahoo.com,364 Chacko Circle,Ahmedabad,729419
a-1181,a0d70ff8-6a15-4515-a16b-8de47442f2d7,Hemang Lala,6927926064,hlala@gmail.com,336 Dugal,Lucknow,658856
a-1182,73d43b52-890f-4ae7-9d2f-787fbe71e082,Frado Ramakrishnan,7765887595,framakrishnan@outlook.com,95 Karnik Road,Jaipur,911239
a-1183,1234f055-c6ca-49dd-8a32-a2442afd5edd,Yug Mander,7025734285,ymander@gmail.com,305 Date Chowk,Chandigarh,393466
a-1184,c1e225c7-f8fd-496c-a3e3-1d39a8a27ff3,Karan Vyas,+91 97414 61375,kvyas@ymail.com,109 Balakrishnan Street,Kochi,221830
a-1185,f60bf74a-c08e-4f13-875e-cdc13a7ade72,Mr. Bakhshi Parikh,+91 78011 61716,bparikh@rediffmail.com,439 Soni Path,Lucknow,581886
a-1186,57c7bfd4-85d7-4184-8e91-70d01eb3a5e2,Unni Zachariah,8140760446,uzachariah@hotmail.com,230Saxena Road,Nagpur,269323
a-1187,a414f4df-e12a-4395-9623-ae827027c808,Krishna Zacharia,8552868742,mzacharia@ymail.com,367 Shan Street,Chandigarh,959990
a-1188,4174dcd8-dee4-4401-84b7-a7c327cb57c8,Radhika Viswanathan,6076144063,rviswanathan@ymail.com,58 Mukherjee Circle,Mumbai,736086
a-1189,003743a5-4fcb-4473-8c96-75ad8ca00832,Idika Subramaniam,6367105597,isubramaniam@outlook.com,296 Karan Circle,Pune,352496
a-1190,9c173dc4-c7a0-4200-9676-7f0436c2f162,Gaurav Sathe,7448136621,gsathe@outlook.com,319 Pau Road,Chandigarh,875509
a-1191,0af447b8-3ef6-4013-9da6-a29c5a6c7153,Smt. Nitara Lad,6427081496,nlad@ymail.com,10 Mitter Street,Jaipur,
a-1192,e6ada576-8392-4165-a97a-7c5cfd014bde,Advaith Acharya,9455037995,aacharya@yahoo.com,239 Deshpande Circle,Gurugram,211917
a-1193,e9fbd9c5-5f9f-4bfc-97ee-3884ce84151c,Hemangini Mangat,8636997505,hmangat@rediffmail.com,422 Warrior Chowk,Hyderabad,126332
a-1194,d4a4ca2d-4b4e-45d7-afce-0fa57bdcca83,Abhiram Swamy,9743103229,aswamy@rediffmail.com,276 Mistry Chowk,Ahmedabad,386842
a-1195,c6a5f136-fee5-40ea-ad12-c4d21f92650b,Aditya Sani,9746939619,asani@rediffmail.com,193 Kashyap Road,Pune,
a-1196,e8b1624d-4e3c-4d2f-b3f5-3f6c316a6dde,Abhimanyu Prakash,7525458172,aprakash@gmail.com,223 Sabharwal Ganj,Lucknow,203156
a-1197,1e190977-cfd7-41c8-9e82-369fa546ef98,Rajeshri Rana,6037814372,rrana@hotmail.com,425 Gade Ganj,Jaipur,755052
a-1198,78d5e72c-0830-4f01-b122-0ff0e39b5c47,Madhavi Radhakrishnan,6995877010,mradhakrizshnan@gmail.com,418 Lall Ganj,Kolkata,993238
a-1199,48b0acf0-67a5-4f65-b880-47de4a4f4e0e,Fariq Sami,8991135711,fsami@yahoo.com,136 Varughese Ganj,Chandigarh,964469
a-1200,8d1b0a4b-41cc-4d8f-9ff0-a43a464fcaa1,Anita Mane,6051045550,amane@yahoo.com,172 Luthra Circle,Mumbai,823251
a-1201,6a6189be-1417-4903-8ce9-06ba70a1d51e,Nitara Guha,7457307616,nguha@gmail.com,321 Gopal Zila,Nagpur,694676
a-1202,9b6c25a6-f4eb-449e-8646-cbb0cd67e34f,Laban Mann,7999111547,lmann@yahoo.com,100 Shah Zila,Kolkata,
a-1203,2d9f6354-e30e-4c15-9de3-1a149c2e15f2,Sneha Magar,8930740131,smagar@rediffmail.com,305 Swamy,Ahmedabad,935515
a-1204,26d627ce-a558-4c02-acb4-e536dc26879b,Raghav Nagi,8819727461,rnagi@yahoo.com,386 Doshi Nagar,Hyderabad,196562
a-1205,a81b4c9b-6f11-4e3f-84fa-7db9601e8b84,Chandran Warrior,8307745242,cwarrior@hotmail.com,67 Grewal Nagar,Bhopal,706867
a-1206,16422bc3-1009-49d5-8871-cd4cecd76f54,Harsh Manda,7261686145,hmanda@hotmail.com,233 Dass Road,Bhopal,299052
a-1207,39756674-90ec-4de6-84cc-a5253c5d58a1,Anand Raksha,8722000267,ranand@ymail.com,273 Chana Ganj,Kolkata,461601
a-1208,da798bc7-6df1-4ff1-b8bf-161b0273e93c,Matthew Aurora,7692502741,maurora@hotmail.com,61 Kalla Chowk,Chandigarh,552296
a-1209,867f9c60-80d3-41c4-b6de-760ff91d12b9,Hema Salvi,9783882057,hsalvi@ymail.com,72 Tara Road,Chandigarh,890800
a-1210,65f9ddc2-86aa-4071-95de-d30592fc96f2,Kamya Sheth,6780426793,ksheth@yahoo.com,155 Narayanan Nagar,Delhi,120201
a-1211,412772ad-69b7-479b-a3ab-0e069e8063ca,Faris Dhingra,6536434922,fdhingra@gmail.com,369 Lata Nagar,Mumbai,935357
a-1212,e4bfdcf6-da84-4ad1-a2f9-3c6deccd9e99,Manya Bora,9274536969,mbora@ymail.com,60 Singha Circle,Chandigarh,950506
a-1213,4d5aaf4b-372f-419e-aee5-a02ef22fae61,Pratyush Handa,9102586174,phanda@hotmail.com,386 Raj Road,Lucknow,807745
a-1214,80f35d81-fd63-40df-b17c-976308281de6,A. Dara,9288312676,adara@rediffmail.com,51 Rajan Ganj,Jaipur,661071
a-1215,51187379-17c9-4388-aed5-6174e257db6c,Saanvi Kota,9669319162,skota@ymail.com,486 Issac Nagar,Mumbai,980863
a-1216,af4334f0-0d60-42b0-afe4-115dcec63685,Triveni Chandra,9696844220,tchandra@hotmail.com,493 Joshi Circle,Nagpur,358395
a-1217,a497da37-3dcb-45f2-b4fb-0130f9178de7,Urvashi Ramachandran,9890965143,uramachandran@ymail.com,170 Naidu Road,Gurugram,101809
a-1218,ccbd9567-71a4-4905-9816-158da326a140,Nathan Basak,8756155598,nbasak@outlook.com,202 Verma Circle,Nagpur,376619
a-1219,ef900e88-81d1-48e8-a48b-0794486fad11,Jason Kulkarni,9944642749,,222 Misra Chowk,Bhopal,796255
a-1220,180eb6ff-ca85-414d-8be3-89421c0d5466,Rushil Patel,7317137823,rpatel@gmail.com,219 Kamdar Nagar,Hyderabad,897480
a-1221,95fc8459-c12b-431d-a0b8-8bc30a732e00,Isaiah Keer,8775551480,ikeer@rediffmail.com,283 Nair Marg,Bhopal,592347
a-1222,35a7b21e-6e96-486d-b22f-b0ceafc92e96,Alexander Ganesh,9185078297,aganesh@rediffmail.com,168 Dar Road,Jaipur,246146
a-1223,43d39af9-959d-463c-aa6b-2d920cf463ae,Meghana Kibe,7086558767,mkibe@yahoo.com,356 Basak Nagar,Lucknow,802914
a-1224,701c84c4-3122-4b8d-8723-143e2a5c4fa7,Vaishnavi Dubey,7218654496,vdubey@ymail.com,400 Chakraborty Path,Ahmedabad,971962
a-1225,2003bcfe-bde7-41da-8681-da8777e98621,Yuvraj Dugar,6983419234,ydguar@yahoo.com,317 Chand Chowk,Kochi,569772
a-1226,f2ea0c54-f3cd-4609-b7e1-16bd6efdce12,Hamsini Bhasin,9354415484,hbhasin@ymail.com,149 Parekh Nagar,Chandigarh,331066
a-1227,afa02722-c060-470f-9f3c-6b5d5845d93a,Mitesh Yadav,8587864137,myadav@yahoo.com,335 Dass Zila,Delhi,919496
a-1228,e50fe314-a267-410c-9f44-256a1ba1c243,Vinaya Kaul,7439712026,vkaul@ymail.com,241 Palan Path,Bhopal,440445
a-1229,a9d7f66a-8321-4f9b-adf6-f662f9e892c1,Reva Hans,6523203388,rhans@hotmail.com,1434 Purohit Nagar,Jaipur,206458
a-1230,05772185-e22c-4905-8b66-553a06a7e1ad,Ishita Desai,6184369438,idesai@gmail.com,422 Barla Road,Nagpur,463011
a-1231,252055bb-1275-4a80-a335-25974923cc82,Vedhika Sarma,8967167138,vsarmz@ymail.com,87 Menon Circle,Gurugram,276060
a-1232,066de9d0-369e-4a4b-928f-470dae3564b2,Vrishti Gupta,8658296934,vgupta@gmail.com,462 Grover,Bhopal,500600
a-1233,f06d16de-1eda-4337-bf5a-382c09d80429,Ijaya Naik,6947850868,inaik@outlook.com,453 Maharaj Chowk,Kochi,574907
a-1234,e91dd16c-0b6c-4849-ac3d-e8a612868422,Naveen Biswas,07740303756,nbiswas@gmail.com,375 Dubey Circle,Gurugram,316347
a-1235,2e7626ad-fda4-4cda-84b3-c2139ecd7e28,Shivani Merchant,6930496690,smerchant@outlook.com,161 Peri Road,Ahmedabad,479962
a-1236,32395e48-ab96-4a8e-a633-8a2edba3483c,Sudiksha Acharya,7130210979,sacharya@yahoo.com,144 Raghavan Circle,Nagpur,
a-1237,f96dae53-c80a-4d1a-851a-de4a5529515a,Qasim Bahl,9296859340,qbahl@yahoo.com,385 Patla,Nagpur,416955
a-1238,7305d0b0-2811-40a6-b8d1-aa232082e657,Ms. William Nagi,6714651702,wnagi@gmail.com,256 Yohannan Zila,Kochi,181452
a-1239,4c4c502f-9265-4c50-b17d-ed439eb27cc3,Lila Gupta,6778200892,lgupta@ymail.com,265 Tank Circle,Madras,408426
a-1240,812838e2-e35d-4323-9796-4eba53658d6b,Mitesh Mandal,8328958858,mmandal@gmail.com,18 Rout Path,Chennai,264761
a-1241,d4cde66c-7411-41d4-a696-87b3edce9535,Ekanta Choudhry,63798-89853,echoudhry@outlook.com,398 Virk Zila,Gurugram,698689
a-1242,0c3ac765-1de1-4939-94ea-a6f0f4224a5c,Ekalinga Bassi,8128046285,ebassi@gmail.com,160 Gokhale Street,Bhopal,861633
a-1243,a12ad1a5-baf1-4827-94d6-5c9ce2e51a0e,Azad Jaggi,6530451763,ajaggi@outlook.com,152 Sunder Zila,Ahmedabad,581733
a-1244,c1fcaa2d-7aa1-485b-aa93-491efdb8606c,Rehaan Chaudhary,6412087218,rchaudhary@rediffmail.com,443 Rama Nagar,Bengaluru,328879
a-1245,0ac9f94f-a2fc-455d-be3d-6814ebd55b50,Vrishti Vora,8967891268,vvora@rediffmail.com,364 Kunda,Chennai,
a-1246,71972ba6-d34f-44d5-b54a-a113b4c2d2c4,Chandran Peri,6389345875,cperi@hotmail.com,186 Bobal Ganj,Chennai,944335
a-1247,c42dcf0f-e565-4650-ac29-71fede744b8e,Agastya Joshi,6321287264,ajoshi@rediffmail.com,124 Buch Chowk,Ahmedabad,230681
a-1248,901e1e23-a8a4-421d-b5f6-e9ca01efe9da,Uadhriti Bhat,9571594077,ubnhat@rediffmail.com,324 Sagar Path,Bengaluru,977854
a-1249,83a30d40-5210-46eb-ad8b-5a876cf72a93,Jyoti Bhardwaj,8369814928,jbhardwaj@hotmail.com,261 Lata,Mumbai,622921
a-1250,be678c5a-d61e-4a01-844d-d57c7b1b030e,Banjeet Bobal,+91-93271-64707,bbobal@yahoo.com,435 Brahmbhatt Road,Pune,180376
a-1251,03f1ab8f-32fb-4ba4-9b8a-07af47376c39,Tarak Venkataraman,8784502703,tvenkataraman@gmail.com,428 Chaudhuri Zila,Delhi,745013
a-1252,0a2e5f5a-cfbd-41c8-bcc9-6a22df508985,Vihaan Wali,6337319023,vwali@gmail.com,449 Gupta Marg,Bengaluru,457995
a-1253,64d2dcdc-fa02-40c4-b9f4-e2481287d759,Reyansh Vora,7837026456,rvora@gmail.com,348 Gola Ganj,Mumbai,308480
a-1254,cb29368d-f5f4-44fc-bd7a-497d2b9f6f85,Ojasvi Cherian,9941228238,ocherian@gmail.com,332 Parmar,Nagpur,810980
a-1255,6ed38bf5-500a-42ce-926d-4ed94b90552b,Tara Sane,8689726254,tsane@ymail.com,277 Ganesan Zila,Chandigarh,992515
a-1256,34650e96-48c3-4ff3-81c9-958f05c4aa71,Pranit Ratti,8429850129,pratti@hotmail.com,24 Nazareth Circle,Gurugram,326334
a-1257,22a4f559-8771-466e-801e-bc5512a735e4,Nakul Walla,6921300168,nwalla@yahoo.com,322 Savant,Chennai,890912
a-1258,222c3af6-540e-4eec-981c-8e9b0acc5bed,Indira Murty,9611306404,imurty@rediffmail.com,453 Nair Circle,Ahmedabad,555618
a-1259,2179f781-0708-42fe-ac05-b3374f2a5b79,Kamya Sachar,7941150125,ksachar@hotmail.com,256 Naik Marg,Nagpur,671757
a-1260,e8d0a70e-a6a5-4691-bf87-e46c9264d44f,Wridesh Kala,6032126850,wkala@rediffmail.com,76 oKumar Marg,Lucknow,346550
a-1261,d027cd84-0dc4-417b-8024-38ecb4244454,Jagvi Sethi,6548041047,jsethi@gmail.com,421 Ranganathan Chpowk,Nagpur,182100
a-1262,ef465eec-d1ce-447d-8341-f42b80889d30,Aadi Banerjee,6889468134,abanerjee@outlook.com,339 Babu Road,Kolkata,807647
a-1263,93900c10-5d15-4dd1-9c85-c3106a26cc1e,Zarna Deshmukh,8582174812,zdeshmukh@ymail.com,421 Ahuja Road,Chandigarh,514930
a-1264,73f19288-3ee1-4d53-969e-6955002c8ac8,Charita Kapadia,7150236414,ckapadia@hotmail.com,177 Murty Ganj,Bhopal,213419
a-1265,d38adbb3-324d-4ad1-b5cf-8d6d66b7d1d1,Anthony Majumdar,6676142734,amajumdar@hotmail.com,380 Vaidya Circle,Kolkata,396114
a-1266,d1e49d92-08df-4fc1-ae93-4c2a44d47b4c,Mohammed Chandrq,8982741399,mchandra@rediffmail.com,495 Sharma Nagar,Bhopal,571514
a-1267,1f43bb27-7bbb-4b32-8a74-5d13b54e320e,Ishani Dugal,8944653350,idugal@yahoo.com,22 Lanka Street,Chennai,943808
a-1268,e8112bf1-f550-4cfc-9bf8-c3b8418ccfed,Jeevika Krish,8092767657,jkrish@rediffmail.com,190 Kunda Ganj,Chandigarh,264406
a-1269,3667fb12-f3ee-48b5-952a-f3e2301a049a,Charita Chanda,8918036289,cchanda@gmail.com,129 Ratta,Bombay,586298
a-1270,98ec0b3d-5ba4-454b-92e3-56c11dbaf1e1,Teerth Brahmbhatt,6471725654,tbrahmbhatt@hotmail.com,215 Subramanian Path,Mumbai,256367
a-1271,fa14d5c9-bb85-41db-b06b-84413b7ac56d,Oscar Sura,7025270424,osura@gmail.com,209 Chandran,Chandigarh,397853
a-1272,ba117405-8064-46d3-8520-1439388f0f95,Charita Barad,8386973306,cbarad@rediffmail.com,177Raj,Cochin,
a-1273,7380aadf-571c-480c-a015-febb2c2936e1,Farhan Bhalla,9601464866,fbhalla@yahoo.com,341 Pall Path,Bengaluru,156485
a-1274,1bc4ea14-d6c2-4a41-9399-cd0d80327661,Radha Saha,7183733638,drsaha@gmail.com,6 Karan Zila,Pune,789310
a-1275,aefdb91f-8447-4eee-b664-efb2f9fd76b4,Advay Raja,6986778564,araja@outlook.com,191 Mody Nagar,Bengaluru,780641
a-1276,7598d806-29b9-4fc6-a46d-36075b1ab0f9,Benjamin Nagar,8099842078,bnagargmail.com,342 Doctor Circle,Delhi,793752
a-1277,c258d384-fef1-4db6-84d0-1c855e0155ff,Eta Thakkar,8839049254,ethakkar@hotmail.com,384 Dua Ganj,Chennai,460268
a-1278,9eb74f4e-f0d9-4ad3-a9b6-7345d1b1494e,Chandresh Ramaswamy,8882334408,cramaswamy@ymail.com,300 Thaman Chowk,Ahmedabad,816469
a-1279,a10fea3a-c03e-468e-80e3-d9916a1c5218,Gautam Kapadia,8119263495,gkapadia@hotmail.com,208 Mann Marg,Nagpur,931521
a-1280,5a933eb9-64c0-4ee9-9f6f-5cc56e5a9286,Meera Divan,6986058078,mdivan@gmail.com,115 Nayar Street,Pune,680319
a-1281,48c1b37f-624d-415b-a9a1-062ac93a3da6,Fitan Soni,8702077012,fsoni@yahoo.com,260 Bawa,Lucknow,572230
a-1282,c84821b2-0760-4ccc-8fd1-d8969a3290a5,Mohini Lala,9986034786,mlala@hotmail.com,394 Rastogi Zila,Gurugram,676266
a-1283,43631ab4-506c-41a3-9e64-5d6ed69ccbb4,Saraf Yachana,7263108459,ysaraf@gmail.com,468 DeshmukhS treet,Hyderabad,459855
a-1284,e3967f30-3dfd-4066-8b98-44279df94bb1,Vasana Hora,9279528851,vhora@hotmail.com,216 Rana Chowk,Kolkata,371929
a-1285,e0049152-cdd4-4e31-9c7c-e6e620bb0386,Rohan Viswanathan,7771475281,rviswanathan@ymail.com,353 Kibe Ganj,Pune,757492
a-1286,31ea78c3-be2d-41fc-bbb7-5355c795c5de,Ekbal Lata,6639206552,elata@hotmail.com,482 Naik Marg,Chandigarh,848511
a-1287,bc163a6c-bbfc-4b3c-a92d-983c3046d051,Gaurav Chowdhury,9196752918,gchowdhury@yahoo.com,393 Sampath Marg,Hyderabad,942094
a-1288,9e16df16-442e-4b29-941d-4dd9b4fa19fb,Jasmit Pall,8649293347,jpall@rediffmail.com,383 Nagi Ganj,Bhopal,792438
a-1289,ea868217-30c7-445d-8743-f500ce4b83a8,Hemangini Bajwa,7996171360,hbajwa@hotmail.com,398 Gara Road,Mumbai,913725
a-1290,c3e18525-319f-43e2-a9b1-6449c614a797,Inaya Sathe,8228708419,isathe@hotmail.com,163 Dhingra,Mumbai,352873
a-1291,557c8f35-dfa1-4bf1-98eb-7bfa40e9db27,Ridhi Basu,9536496081,,218 Iyengar Ganj,Kolkata,905945
a-1292,3247cc82-efbd-4d29-a05d-fbc59f6fb861,Kashvi Dugal,8560522710,kdugal@hotmail.com,368 Chowdhury Zila,Delhi,433669
a-1293,32061797-c0e6-4034-9619-732e47b7f75d,Chatura Kibe,9293750041,ckibe@outlook.com,69 Divan,Kochi,281858
a-1294,958e2090-926c-4ac6-ab21-8f363535c333,Atwal Bhavna,7334854759,,108 Choudhry Path,Jaipur,459525
a-1295,1865254d-292e-4add-80fe-46630ee01e2b,Dalaja Sengupta,7566139870,dsengupta@hotmail.com,26 Bajaj Chowk,Jaipur,896037
a-1296,49655aa3-058d-461f-b80a-8e79ce14b368,Garima Kadakia,8876834564,gkadakia@hotmail.com,83 Kakar iCrcle,Kochi,783126
a-1297,b1ff8067-2997-40f2-8aa0-aa732b81b103,Samar Virk,6523219258,svirk@hotmail.com,468 Subramanian Road,Gurugram,528905
a-1298,1c9ff8a7-6695-44ac-957f-e43386bc3e0b,Lohit Badami,9183891323,lbadami@outlook.com,206 Vyas Marg,Bhopal,
a-1299,0a17dbd1-ff79-494d-8c10-1cd0f4dc89ff,Caleb Kumer,6621358978,ckumer@outlook.com,204 Bhasin Street,Gurugram,263431
a-1300,8d877514-4590-4059-baca-6d76d202c4c7,Bhanumati Iyer,9729501741,biyer@outlook.com,300 Madan,Hyderabad,670076
a-1301,fdc9424f-eee7-4d77-8b4f-09b82aa71a2b,Chatresh Shroff,8909063788,cshroff@ymail.com,408 Bhavsar Nagar,Lucknow,178318
a-1302,0cb9560d-d5ba-49aa-9350-20743dd8b2ff,Lipika Madan,9000555234,lmadan@gmail.com,376 Chkshi Path,Jaipur,577190
a-1303,27e521d6-4fb0-42e5-a5d9-88e8b47fc501,Anirudh Master,8114883295,amaster@gmail.com,113 Kashyap Marg,Kochi,527980
a-1304,8b3d5b4a-0b4d-4dd5-bfce-c369d8542933,Lajita Trivedi,9831705348,ltrivedi@ymail.com,201 Mutti Zia,Chandigarh,200765
a-1305,f08f289f-1464-4cfa-b2b6-3991d6c5c86a,Vedhika Wali,7115367080,vwali@gmail.com,362 Grewal Zila,Bhopal,992563
a-1306,c1f54779-1366-4d77-9523-bc112b8e4de7,Rushil Tella,8393322257,rtella@hotmail.com,461 Bains Chowk,Kochi,785824
a-1307,e8ca8760-6a9e-4f33-88c9-be8112326b71,Balveer Kota,9504507606,bkota@yahoo.com,367 Mody Circle,Chennai,
a-1308,2db8d7f2-c118-48c4-afbf-760b5a946a08,Gauri Suri,8425080637,gsuri@hotmail.com,14 Dugar Marg,Hyderabad,890587
a-1309,81bddac5-20a2-4726-85b6-3830a0c6cc73,Andrew Palan,8064630066,apalan@yahoo.com,42 Pant Path,Ahmedabad,960930
a-1310,95342257-4526-44ae-ae56-a32a7e4d4b7b,Chasmum Keer,8968106973,ckeer@hotmail.com,56 Majumdar Circle,Kochi,995610
a-1311,2ded5d9c-12bc-4e1a-844d-b784af57fcb5,David Kurian,9848797563,dkurian@rediffmail.com,354 Balan Marg,Delhi,541730
a-1312,905a6fb9-d032-4b44-9071-cfa40e6af436,Ati Kar,9598489190,akar@hotmail.com,469 Om Street,Chennai,808642
a-1313,7fff0eb2-d707-4cb5-9a50-26499c779be1,Maya Devan,6940703273,mdevan@outlook.com,37 Raja Zila,Kolkata,920466
a-1314,4136f370-a275-417a-9c25-5644610ba79a,Utkarsh Sahni,6926001928,usahni@outlook.com,45 Dua Ganj,Ahmedabad,700507
a-1315,8522a1a2-8cb2-46a1-b4eb-e6888799b568,Pooja Muni,8890670692,pmuni@ymail.com,467 Narayan,Chandigarh,
a-1316,cb715e40-30fb-4234-89d2-235efb6421b8,Saumya Deep,7873521308,sdeep@gmail.com,163 Devi Ganj,Pune,570147
a-1317,a3e0acf3-0097-45fb-8018-d1fe3ca83504,Samaksh Devi,6437245367,sdevi@outlook.com,228 Viswanathan Road,Bhopal,269859
a-1318,26cc7737-00af-44ef-88da-e70975e73d39,Krishna Sani,9737583778,ksani@yahoo.com,432 Dugar Street,Chandigarh,908852
a-1319,0dcd6e0c-7501-44b5-8306-c69e14438676,Eesha Bir,8406553871,ebir@gmail.com,91 Walia Circle,Lucknow,589019
a-1320,74b5861b-49e0-4834-a36b-c0cb46ae931f,Jagat Gour,9455973837,jgour@ymail.com,404 Dhingra Path,Jaipur,827507
a-1321,5e50b557-9fb8-43b3-800a-7c416bd703e5,Nagar Ayushman,+91-71135-57906,anagar@gmail.com,180 Sabharwal Marg,Bengaluru,332280
a-1322,67fff9b6-bb97-4f38-9a03-2b9e62c540e5,Chavvi Savant,9517434229,csavant@yahoo.com,229 Doshi Road,Hyderabad,833569
a-1323,109044fc-646c-43bb-b3ed-fed005708b8d,Raghav Chhabra,7063818391,rchhabra@yahoo.com,176 Goyal Street,Chandigarh,125709
a-1324,80ff5fc0-dafd-4be2-8960-d530a4f517fe,Atharv Loke,8895467969,aloke@rediffmail.com,475 Kashyap,Gurugram,664187
a-1325,fca9d323-09dc-4579-a432-ada2c7a60ed6,Er. Vincent Kashyap,7475708472,vkashyap@outlook.com,294 Parmer Nagar,Hyderabad,817823
a-1326,2c087974-d598-455f-8aed-673d6b175d69,Fariq Sood,8188943772,fsood@outlook.com,322 Thakkar Street,Bhopal,446063
a-1327,1ca9dcda-fd28-45e7-928c-7371cafe4557,Upasna Prakash,6363184555,uprakash@hotmail.com,378 Ram Street,Kolkata,370368
a-1328,de082f35-378c-4d0b-a58a-2d7d08500e66,Vyanjana Som,9287657011,vsom@rediffmail.com,216 Gade Street,Mumbai,498452
a-1329,baffad84-f5e4-4832-ade9-0d55f606c0cf,Reyansh Kara,9724241979,rkara@yahoo.com,436 Rege Nagar,Chennai,120961
a-1330,ef42ff77-a9ad-47ca-8876-1040e67612a4,Alexander Madan,6690301921,amadan@gmail.com,490 Kapadia Marg,Gurugram,748209
a-1331,11a5b91b-8e97-4380-b934-4b305f1762a1,Samaksh Jayaraman,+91-82254-01415,sjayaraman@yahoo.com,146 Goel Zila,Bhopal,704019
a-1332,d54801ce-4529-478d-a53b-450ff19b1eeb,Reva Suri,8896258631,rsuri@gmail.com,189 Shankar Path,Nagpur,921009
a-1333,90f8bd2c-2108-4b69-aee5-5b41f6317986,Yatin Sane,9369563802,ysane@ymail.com,242 Barman Marg,Pune,451530
a-1334,762a780f-1003-4c80-ab24-2164f9429473,Lajita Munshi,9070469207,lmunshi@ymail.com,282 Yadav Marg,Kolkata,459397
a-1335,d7b8a152-2212-49cb-bed3-74056c8ca6aa,Balvan Verma,9095592923,bverma@hotmail.com,301 Seth Zila,Bengaluru,385616
a-1336,996923a0-2408-486d-80e0-20c51e540023,Tanmayi Basak,8792453955,tbasak@yahoo.com,208 Venkataraman Ganj,Lucknow,581097
a-1337,ccfacf11-d524-4bb0-8b6f-d0cdc68b6a8d,Meghana Baral,7884525779,mbaral@outlook.com,170 Ram Circle,Chennai,405090
a-1338,13ff0db4-e8bd-4061-915e-2581a7415597,Zaitra Bawa,6610746736,zbawa@outlook.com,290 Manne Ganj,Bhopal,385219
a-1339,a0657d63-19be-437c-bc6c-57826750660e,Ria Rao,6149975237,rrao@ymail.com,481 Mangal Rod,Chennai,290426
a-1340,a3cae9f6-cad2-440b-802a-0916ef4ec4f3,T. Ganesan,8273713245,tganesan@yahoo.com,333 Menon Marg,Mumbai,140698
a-1341,c6f00c6e-6a4a-4e45-812d-71fdf36de82e,Chatura Varughese,8715380059,cvarughese@ymail.com,297 Sheth Street,Lucknow,927678
a-1342,e51452c4-039e-4e24-a8d0-e3a02e62d0b3,Siya Chana,7492823068,schana@ymail.com,84 Chowdhury Circle,Mumbai,557506
a-1343,5e74da7e-888c-4534-8503-e863147d549f,Pranit Deshmukh,6761572622,pdeshmukh@hotmail.co,176 Sachdev Marg,Chennai,199461
a-1344,364ac299-81a0-4e30-98e1-de9b9a53bafb,Seshadri Ekiya,6184671948,eseshadri@hotmail.com,203 Gola Nagar,Hyderabad,690759
a-1345,85d9fcbb-c4ae-4349-9c2d-c82ab68f97f5,Sudiksha Jaggi,8012300741,sjaggi@hotmail.com,346 Chana Chowk,Lucknow,163058
a-1346,ce583bb7-638a-4b4b-8b5f-0033acfebbb4,Zashil Naik,7133770536,znaik@hotmail.com,269 Dasgupta Street,Lucknow,984658
a-1347,db1b1884-a443-4513-811e-2b2db65e817c,Gavin Comar,9189216806,gcomar@ymail.com,16 Patil Chowk,Nagpur,499604
a-1348,2d00cdc3-8a86-446b-afe0-69627d4a6992,Frederick Viswanathan,9281574470,fviswanathan@rediffmail.com,345 Vaidya Marg,Delhi,176622
a-1349,c0747032-25a5-4b33-881d-b98a2210038c,Nathaniel Radhakrishnan,9019350147,nradhakrishnan@rediffmail.com,447 Rai Circle,Lucknow,932674
a-1350,34611bb7-8a13-4e85-ad2e-b61e95cb6d1f,Caleb Garde,9184567612,cagrde@ymail.com,21 Doctor Path,Bengaluru,502457
a-1351,40e55e77-4614-4fd0-8167-77fe3c3cbaa0,Nicholas Dhillon,6069177204,ndhillon@gmail.com,57 Behl Street,Nagpur,
a-1352,f1572455-9079-4768-99e2-7c70dee5e90a,Oni Morar,8157802251,omorar@ymail.com,458 Sehgal Road,Delhi,395465
a-1353,6a39a69f-ee84-4dfd-b746-d76330b51a24,Bhavya Golla,07532318690,bgolla@outlook.com,280 Deep Zila,Bhopal,801432
a-1354,92dcf061-c6c9-4268-81f3-bf3fc68f6748,Samaksh Aggarwal,+91 61121 46215,saggarwal@gmail.com,369 Kulkarni,Bengaluru,542813
a-1355,8d95d2a0-fe8b-437d-9515-5ae897066e45,Advik Shanker,6625567582,ashanker@rediffmail.com,172 Tara Chowk,Chennai,602205
a-1356,4f9a2c0e-e38f-490f-912c-b8ac19d8cded,Abdul Tak,8040343317,atak@rediffmail.com,227 Kalla Ganj,Ahmedabad,248033
a-1357,4209abb8-836a-4756-a33b-0d84da862025,Vamakshi Setty,7107443398,,195 Sathe Marg,Chandigarh,464942
a-1358,17c40b9c-7dd4-4925-bd99-0d8088bb5bb3,Fariq Ahuja,8605240753,fahuja@ymail.com,322 Mall Ganj,Kochi,154440
a-1359,827442f8-61aa-4f1c-8fbd-edc34cfb9b72,Sarthak Bawa,6603989367,sbawa@yahoo.com,471 Divan Street,Bhopal,643823
a-1360,49689bb2-7940-4c78-b650-3b87b28ebea6,Christopher Palla,6058828353,cpalla@outlook.cm,265 hillon Nagar,Kochi,598966
a-1361,a22739b4-94c2-40d9-be15-14019057a4c9,Bachittar Misra,6818790204,bmisra@ymail.com,383 Chahal Path,Pune,571959
a-1362,749f5e1a-9cc4-4b2e-9d35-db814227dcb3,Chandran Chopra,9646464323,cchopra@rediffmail.com,435 Gokhale Marg,Delhi,721836
a-1363,0caf4cbc-6ce2-4865-a5f4-08721a531c57,Neel Mane,6017841921,nmane@gmail.com,177 Goel,Chennai,392392
a-1364,381ab146-d8ee-459b-86f9-d7a0bfa70525,Tamanna Parsa,8458680896,tparsa@ymail.com,2834 Chander Nagar,Nagpur,715241
a-1365,34359d38-26e0-44e5-b03f-08a15096e529,Chandani Naidu,8171963360,cnaidu@rediffmail.com,276 Raghavan Path,Kolkata,362260
a-1366,e5a34974-b179-46fe-92c5-e7e0b2c9a799,Ekansh Sane,94990-42415,esane@gmail.com,311 Bhattacharyya Circle,Lucknow,470111
a-1367,296806ea-f5ba-49db-b474-9e7f3ce22750,B. Sinha,8139308966,bsinha@hotmail.com,180 Dara Street,Pune,744286
a-1368,0783d4db-d664-4882-87c8-8176113b4661,Anvi Narayan,75683-18750,anarayan@hotmail.com,310 Sachdev Circle,Chennai,109810
a-1369,e6bb4339-ceb3-47bc-b0b9-a38f049d7ca7,Shaurya Kadakia,6738391158,skadakia@gmail.com,251 Bhardwaj,Pune,114734
a-1370,517ce683-fce8-4fb7-9969-e9b9997a021a,Ikbal Wadhwa,8361310241,iwadhwa@gmail.com,438 Sule Zila,Delhi,359976
a-1371,8f4d2227-3e63-4672-bbe2-e627776e9ba7,Bhavna Sane,7895168585,bsane@hotmail.com,472 Nadig,Lucknow,
a-1372,53b3a96d-44b5-4a78-a484-40f0de0c5602,Aashi Vora,6788514763,avora@yahoo.com,326 Pandya,Bhopal,998006
a-1373,aaaa52fd-3dce-473a-82fc-99e5d461ee5a,K. Taneja,9392035017,ktaneja@outlook.com,303 Tank Circle,Kolkata,927840
a-1374,19171d03-8a8e-43a6-8c22-942e196f6f3c,Waida Gole,6255228717,wgole@gmail.com,223 Kaul,Bhopal,804854
a-1375,be7f88c6-df2a-45fd-a4a1-b0527cb14850,Bina Hari,6583752070,bhari@hotmail.com,18 Dani Nagar,Chennai,265068
a-1376,614bca84-02ae-424e-86fe-86c3590a692f,Shroff Arjun,7312577575,ashroff@hotmail.com,177 Johal Zila,Jaipur,551790
a-1377,902ff7ab-644e-470d-bd0f-b6cade29d454,Oeshi Sachdev,6130253807,osachdev@outlook.com,322 Nath Nagar,Bengaluru,542028
a-1378,0fff7a97-0784-4ecf-bdb6-eeae8dbe4618,Inaya Kala,7798755929,ikala@outlook.com,308 Jaggi Nagar,Lucknow,364557
a-1379,f4e53aa3-0993-4f92-962b-b02d4f932eeb,Baghyawati Kumar,9990699598,bkumar@gmail.com,442 Morar Zila,Gurugram,755859
a-1380,cb59a8e3-c2c3-4d4c-9e13-6fff34247a99,Charita Toor,7941092708,,113 Naik Circle,Delhi,476039
a-1381,f016be18-5284-48cb-a47d-a804462fcfcd,Abeer Comar,7081119870,acomar@outlook.com,474 Om Path,Pune,152663
a-1382,38feb929-cf87-4857-8357-c1aa6215137a,Meghana Balakrishnan,7783644721,mbalakrishnan@hotmail.com,411 Hari Street,Jaipur,899106
a-1383,eb8c3087-444e-4bef-ae22-40e0021c8e28,Ganga Nigam,9844248564,gnigam@rediffmail.com,356 Som Chowk,Lucknow,575216
a-1384,03244314-6e83-45a2-a8ba-d0d746828a9e,Smt. Balendra Deshpande,7376108738,bdeshpande@gmail.com,434 Dugal Chowk,Kolkata,959316
a-1385,933b5237-41b3-4bc9-adb9-4208b6001397,Triveni Yadav,7212272175,tyadav@yahoo.com,353 Shere Path,Gurugram,409432
a-1386,cde760a5-5241-48d2-8ea3-8b1594e45fc2,Odika Bhalla,8362579344,obhalla@ymail.com,481 Mistry Circle,Jaipur,435551
a-1387,952f0800-1750-49fa-8817-ec41bdc4da9f,Diya Wason,8868164888,dwason@yahoo.com,246 Joshi Nagar,Chandigarh,743411
a-1388,67f1d237-c335-4be9-bdb2-71bc3127336a,Garima Pandya,9761904339,gpandya@yahoo.com,290 Dixit Zila,Ahmedabad,914161
a-1389,99efc1da-dacd-423f-bcfc-b3aee1f281f1,Avni Balasubramanian,6481530679,abalasubramanian@outlook.com,163 Prashad Path,Mumbai,237424
a-1390,547acf53-44e3-4b7e-8f81-891a50cba63a,Noah Ramachandran,6421745479,nramachandran@outlook.com,78 Dada Street,Bengaluru,932658
a-1391,4c86b8b6-8aec-4b70-983c-e702043cddbd,Darika Murty,7855962260,dmurty@gmail.com,38 Magar Nagar,Kolkata,975659
a-1392,a36a16f4-5ec1-4f3c-ac70-684af4eab71e,Odika Chadha,6815523046,,269 Khanna Chowk,Lucknow,746772
a-1393,ea836f6e-44df-4e6a-84f1-07c215a54a72,Kamya Seth,9261315005,kseth@outlook.com,165 Kalita Road,Jaipur,283457
a-1394,bd5c7281-9d3d-4e77-8bb9-c6ef51c22bee,Chasmum Gill,6406335039,cgill@outlook.com,287 Prasad Zila,Chandigarh,295324
a-1395,ce2503bf-e386-4e2c-9792-acf040eda5a8,Baljiwan Jaggi,6336642524,bjaggi@hotmail.com,444 Sawhney Zila,Pune,932255
a-1396,c503eee9-9fa0-43f2-b52d-0aa19dce6c1b,Yashawini Bakshi,6047339940,ybakshi@rediffmail.com,357 Tella Chowk,Hyderabad,577414
a-1397,f40bed28-abb4-443e-9612-b52d73c01318,Mitesh Gupta,8447419320,,493 Sule Path,Kolkata,745012
a-1398,7c6c49c5-3f18-4c03-8a04-eaa3d6e271e7,Dayita Narang,9460340444,dnarang@outlook.com,398 Chaudhari Street,Lucknow,368371
a-1399,03cff5a5-32da-46db-ba9d-8564650c1f50,Zaitra Deo,9838677798,zdeo@hotmail.com,281 Bansal Ganj,Bhopal,391018
a-1400,741cb5e7-afaf-4e27-843b-55507ffe5933,Tripti Ram,9197102975,tram@outlook.com,207 D’Alia Circle,Gurugram,958751
a-1401,d2c79d8e-deb6-48d1-b5f5-137a531c8361,Aayush Mukhopadhyay,8919177819,amukhopadhyay@rediffmail.com,56 Chahal Nagar,Chandigarh,586045
a-1402,77537595-81f4-4573-9cb5-218530eba7c7,Gauri Sibal,9677747353,gsibal@ymail.com,365 Chauhan Nagar,Delhi,564342
a-1403,5555ea18-f1c2-4492-8aca-a2aac6acddb0,Devika Bajaj,7177367798,dbajaj@hotmail.com,115 Muni,Delhi,845617
a-1404,c8f71048-717d-417d-b3ef-506a490cd6b6,Shaurya Nagi,9750465555,snagi@yahoo.com,302 Hans Ganj,Bengaluru,731219
a-1405,cbd67c1a-be88-4b5a-979d-4eaa3b8e2e1d,Bhavini Malhotra,6630194216,,177Nagar Circle,Bhopal,669941
a-1406,d1244553-4874-47a7-aa12-cf8e37d5621d,Ridhi Dalal,7111749322,rdalal@ymail.com,295 Dixit Road,Delhi,101803
a-1407,18552446-9363-4883-aa22-71ec5e588258,Nakul Mahal,6742056243,nmahal@ymail.com,395 Aurora Zila,Kochi,207268
a-1408,1ef7a392-d14b-48aa-b72f-bbfa65a49de2,Yoshita Chaudry,8930140068,ychaudry@yahoo.com,261 Palla Ganj,Chennai,368491
a-1409,abf35525-1612-45bf-b14a-09a4f908bf35,Madan Eiravati,6911114670,emaadn@yahoo.com,67 Mader Street,Delhi,978121
a-1410,a8df60c0-45e0-4ae5-861b-c7c5ced9d2eb,Yash Garg,8291265082,ygadrg@rediffmail.com,167 Mukhopadhyay Zila,Delhi,932441
a-1411,e5ca773c-6c59-4a6d-960c-de27b276aeea,Hamsini Zachariah,8472646432,hzachariah@redkiffmail.com,35 Bedi Chowk,Jaipur,158546
a-1412,ef412642-311a-4307-b4e2-8f8552575de0,Kalpit Balakrishnan,7164286456,kbalakrishnan@gmail.com,404 Bedi Chowk,Hyderabad,318159
a-1413,4b52ae18-6de3-4bef-b69d-f81fae3e5a68,Hitesh Rajagopal,7528220608,hrajagopal@ymail.com,56 Chadha Nagar,Kochi,377615
a-1414,b1a53cdc-bbde-420a-aafa-d7c7a77a93ea,Pooja Ramanathan,8349639503,pramanathan@yahoo.com,321 Sehgal Street,Bhopal,225086
a-1415,22bca434-64fd-46a0-b9b4-b9943e0775db,Ishani Muni,7294377888,imuni@yahoo.com,85 Hora Path,Nagpur,695060
a-1416,abbc7b21-7c4b-4b94-83a7-0393b9b3a48f,Farhan Shroff,6689374132,fshroff@ymail.com,88 Deep,Chandigarh,832032
a-1417,af613dd1-6fdc-4a8d-8a42-85908a5a3ace,Girik Sidhu,9071282536,gsidhu@hotmail.com,222 Sha hZila,Chennai,548704
a-1418,14f68422-dfcb-448e-8f97-d58c2b81c223,Dayita Shroff,+91 88451 11632,dshroff@outlook.com,199 Kata Chowk,Pune,841217
a-1419,3bdb1678-90ed-47a0-a626-5bc449d0d085,Udarsh Dhawan,8202470833,udhawan@gmail.com,138 Kuruvilla,Delhi,313542
a-1420,3c2e98c7-ec03-4fa9-a3ad-39c738b86e08,Ramanathan Januja,8655595534,jramanathan@rediffmail.com,429 Narayanan Street,Mumbai,452284
a-1421,d527d6df-da4c-4801-9b1e-8d0c54746d7a,Ekta Setty,8711490812,esetty@outlook.com,364 Balan Chowk,Delhi,318764
a-1422,e4d93237-542c-434b-b76d-a5edde5f9e38,Dhruv Soman,8291651615,dsoman@outlook.com,37 Panchal Zila,Jaipur,334763
a-1423,15aaee34-912f-4a8a-8150-ed5eea5e9be4,Varenya Shenoy,9825706408,vshenoy@yahoo.com,437 Mandal Street,Bhopal,580582
a-1424,11dc81a4-a44a-4486-baf5-2ba87a9268fe,Ijaya Datta,9729531726,idatta@gmail.com,317 Chauhan Circle,Nagpur,
a-1425,6f0faa0c-16c2-4c49-a6aa-2128f8e053e0,Nidra Chhabra,9813751437,nchhabra@outlook.com,70 Bobal Path,Chandigarh,495594
a-1426,80c95769-affd-4283-87e0-06ee7267a5bb,Chasmum Walia,6496275299,cwalia@outlook.com,17 Rattan Chowk,Delhi,671044
a-1427,7c11efb5-7352-462c-ae89-cff8d7658afd,Odika Khare,6455447507,okhare@outlook.com,348 Kohli,Kolkata,559019
a-1428,3c024691-c6e2-4434-aa11-bf909c6a5ee5,Nathan Subramaniam,6992620208,nsubramanian@rediffmail.com,92 Bhatti Marg,Chennai,297044
a-1429,ee4f0227-42f4-447b-9235-022c50281889,Harini Joshi,+91 61116 68027,hjoshi@rediffmail.com,214 Sankar,Bhopal,849762
a-1430,a445102e-30ad-418a-91d3-7ba6d61028ba,Radhika Oommen,+91-67097-43338,roommen@rediffmail.com,103 Keer Circel,Bhopal,276119
a-1431,e5a48552-7b18-446d-8aad-903cd52f42fd,Oscar Brahmbhtt,6463348690,obrahmbhatt@ymail.com,22 Sur,Delhi,534212
a-1432,f4d61697-4137-4672-bbd4-2b454f3bf719,Ishwar Sheth,7774812011,isheth@outlook.com,427 Chatterjee Path,Bhopal,614116
a-1433,3a2fc825-840e-4a1d-abcf-a6e3d866e444,Sai Goda,9430207475,sgoda@ymail.com,392 Ravi Road,Jaipur,226749
a-1434,2bf458ed-84e9-43ac-a4f8-2827aee0a734,Ekaraj Chopra,8235035229,echopra@yahoo.com,451 Raghavan,Gurugram,665716
a-1435,6f80e62d-f9e8-4530-bab1-5e34f523a4b8,Falak Talwar,8588256951,ftalwar@ymail.com,256 Chana agar,Nagpur,101335
a-1436,4fd8b192-de96-445d-8843-41792d2d99ad,Teerth Dewan,6865090655,tdewan@outlook.com,199 Acharya,Nagpur,497226
a-1437,f5a33ead-07ff-4f0f-9baf-2572557d5238,Manan Dixit,9023333478,mdixit@hotmail.com,129 Wali Chowk,Gurugram,238011
a-1438,8d37f4d7-453a-4cf6-8597-8c63819d2765,Bishakha Ramakrishnan,9255442752,bramakrishnan@yahoo.com,219 Sekhon,Lucknow,170460
a-1439,eac1bef7-55df-4dbf-8b51-60d8596d0820,Rohan Jha,6852983123,rjha@hotmail.com,411 Mistry Path,Mumbai,591114
a-1440,fde59133-46c7-445b-8988-590e3b85dbb2,Daksha Saran,8271784678,dsaran@outlook.com,147 Chakraborty Path,Madras,917319
a-1441,d1687cab-ab1c-46d1-9aea-ff7f36cfff28,Abhiram Uppal,6330858808,auppal@gmail.com,435 Datta Marg,Hyderabad,740407
a-1442,268156b1-5bf1-4922-ac3e-50e97e86b7c7,Chaitaly Bhatia,9521027869,cbhatia@hotmail.com,166 Bera Path,Chennai,206849
a-1443,5b777acd-13fe-4a6c-9442-28613ac50cdb,Aadi Parmer,8727464431,aparmer@yahoo.com,84 Manda Zila,Bengaluru,268512
a-1444,a69f917b-2a57-45f5-aa5a-e86c9158d0d6,Azaan Keer,+91-74865-23079,akeer@rediffmail.com,155 Ramesh Mrg,Bhopal,310581
a-1445,2f21a2fc-b524-4653-b153-bc42f9e8ebd5,Eesha Raja,8243763849,eraja@outloo.com,442 Raj Marg,Jaipur,549035
a-1446,bcc97371-39e3-4bd4-b2c9-919b58645d99,R. Kakar,6865463321,rkakar@ymail.com,374 Soman Street,Kolkata,776886
a-1447,f1419a01-da12-4f4c-84ef-e059c39a1ab8,Liam Guha,6605314228,lguha@hotmail.com,202 Rajagopalan Circle,Mumbai,584447
a-1448,93aa59fd-64f2-4f60-a3f3-bff9c77db481,Jagvi Sahni,6608689868,jsahni@gmail.com,322 Mani Street,Mumbai,936886
a-1449,6ed758fa-823d-4b58-a8f2-b71296e9c90f,Jeremiah Desai,6874917460,jdesai@outlook.com,339 Bora Nagar,Ahmedabad,370109
a-1450,c2d7f590-3337-49d7-9ba2-b7661d8bd411,Amol Dhawan,9110362428,adhawan@gmail.com,101 Sarkar Chowk,Chennai,369497
a-1451,230501c8-4c01-4abd-8119-cfd319fbb823,Laban Chad,7992559930,lchad@gmail.com,3 Sagar Street,Jaipur,343353
a-1452,9de2eddd-5506-4f04-98bc-df7d1e2f5fb9,T. Sandal,8068175922,tsandal@gmail.com,352 Gole,Bengaluru,253371
a-1453,6cde717c-63c0-4931-8216-90ba3a2e8572,Suhani Upadhyay,8999444927,supadhyay@outlook.com,31 Sengupta Marg,Gurugram,937265
a-1454,3e11cfc2-5fb0-4c86-84b7-df63b2f3b375,Leena Pant,6782853469,lpant@hotmail.com,173 Grewal Ganj,Hyderabad,159062
a-1455,167d5e69-b995-4c01-8427-c9b7982fb225,Panini Amble,6615723907,pamble@yahoo.com,452 Tara,Jaipur,226199
a-1456,65d9f918-6c19-4bff-a979-720deae223ff,Warjas Thaker,8484338617,wthaker@hotmail.com,175 Roy oad,Hyderabad,552098
a-1457,43573a2f-4fba-4775-8c84-638afad2fc2c,Jeevika Bandi,6485519358,jbandi@outlook.com,367 Subramanian Nagar,Bengaluru,554800
a-1458,5d12d41f-4bde-4781-858c-6da7bd2cdb76,Jyoti Chowdhury,+91 98991 86861,jchowdhury@outlook.com,380 Subramaniam,Hyderabad,848313
a-1459,dc15694c-46aa-4ea4-b6fd-66d3469d6f4e,Fariq Dhar,7951159013,fdhar@yahoo.com,61 Mammen Circle,Gurugram,214284
a-1460,3f33b726-c7a4-4bb3-94f1-ad828f4b7774,Udyati Varughese,6816784604,uvarughese@ymail.com,80 Virk Zila,Kochi,840829
a-1461,a0bc366a-b77c-4474-9d93-04715c6e9e7a,Gaurang Korpal,8374226294,gkorpal@rediffmail.com,235 Brahmbhatt Chowk,Kolkata,254143
a-1462,4ba50aa1-8aff-4cbc-ab89-2a2fe51b3a86,Devika Bera,6006238110,dbera@yahoo.com,45 Warrior Path,Bhopal,732769
a-1463,dd3f0e21-8787-400a-9a1b-551eba92630e,Advay Singh,7627901281,asingh@hotmail.com,269 Vala Chowk,Delhi,172254
a-1464,d6a1f72e-caa6-441b-9045-9598537eb706,Upasna Narula,7229964190,unarula@gmaol.com,339 Pandit Marg,Ahmedabad,942912
a-1465,b506e12e-23a1-4807-8204-bd5a5a0246aa,Chaitalh Mann,6706077622,cmann@ymail.com,365 Banik Street,Delhi,678459
a-1466,aaf60c00-c2a1-4e87-9e9a-9c885a0742bc,Daksha Lad,89848-40349,dlad@rediffmail.com,74 Solanki Nagar,Hyderabad,826974
a-1467,58ca0bba-d023-44cd-8501-e35992ba01bf,Omkaar Behl,7349358057,obehl@ymail.com,31 Bala Road,Kolkata,
a-1468,b8184d84-8afc-46a7-aa7b-f38d99d714e1,Bhavini Sundaram,7182189653,bsundaram@outlook.com,305 Date Zila,Ahmedabad,692284
a-1469,0f81ff2d-fe39-4517-a385-17bc8125b2c1,Yashasvi Bose,8228503968,ybose@outlook.com,22 Krishnan Road,Kochi,446688
a-1470,445a4fab-7549-4447-ac82-693c14414662,Kevin Mand,8764637926,kmand@gmail.com,189 Kurian Road,Pune,751988
a-1471,735b9bf6-aecb-4f0d-807a-953a611cf081,Akshay Choudhury,6339901726,achoudhury@ymail.com,82 Ghosh,Mumbai,662897
a-1472,2f411c04-c481-4f58-97cc-037720bc1674,Matthew Sekhon,6275054029,msekhon@rediffmail.com,36 Gill Path,Bhopal,598496
a-1473,eeb5c832-c985-4519-8a4a-b582db4b7fdd,Advika Keer,6681361825,akeer@hotmail.com,334 Golla Chowk,Kochi,256024
a-1474,592ab538-27c0-4838-b2d0-b19e2c80bfdd,Bachittar Oza,7149773566,boza@ymail.com,341 Dhillon Zila,Lucknow,780037
a-1475,6b954fff-94ef-4e4b-9d93-743d7d2cb243,Mitesh Tandon,8890335230,mtandon@gmail.com,225 Rajagopal Marg,Nagpur,648692
a-1476,f3b51886-712f-4e55-b25c-aaa7f3126c44,Wazir Sarraf,8191995895,wsarraf@rediffmail.com,295 Kade Street,Nagpur,697462
a-1477,0e1be2a7-cf12-4577-a7be-cde4c5a649e5,Shri Hemani Bhagat,6927432854,hbhagat@outlook.com,401 D’Alia  Road,Chennai,347906
a-1478,35394c51-2b72-4dc0-a6d0-d7929fb4817f,Charles Ganesh,9166209816,cgaesh@gmail.com,283 Rastogi  Chowk,Nagpur,181903
a-1479,8073a7c2-cf2e-4b9d-a854-7b0a84138713,Vamakshi Mitra,6574102739,vmitra@yahoo.com,214 Walia Chowk,Kochi,528207
a-1480,19aa4441-6889-48fc-b2ac-031138e0c5cc,Vivaan Raghavan,6076926151,vraghavan@ymail.com,208 Som Marg,Chennai,884465
a-1481,e974f11c-dbc4-48e9-a7bc-e1ddb419b305,Adweta Dhillon,7844423144,adhillon@hotmail.com,492 Saran Circle,Ahmedabad,718844
a-1482,34f80dd9-7a64-43a1-a818-07d438d05f4c,Advik Mani,6812010807,amani@gmail.com,457 Raja Chowk,Kochi,288274
a-1483,8443d8cd-a091-422e-9745-6d8e2fa9e656,Diya Wagle,8972788777,dwagle@rediffmail.com,67 Chatterjee Nagar,Gurugram,299422
a-1484,fcc651f8-943a-4a86-8fa3-01614c5b6dd6,Irya Sankaran,6444061800,isankaran@yahoo.com,204 Mahajan,Kolkata,353726
a-1485,fa614409-c5eb-43c2-94ad-67ad6c72515e,Gautami Madan,7330656608,gmadan@outlook.com,346 Chaudhari Road,Kolkata,907302
a-1486,97e96973-4d74-4da1-a683-b438e2cba0b4,Aadhya Raman,9829717481,araman@yahoo.com,174 Khurana Chowk,Nagpur,685610
a-1487,a07f19cb-766a-452e-8ca0-84de28e23387,Robert Venkatesh,8246298943,rvenkatesh@ymail.com,364 Gole Path,Bengaluru,397908
a-1488,62f83e36-019e-4900-9747-ac39af30422f,Dhriti Anne,6006901431,danne@outlook.com,452 Bir Nagar,Gurgaon,842521
a-1489,7f27c01d-a536-4a64-8300-9832229a3eed,Advik Sabharwal,7164004513,asabharwal@outlook.com,236 Vohra Zila,Pune,196584
a-1490,0da6ac65-d5ad-44e8-8f17-673e19555945,Hemang Sehgal,6179262920,hsehgal@ymail.com,472 Kanda Path,Chandigarh,380823
a-1491,27ba2cf9-346f-4324-a973-b87bc26a4d37,Bhanumati Krishnamurthy,7771915441,bkrishnamurthy@hotmail.com,16 Bandi Ganj,Jaipur,640383
a-1492,44cd9f7f-bb0f-4baa-8129-b05459eaeddd,Arjun Chanda,9498493565,achanda@rediffmail.com,82 Kalla Nagar,Chennai,451192
a-1493,e67b7367-368f-4e33-9a82-754ba67d950b,Jairaj Dar,7611721230,jdar@ymail.com,59 De Zila,Delhi,371035
a-1494,66f7db88-d823-4a52-8674-39342446b1d0,Keya Goyal,6184014561,kgoyal@hotmail.com,131 Gour Zila,Nagpur,943627
a-1495,10164690-d98d-43b1-81c9-0244d3394b49,Z. Menon,6079504201,zmenon@hotmail.com,214 Borra Chowk,Jaipur,526555
a-1496,b15e95ba-a395-4bb3-9866-2e0d78da26f0,Sudiksha Malhotra,6821751826,smalhotra@outlook.com,414 Naik Marg,Kochi,
a-1497,4cc89159-af8a-4f8c-ae3b-c129b7ff86d0,Aarini Edwin,7250436571,aedwin@ymail.com,196 Malhotra Zila,Mumbai,328194
a-1498,ac07f0fd-bdf2-4be7-b3a4-2c305df2352c,David Raja,6836813911,draja@outlook.com,13 Natarajan Marg,Kolkata,934687
a-1499,34ef6418-7fad-4be1-ab13-fbb454a340eb,D. Kuruvilla,9942664225,dkuruvilla@hotmail.com,229 Gokhale Road,Gurugram,568664
a-1500,c0c72fc8-bb31-496c-83b4-914590f2cf48,Ridhi Boase,7659201161,rboase@gmail.com,199 Iyer Chowk,Chandigarh,656921
a-1501,dd471457-2bbf-4996-aa93-4f1aa48cab0b,Maya Gokhale,7733735621,mgokhale@ymail.com,149 Chopra Chowk,Chandigarh,489954
a-1502,54b0d019-6ddc-4e9a-8288-65bcde400e81,Maanas Zachariah,8568805529,mzachariah@yahoo.com,417 Kamdar Marg,Pune,971440
a-1503,e41c7e92-8688-4e01-912f-2b753e00ea27,Hitesh Sathe,8851730329,hsathe@ymail.com,53 hCauhan Road,Mumbai,211529
a-1504,10112844-963c-45af-a561-ba18763b37a4,Bakhshi Bora,9228901894,bbora@gmail.com,77 Krishna Zila,Gurugram,164856
a-1505,df558b0f-1c18-484d-a00b-c0f75f24e6d6,Sanaya Bahl,9921323913,sbahl@rediffmail.com,29 Dixit Chowk,Chandigarh,229288
a-1506,2b2f8111-c583-4346-9eb4-44cb4938697f,Aadi Barad,6451968271,abarad@gmail.com,320 Lata Marg,Bhopal,877593
a-1507,a109c254-d70b-4b0e-bbcb-091035e9f05f,Max Narayan,8973411239,mnarayan@ymail.com,57 Aggarwal Marg,Hyderabad,361440
a-1508,bac7d147-4afb-412c-ba00-fd5eeac39c55,Yutika Swaminathan,8358884099,yswaminathan@ymail.com,239 Sarin Chowk,Nagpur,266620
a-1509,edeb78a8-1732-4933-abc4-a7841ee868cb,Netra Boase,8267599442,nboase@rediffmail.com,465 Kara Circle,Delhi,955233
a-1510,9700efd2-158f-4570-8128-e757f70d468e,Aarush Rajagopalan,8568157849,arajagopalan@yahoocom,220 Dara Chowk,Bengaluru,631185
a-1511,f4c3eb02-2ab4-4fac-968f-15f80ae259ec,Jagrati Nath,8109422117,jnath@outlook.com,300 Rattan Road,Lucknow,972969
a-1512,63c53621-9166-4ed0-8539-e714bb6a7466,Christopher Chana,+91 78924 26269,cchana@ymail.com,91 Warrior Path,Hyderabad,640245
a-1513,8db5000c-d924-474c-90de-519d369adbe0,Harini Buch,6973665972,hbuch@ymail.com,481 Mann Chowk,Nagpur,503311
a-1514,47cf7919-5297-4d75-8528-6ec08e1f567d,Samaksh Goda,7085491282,sgoda@ymail.com,429 Baral Circle,Kochi,616640
a-1515,6e2f0768-92e5-4572-a92e-0326d96e010f,Leena Halder,6123851013,lhalder@rediffmail.com,25 Ramakrishnan Road,Kolkata,140537
a-1516,64fe0a44-f891-4e04-9ef7-4f2b63bc9915,Hredhaan Parmer,9967790945,hparmer@rediffmail.com,247 Chad Chowk,Kolkata,236634
a-1517,70422b9c-701a-470e-86a0-298e7eadebf7,Raksha Gupta,7515934963,rgupta@gmail.com,468 Banik Street,Hyderabad,801008
a-1518,d97e0eb6-fc37-468c-9785-40e0b9013a55,Reyansh Bakshi,7975375593,rbakshi@outlook.com,22 Khare,Bhopal,
a-1519,75f48989-07df-49d3-8f3d-7c10f6a7611c,Vrinda Ramachandran,6113589646,vramachandran@yahoo.com,123 Zachariah Zila,Bhopal,618088
a-1520,a940cd52-1244-4753-88d0-9c647642c020,Darika Tata,6103713919,dtata@outlook.com,362 Sengupta Circle,Chennai,288938
a-1521,12b70229-8800-4daa-bada-d158c0f3ec86,Amol Bansal,6561152911,abansal@yahoo.com,166 Bhalla Path,Delhi,904896
a-1522,a16fe9c5-75f5-4b5e-b492-c30f8d0a6e8e,Geetika Basak,6082350657,gbasak@gmail.com,9 Dani Marg,Kolkata,186799
a-1523,d49a0da6-93f3-4745-8340-fe26e9074b1e,Siddharth Virk,9517286395,svirk@hotmail.com,95 Yadav Chowk,Pune,955870
a-1524,834967bf-c339-4b19-afde-1fd9b07f9535,Manthan Kaul,7261065021,mkaul@rediffmail.com,333 Bansal Zila,Lucknow,928983
a-1525,b21e2f6f-1f07-47a0-af00-0cc2532c3862,Lohit Suresh,7767009763,lsuresh@hotmail.com,197 Sinha Nagar,Nagpur,884725
a-1526,f56d2b99-a426-4c81-b5ee-3ea1fe1e4fe7,Chakradev Kibe,9653339069,ckibe@outlook.com,319 Atwal Street,Chandigarh,181412
a-1527,0ac9e89e-d8b1-4486-a934-fc85e29d0c8e,O. Bedi,8782864716,obedi@outlook.com,444 Chatterjee Road,Kochi,864585
a-1528,c1b69a6b-ef6d-45a1-bc52-c7749ade1136,Tanmayi Garde,6521889347,tgarde@yahoo.com,28 Bhatt,Bhopal,806648
a-1529,0d092256-f2ec-40b2-bf70-fe597b0a00e7,Hitesh Comar,7432636061,hcomar@hotmail.com,436 Kannan Chowk,Ahmedabad,948376
a-1530,d35dc1d7-0681-464c-a884-3429b9e9c550,Dev Jain,7368578732,djain@hotmail.com,288 Nazareth Marg,Nagpur,918111
a-1531,72229b8f-a3de-4493-b1ea-723c51ced13f,N. Nair,7295750285,nnair@rediffmail.com,381 Devan Zila,Jaipur,308903
a-1532,14ade5a2-46eb-4840-8150-600ca7e7a1c4,Ekanta Kala,8946862262,ekala@yahoo.com,296 Ghose Nagar,Chennai,367841
a-1533,bd45fb97-4299-4b67-819d-a805c184e839,Bhatnagar Gautami,6361377310,gbhatnagar@outlook.com,347 Mahal Zila,Hyderabad,669718
a-1534,fda962ab-5081-43cc-af3b-2284081270cb,Lohit Sagar,+91-70639-40779,lsagar@rediffmail.com,181 Pingle Street,Bengaluru,516018
a-1535,e7a4d74d-35b0-4708-bec6-9dd81000911e,Nitesh Sarna,8488208290,nsarna@ymail.com,339 Baria bGanj,Nagpur,779281
a-1536,fbd2d90a-1bf3-43fd-888f-616d9a2962ce,Kiaan Chaudhry,8136634009,kchaudhry@yahoo.com,463 Puri,Mumbai,811027
a-1537,bd3bfb1c-f55d-46e6-94d7-1f990ed4040c,Nakul Babu,8379873151,nbabu@outlook.com,434 Buch Chowk,Chandigarh,416759
a-1538,88d1b33e-08c9-4ed4-bd36-f37dedbd5195,Abeer Amble,8573137923,aamble@ymail.com,157 Chakraborty Streeyt,Kochi,100038
a-1539,25641082-f714-4134-b135-a4dc21e91a1a,Bhanumati Saha,7735105199,bsaha@yahoo.com,145 Date Chowk,Ahmedabad,642537
a-1540,3f21ccd3-9d04-46b0-a0ff-a9224f602dd1,Samuel Dhar,9148411613,sdhar@outlook.com,190 Virk Road,Pune,270084
a-1541,aa39042c-6cf7-47f5-9d45-8645b10d5829,Shravya Sabharwal,7344868351,ssabharwal@yahoo.com,292 Ghosh Ganj,Bhopal,282056
a-1542,41efe791-ca33-4f91-b1e9-adfd4d638f82,Baljiwan Gole,7168144635,,6 Chakrabarti Chowk,Gurugram,181026
a-1543,5d6fb32b-4b3c-4d49-b091-20c16712d177,Dr. Charvi Pall,8915958486,cpall@hotmail.com,108 Agrawal Marg,Bhopal,414206
a-1544,fcd14482-5ba7-49f2-9030-d10d1608a117,Warinder Handa,7834563065,whanda@outlook.com,272 Wagle Zila,Hyderabad,520122
a-1545,eb3d9edf-a5cb-4b5d-a771-391a9ad56cf0,Girish Pathak,7549473363,gpathak@gmail.com,87 Tripathi Circle,Nagpur,898148
a-1546,9cb6cb81-a4b7-4c71-83e4-056ec328b1ab,Theodore Shetty,8702553096,tshetty@rediffmail.com,219 Malhotra Ganj,Nagpur,549740
a-1547,30a422d9-ea36-47f0-9227-b68d2156e30c,Chatrwesh Hari,8059353173,,297 Dixit Zila,Nagpur,799617
a-1548,a7bd99e4-15e9-4fc8-9406-e2c4fd850673,Urvi Tank,7574448435,utank@rediffmail.com,456 Dutta Street,Jaipur,896186
a-1549,abb1a2f2-ca0c-4ad9-b57d-2672e7b9f536,Mr. Caleb Bhagat,8520047787,cbhagat@gmail.com,441 Mane Path,Hyderabad,606534
a-1550,ca68ba63-616d-495c-8f28-7bc0433c94ef,Shaurya Saran,9995889368,ssaran@yahoo.com,113 Natt Road,Bhopal,266669
a-1551,fcda116c-a922-4c7c-99ac-54b25a0f1712,Sudiksha Bassi,9526834685,sbassi@ymail.comk,377 Ben Zila,Chennai,392614
a-1552,47908cd1-c0b9-4628-ae45-d742c0ae4f75,Patrick Dugar,9881230248,pdugar@yahoo.com,430 Sundaram Nagar,Kolkata,314419
a-1553,6db427fa-5773-4ac6-a996-9360d2e3097a,Yutika D’Alia,9399512183,yd’alia@rediffmail.com,134 Keer Zila,Nagpur,806478
a-1554,8af7e25c-abac-44ff-8c0a-9f613c2abbbb,Sai Nanda,9886217300,snanda@outlook.com,420 Issac Marg,Bengaluru,223098
a-1555,d86a59ad-394d-4cf7-8d02-f33d334c7d3b,Eshana Karpe,7740234259,ekarpe@rediffmail.com,156 Nanda Zila,Calcutta,646552
a-1556,05aeb072-e5ea-4398-97d4-8ec9eddd52bb,Vedant Chaudhari,9486999361,vchaudhari@ymail.com,159 Sachar Ganj,Bengaluru,
a-1557,698695b3-1ebb-4015-b814-f83f0d3cd337,Ryan Prashad,9549362432,rprashad@rediffmail.com,383 BorahG anj,Nagpur,741683
a-1558,d292d0c0-06ed-4d18-961e-1b640b6c9259,Urishilla Sundaram,7359325975,usundaram@rediffmail.com,8 Sarin Nagar,Cochin,903199
a-1559,5fa864d8-7ba7-4e5f-87d6-a54f205e701c,Maanav Kalita,6847566697,mkalita@yahoo.com,85 Sha,Kochi,316022
a-1560,1621dfef-43e3-42c9-89ec-1f6e42ba2025,Pranav Ram,9775898320,pram@ymail.com,366 Deshpande Path,Jaipur,560891
a-1561,2b4f8084-bf83-4b5a-a69a-5a603937ad3d,Tanvi Hari,7384958131,thari@gmail.com,495 Madan Path,Bengaluru,
a-1562,e8842f99-aaf2-415d-bd4e-cbf57ce49276,S. Nayak,6319237535,snayak@hotmail.com,145 Balay Street,Mumbai,922030
a-1563,034e2476-4d78-4b18-8400-1c65178f7cfe,Darpan Mand,8574706740,dkand@outlook.com,390 Choudhry Street,Gurugram,310990
a-1564,14374e60-c7b0-4dda-9c19-f9b406486967,Udyati Shanker,07743554216,ushanker@hotmail.com,306 Garg Marg,Delhi,576488
a-1565,50c9f5ee-a5b4-49fe-be15-d4a72368078e,Hemal Kannan,6003421342,hkannan@outlook.com,191 uDgar Road,Delhi,774123
a-1566,da1ede3d-ce78-4f7a-ac39-03e80a649a98,Onkar Karpe,8270279559,okarpe@gmail.com,240 Sabharwal Zila,Bengaluru,660282
a-1567,0ceb09f8-51d1-463c-9b4c-6f70e174fd80,Vrinda Kalita,9132752131,vkalita@rediffmail.com,424 Solanki,Nagpur,554528
a-1568,80dbf145-26df-49e6-874e-e27950e12724,Turvi Mallick,6140058508,tmallick@rediffmail.com,152 Sangha Nagar,Ahmedabad,507886
a-1569,3c43d7e6-9144-4a67-bba1-4c4a1d2ae056,Yatin Kota,7353649830,ykota@outlook.com,169 Saraf Path,Delhi,337984
a-1570,e82177f9-2001-490a-906f-49407838d9d9,Tristan Dixit,9285527644,tdixit@outlook.com,236 Ahluwalia,Chandigarh,201276
a-1571,c490a95d-8523-4a45-a0b8-ece982a1ddc7,Omisha Basu,8019607458,obasu@ymail.com,69 Singhal Nagar,Gurugram,413155
a-1572,acf6c2c7-29e9-4099-b8a3-6abe91546eae,Bandi Yamini,9524429909,ybandi@hotmail.com,400 Wali Marg,Lucknow,152650
a-1573,9d63201a-395c-44a4-817a-f35dd881eae7,Meera Srinivas,8991456685,msrinivas@rediffmail.com,449 Sethi Zila,Chandigarh,481327
a-1574,23c99e8e-a83e-4ff8-a576-313aa1c9954c,Warhi Khosla,9257728128,wkhosla@outlook.com,271 Arora Zila,Jaipur,642595
a-1575,1dcc3d92-97d2-47d0-8c26-a151d0ea9328,Niharika Kamdar,8788440047,nkamdar@ymail.com,204 Parmer Street,Ahmedabad,860916
a-1576,0adcc2ca-0852-4e57-9b8c-74b89ebf3075,Chakrika Khare,6232487983,ckhare@gmail.com,76 Babu Zila,Bhopal,591446
a-1577,3639ec89-ab52-40a0-91ef-6bea0dc8c7f7,Varsha Mody,9275123192,vmody@outlook.com,285 Sharaf Street,Bhopal,557317
a-1578,13851939-1edc-4a3c-a883-41cbe093709b,Arjun Sha,8181187191,,477 Devi Chowk,Bhopal,513691
a-1579,eb8923bc-b09e-4afa-8f54-79037b72cd5c,Nidra Goyal,6926323581,ngoyal@outlook.com,430 Shetty Path,Ahmedabad,989244
a-1580,cc586253-a2e2-41dc-81e3-61c600c52331,Aarav Bobal,7282904697,abobal@gmail.com,374 Natarajan Marg,Pune,582055
a-1581,5ba0e7f1-ac7b-49a6-9a60-e0951671c15d,Mr. Bachittar Minhas,9623752214,bminhas@hotmail.com,271 Madan Marg,Hyderabad,838987
a-1582,84dd259c-bc09-43ad-b807-7e950d108a19,Sarthak Buch,6302058926,sbuch@yahoo.com,158 Nayak,Lucknow,959846
a-1583,103373e8-90c8-43cc-bec4-35f3f382e1ce,Christopher Varma,6041702975,,22 Behl Path,Pune,357123
a-1584,9482ba13-8a5d-4667-9c9c-3cb1712ecaeb,Indrajit Rajagopal,7647895264,irajagopal@yahoo.com,362 Shroff Path,Bangalore,825008
a-1585,be9ae6e1-52e5-461b-9a6d-effece023234,Banjeet Pau,9283625699,bpau@rediffmail.com,279 Gill Path,Lucknow,981335
a-1586,f7851d2e-7dfe-4ab2-9f3c-a7be0147bb34,Ekalinga Jayaraman,8866196649,ejsayaraman@hotmail.com,95 Natt Street,Pune,916820
a-1587,a12a28e2-3733-447d-b346-626aa895a363,William Zacharia,+91-89145-31432,wzacharia@hotmail.com,209 Sridhar Zila,Kochi,997827
a-1588,8d15998f-3bfb-4e7f-a66f-10f5e8da83c0,Shaurya Kar,9440831137,skar@gmail.com,61 Pandit Path,Jaipur,348031
a-1589,a1d9516c-afdc-4ef2-ab8e-1a5fe174daac,Thakur Amara,8523954722,athakur@ymail.com,401 Malhotra Marg,Lucknow,402296
a-1590,8fe150b8-91c2-44fe-bcdb-059f816ef49f,Chatura Bhatnagar,6282499402,cbhatnagar@outlook.com,169 Pai Path,Bengaluru,727848
a-1591,e7747050-2f6d-4253-82b6-c42d9f7e70c7,Sneha Sunder,8967833947,ssunder@outlook.com,62 Vyas Circle,Ahmedabad,267845
a-1592,cf348e1f-39fb-4269-b6d8-df6d344c378a,Jason Singhal,6420680608,jsinghal@gmail.com,218 Walia Circle,Nagpur,969633
a-1593,06ae8557-3a65-46ea-98bc-6d6341584fa0,Brinda Seth,7941673541,bseth@hotmail.com,214 Pillai,Chandigarh,996847
a-1594,d2d81b18-9176-4d15-b4db-cfeec8fc319b,Dominic Guha,9890820075,dguha@outlook.com,441 Chahal Chowk,Bangalore,381984
a-1595,eb1dc2f7-72b4-4c60-bba3-76927917586f,Faris Raman,6591134619,framan@gmail.com,100 Mani Street,Gurugram,572329
a-1596,f4e4ab57-9357-4dd5-9800-f2ece8e29ca2,Faraj Chopra,9081999698,fchopra@outlook.com,446 Majumdar Street,Kolkata,556062
a-1597,9476ca8d-6d08-4ece-b77d-526ceec73dc1,Isaac Divan,6548216190,idivan@hotmail.com,474 Dora Chowk,Mumbai,292699
a-1598,ad40430d-a77f-4da8-bced-38ae72f9f9ac,Samarth Verma,6903675449,sverma@hotmail.com,427 Memon Nagar,Kochi,562268
a-1599,6d2bae31-74b5-4668-917c-d2b6a4ac5843,Omaja Deo,7586792566,odeo@gmail.com,380 Palan Chowk,Pune,721709
a-1600,cf7ce3a1-7f3e-48ab-b033-f260d5a6ec3b,Osha Sawhney,7883729287,osawhney@yahoo.com,412 Manne Nagar,Mumbai,707827
a-1601,615f97db-d40c-4443-87cf-b8bd34eec7a5,Ranbir Bhatnagar,7100097909,rbhatnagar@outlook.com,397 Kata Nagar,Kochi,147011
a-1602,81623971-aaab-4eb5-8734-d01bf029be7a,Zinal Nayak,6197564299,znayak@yahoo.com,401 Oza Marg,Pune,542651
a-1603,c7bc720b-1540-48fd-9947-13c6dd07f2d0,Eta Sunder,7269376481,esunder@ymail.com,202 Wagle,Mumbai,833005
a-1604,b771742b-b04b-4f38-b160-4d9de72f0add,Sai Shankar,8939722961,sshankar@gmsail.com,413 Deo Road,Chennai,775539
a-1605,76af9c14-9989-4288-8609-5192a01bed66,Damini Garg,8662607770,dgarg@ymail.com,217 Karan Road,Hyderabad,699133
a-1606,f4aa389c-d713-41fe-a87b-38a8f13a7966,Veda Prabhu,6621295338,vprabhu@outlook.com,387 Batta Road,Gurugram,589351
a-1607,27aa8b53-b8f0-49ec-a9cb-16057f414284,Manbir Pandit,9964162638,mpandit@ymail.com,117 Shah Road,Kolkata,141667
a-1608,f3c13f78-0faf-4bc8-86c5-7dc96aed53b5,Ojas Dyal,6140754488,odyal@gmail.com,342 Mangal Circle,Chennai,489628
a-1609,5180bc4f-384c-4ccb-8afc-e217fa18e8fb,Qabil Gill,9732536413,qgill@rediffmail.com,415 Edwin Street,Kochi,290745
a-1610,201b6a3e-55a1-4d80-8272-0e793492d90c,Wazir Dada,8482882462,wdada@ymail.com,96 Nadig Nagar,Gurugram,136761
a-1611,ea64e2c5-842e-4874-b7d4-2f112fbcb5a3,Jonathan Sastry,6590498168,jsastry@rediffmail.com,328P ingle Road,Bhopal,316121
a-1612,f09d889b-0419-474a-bcc2-b39c61937161,Qarin Jha,9390916669,qjha@outlook.com,66 Banejree Circle,Lucknow,866331
a-1613,9a3bdef6-7dfe-4488-9dbf-b4a0247f089e,Edhitha Padmanabhan,6368323515,epadmanabhan@rediffmail.com,41 Pradhan Street,Bengaluru,673756
a-1614,d2c05b48-d3c3-47ee-93e8-b4e99f8a871f,Saumya Zacharia,9226112207,szacharia@outlook.com,100 Walla Street,Nagpur,698193
a-1615,be7fb799-25c6-4eb6-98fb-48e15ec41227,Charvi Dara,7595987772,cdara@ymail.com,459 Ravel Nagar,Lucknow,390776
a-1616,74e9b20d-192d-4708-af31-546c6d35bdc9,Xalak Dhillon,08755020408,xdhiplon@yahoo.com,370 Nagarajan Chowk,Bangalore,996109
a-1617,cd9a4c84-e4df-43b2-ab0c-14ee681391b1,Nachiket Agrawal,8667048416,nagrawal@yahoo.com,256 Tripatih Circle,Chandigarh,590173
a-1618,008e11fc-b32b-4314-970c-c8fa7b1e6c96,Garima Merchant,9480506210,gmerchant@yahoo.com,479 Mann Chowk,Nagpur,117062
a-1619,27978a1a-c0e1-40fd-a52a-e5468f355adb,Manan Sathe,6121412368,msathe@gmail.com,315 Chowdhury Path,Delhi,948096
a-1620,a2b63b49-1422-4b4f-88bc-fba43b1d0b21,Varenya Baria,7344547433,vbaria@rediffmail.com,71 Dada Streetg,Gurugram,391920
a-1621,cd3dc832-bb1a-41e0-ae68-e7466ca01e9c,Darika Bakshi,9496729210,dbakshi@outlook.com,314 Kannan Marg,Pune,707169
a-1622,e5d45bd9-8e7c-48cb-acd4-c13aad098b43,Sanaya Parikh,8979835199,sparikh@ymail.com,371 Narain Zila,Ahmedabad,633095
a-1623,0ab842d1-81ff-4d5d-bacd-890b72b51055,Christopher Hayer,8797033639,chayer@yahoo.com,219 Vyas,Ahmedabad,478444
a-1624,0f6a9fbf-fc1c-40e5-8f07-76fc3dd6cf1d,Tristan Mall,8545116850,tmall@ymail.com,162 Bajaj Ganj,Hyderabad,650927
a-1625,290f9ad6-de01-4eaf-a947-97d09a41b1e9,Fiyaz Yohannan,9851764628,fyohannan@gmail.com,419 Chahal Chowk,Chennai,680866
a-1626,c42c60b8-ac4a-4d75-91fa-f0a685a0e86e,Yauvani Ramesh,8975513488,yramesh@outlook.com,53 Swamiathan Ganj,Chennai,590190
a-1627,1e3d2a99-d378-43ab-a495-ea1b8c3641d5,Eesha Vaidya,+91-62902-38389,evaidya@outlook.com,172 Ptael Nagar,Kochi,295776
a-1628,e3366440-55f9-408c-b68d-61a58811845c,Mitali Divan,8800189932,mdivan@hotmail.com,408 Pingle Marg,Pune,861231
a-1629,3db2181d-ff52-4a03-9f4c-8a370bb7b919,Libni Pradhan,9151064209,lpradhan@rediffmail.com,467 Mane Nagar,Ahmedabad,698652
a-1630,db1b6cb8-cdde-4ffb-a529-ac20572f51dc,Hemani Panchal,6353459308,hpanchal@outlook.com,236 Sehgal Road,Pune,680888
a-1631,2afbb039-2a3d-49dd-b483-6d95d9ceaa1a,Gagan Kale,9375947433,gkale@ymail.com,419 Sagar Chowk,Lucknow,626837
a-1632,fb6660b3-33e1-443d-b11b-6d2eda66f6a9,Saanvi Mani,9494077228,smani@rediffmail.com,149 Samra Street,Gurugram,246067
a-1633,51beff32-dd03-4c9d-8efd-cc068a7321cd,Oeshi Dewan,7156916550,odewan@gmail.com,30 3Chadha,Chandigarh,926807
a-1634,c3ac5c2f-9b70-4f2c-bffe-b9a87f71cbba,Maanas Johal,7456691863,mjohal@ymail.com,353 Soman oRad,Delhi,506060
a-1635,8a4e0eb9-ddd4-49e0-83a5-bb9c3a7afa0d,Gautami Bhatti,8979073588,gbhatti@yahoo.con,120 Prashad,Bengaluru,665331
a-1636,6034bb37-c915-47f3-9570-1e23515ffcc7,Gaurang Ahuja,8854179043,gahuja@rediffmail.com,382 Mahajan Marg,Chennai,774484
a-1637,6179e59d-e041-4425-b256-dc81a939d4d9,Oeshi Gill,8220785735,ogill@rediffmail.com,215 Shere Circle,Gurgaon,246083
a-1638,7e1d2ce5-a813-489b-8f89-f1302acccb24,Laksh Iyengar,8698873344,liyengar@ymail.com,437 Raj Street,Gurugram,370117
a-1639,c0e56a08-a6e0-4a0f-93d9-3c6c96b8e4e5,Bimala Swaminathan,7683958029,bswaminathan@ymail.com,285 Mittal Nagar,Delhi,685903
a-1640,81fe477e-b09b-42bb-a8bd-0f31c02aa0c4,Tak Daksha,8153272987,dtak@gmail.com,480 Sheth Circle,Hyderabad,895664
a-1641,153630c4-0e1d-415c-866c-913ff32f0848,Udarsh Bala,7974402789,ubala@gmail.com,126 Dube Nagar,Delhi,736380
a-1642,d8e0616a-2746-4e79-a8da-1ddd4ae37b08,Adweta Mital,6858665785,amital@gmail.com,47 Dash Chowk,Bhopal,872095
a-1643,6fa5176a-13d0-48a9-a73b-56a6b3754fca,Bhavna Sahni,7450717589,bsahni@ymail.com,226 Swamy Street,Bhopal,149620
a-1644,5e5dbb11-d3f8-40ae-be69-499b909e5155,Yash Balakrishnan,6189630066,ybalakrishnan@yahoo.com,95 aMlhotra Zila,Ahmedabad,516400
a-1645,ec49fade-3243-4896-a698-190364e1f231,Waida Bhavsar,8207530894,wbhavsar@yaoho.com,310 Pathak,Kochi,860721
a-1646,e3fb6d95-47d2-4691-938c-4a6154adb860,Vasana Sarin,7571925238,vsarin@gmail.com,242 Soni Road,Mumbai,470096
a-1647,381aa96c-dc72-4ac4-a0f3-ad902afe34a8,Jagdish Prakash,7378800340,jprakash@ymail.com,448 Badal Circle,Bhopal,316881
a-1648,90fe9d0c-9ce9-4463-b3e0-b410ecd0c06d,Aashi Gaba,6485305239,agaba@outlook.com,70 Bhardwaj,Bhopal,182800
a-1649,1f90303f-fb5a-496c-9ddc-3d23eedf9cd8,Madhav Nagarajan,7266001729,mnagarajan@hotmail.com,466 Deshmukh Chowk,Pune,891563
a-1650,733c7d36-6495-4cc7-ada9-013e036c61aa,Ishanvi Gade,8868248667,igade@outlook.com,64 Mahajan Nagar,Jaipur,168108
a-1651,0f769370-e999-42b1-983b-c700d5131c84,Jalsa Saini,6361391517,jsaini@gmail.com,287 Bava Path,Ahmedabad,658279
a-1652,61e5c7b2-05a5-4946-bbdb-52ecddb22ea7,B. Manne,7755948952,bmanne@hotmail.com,24 Bose Circle,Jaipur,316610
a-1653,01f11dc8-8f0e-4e68-947e-84b04de25a05,Yoshita Hari,6672037501,,379 Chandra Street,Ahmedabad,
a-1654,84e991d8-d04e-4be5-97d0-626ab502eb63,Oliver Naidu,9485499436,onaidu@yahoo.com,193 Mitra Path,Jaipur,344925
a-1655,26d13717-70a1-43e4-afa7-9b5f3564ffe5,Anika Patil,6018036689,apatil@hotmail.com,117 Warrior Zila,Bhopal,281939
a-1656,e5693668-e350-4522-ad1c-1b9d026c0a5d,Indira Dhawan,8763104866,idhawan@yahoo.com,243 Devan Nagar,Hyderabad,780440
a-1657,115c1179-d263-4ee2-b98c-40c53b9f162c,Zarna Manda,6926712486,,424 Sundaram Path,Pune,637209
a-1658,4b08316a-3eb0-4371-b791-814ccae38e30,Nisha Oak,6010644785,noak@hotmail.com,325 Chaudry Street,Hyderabad,122632
a-1659,115594c7-2ca4-430d-9ea2-24360a480501,Tejas Dubey,09406950058,tdubey@gmail.com,377 Kant Circle,Chennai,689785
a-1660,0ba19c7c-0094-4f58-adfe-fecfb2149418,Raghav Vora,9067127042,rvora@gmail.dom,226 Comar Cicrle,Jaipur,257290
a-1661,20d48a2b-81cf-41c1-a314-245211cf1c7a,Omisha Sharma,9571403970,osharma@hotmail.com,435 Dada Zila,Pune,262544
a-1662,b8fac9ba-a64e-4cfa-ba96-e1c511574126,Karan Badal,7024180593,kbadal@outlook.com,37 Pall Chowk,Bhopal,
a-1663,d40bbe16-659a-4c6c-9245-ebbf4b99e4dd,Devika Patil,+91-94927-47548,dpatil@ymail.com,408 Sathe Street,Hyderabad,751202
a-1664,14e55aa4-4106-41ce-b406-86dc353fa2b8,Gera Hema,8284620473,hgera@ymail.com,375 Balakrishnan Road,Hyderabad,766513
a-1665,f1e7782e-18ce-4c85-9dd3-c958abb6cd35,Jagat Kapadia,9138408690,jkapadia@gmail.com,255 Dhar Street,Chandigarh,741965
a-1666,5293511a-1d4c-4a1b-a75b-544df0d3669a,Utkarsh Mohanty,9159193782,umohanty@hotmail.com,430 Kadakia Street,Gurugram,135002
a-1667,c6912f27-4bdc-432c-9a45-f74d86ff717b,Kalpit Brar,+91-78193-29643,kbrar@hotmail.com,396 Choudhury Marg,Chandigarh,606310
a-1668,9415e458-9238-49ef-8cc4-e5dacb1cb61a,Faras Bahl,9949873384,fbahl@gmail.com,358 Sankar Chowk,Chandigarh,289681
a-1669,76f623a9-9a18-4e52-923d-7a96b6ce845c,Brijesh Hegde,9268847326,bhegde@hotmail.com,113 Bali Zila,Bhopal,954727
a-1670,51053b0e-3b9a-4ca5-b7ba-4364430167ea,Yochana Bhargavs,7719288107,ybhargava@ymail.com,358 Dani Chowk,Bhopal,865542
a-1671,8e92f717-12ed-43b1-9588-ae56190d0743,Zehaan Bassi,7381105051,zbassi@ymail.com,216 Mitra Zila,Chandigarh,819027
a-1672,4cc89fde-b253-461d-addd-61cddb68de5c,Advaith Char,9482895550,achar@ymail.com,369 Jha Zila,Lucknow,
a-1673,0441c880-7893-4834-991c-52a5e76f29d7,Ryan Goyal,9913259658,rgoyal@yahoo.com,330 Balakrishnan Path,Chandigarh,994490
a-1674,bbc9f79f-7c26-4725-ab0b-14921072fa79,Gautam Dhingra,9409460889,gdhingra@yahoo.com,421 Pall Road,Chandigarh,858831
a-1675,74234053-e920-4262-bc0b-a5c2889a62a2,Indira Dyal,8677670735,idyal@outlook.com,488 Khurana Circle,Lucknow,175297
a-1676,7f5928a3-c808-4bce-8e27-763637169daa,Yashasvi Bir,9813711154,ybir@yahoo.com,68 Atwal Zila,Delhi,409886
a-1677,f068fba1-ab57-4d3e-b681-f163d7c7677e,Teerth Handa,8199796680,thanda@yahoo.com,102 Garg dRoad,Gurugram,601384
a-1678,72db88d9-84b9-4ed5-9e66-f334910677ca,Aayush Chaudhary,6641624928,achaudhary@hotmail.com,466 Thaman Ganj,Gurugram,565676
a-1679,5f160971-59f3-464e-bfaf-1e6b10f4a352,Vaishnavi Peri,9695085007,,34 8Goyal,Hyderabad,919137
a-1680,f8e8652f-cc29-41d1-82cc-d82ce908fd13,Ria Chhabra,8211754554,rchhabra@ymail.com,365 Pant Streef,Delhi,215529
a-1681,6afc600e-83cd-4cb1-9ffa-f03f6366fd01,Ladli Samra,9604775652,lsamra@outlook.com,337 Varkey Ganj,Pune,453528
a-1682,0445401b-7f79-4b25-a942-67f330274465,Reddy Vedant,7656960244,vreddy@hotmail.com,93 Murthy Zila,Gurugram,450904
a-1683,1aec7b99-0e15-47cb-9558-5dcc2334620f,Jatin Shukla,7495029189,jshukla@yahoo.com,279 Venkatesh Zila,Nagpur,401417
a-1684,6872d95d-4eaa-4659-b93a-e28157012d79,Laban Tandon,7261171821,ltandon@rediffmail.com,89 Mani Path,Delhi,946084
a-1685,e305b961-8237-467b-bbe0-96d8968a4ddf,Banjeet Butala,6064136247,bbutala@rediffmail.com,350 Tak Path,Chennai,311199
a-1686,bc7664cd-8b3d-45ab-bace-a2ca090213ed,Dr. Jack Rajan,9925015222,jrajan@hotmail.com,77 Shan Road,Bengaluru,854212
a-1687,952bec11-4a4b-4749-ae40-f153312d7dcb,Devika Sawhney,9544098629,dsawhney@yahoo.com,121 Reddy Ganj,Lucknow,425524
a-1688,34ebff96-7a47-4046-8e6a-1f199012eef6,Bina Sangha,7558789104,bsangha@gmail.com,247 Boase Ganj,Delhi,960157
a-1689,81c15150-200b-4cb0-bc05-06c05c2c665f,Vamakshi Pillai,08672296263,vpillai@ymail.com,254 Arya Street,Hyderabad,855172
a-1690,1bb904c6-0a1b-4e8a-994d-2d00a2a3d7a1,Vyanjana Cheema,6860632448,vcheema@hotmail.com,149 Sarma Marg,Gurugram,
a-1691,44ea3550-03b2-4cbf-9bfd-bfbe303c12f4,Frederick Dar,6466695453,fdar@yahoo.com,345 Rana Street,Ahmedabad,617142
a-1692,e9079ae9-c30e-4a9d-ab74-e6aca71eec3f,Nandini Chaudry,9467822459,nchaudry@gmail.com,123 Bhattacharyya Street,Mumbai,426960
a-1693,88b152e4-26b9-4a0f-bd66-88f68d5fa40f,Januja Issac,8026688003,jissac@ymail.com,239 Iyer Path,Lucknow,432848
a-1694,f323953d-f6f0-4dab-b7c1-10297a664832,Netra Das,7357127818,ndas@ymail.com,434 Samra Ganj,Chandigarh,889221
a-1695,003d937c-75a0-4e90-89e5-c842588da378,Xalak Mallick,8112181232,xmallick@ymail.com,105 Mahajan,Mumbai,543778
a-1696,819a38c0-9d18-4b0c-8e02-2611ef87b92e,Mugdha Parekh,6433190119,mparekh@yahoo.com,216 Ravel Chowk,Chennai,534543
a-1697,3917fdce-2f82-4bcd-9645-af1f0458aabe,Vedhika Vaidya,8882117685,vvaidya@ymail.com,447 Din Road,Kochi,980641
a-1698,0b12bf67-9271-48f6-874d-4bb9a61281e8,Suhani Chokshi,9327149119,schokshi@rediffmail.com,231 Krishna Zila,Nagpur,362940
a-1699,e8831d14-0439-4c28-9625-ebfa0916c762,Vrishti Tank,8050961518,vtank@yahoo.com,304 Desai Ganj,Mumbai,577434
a-1700,3af6e1d5-aae9-40a9-ad9e-65a318718d1a,Ayushman Chaudhary,6586222665,achaudhary@hotmail.com,31 Bir Nagar,Mumbai,729896
a-1701,d8c3d3bb-348e-4349-88b8-7e0f9699d3c9,Wishi Bala,8785347347,wbala@outlook.com,234 Raja Stree,Delhi,373411
a-1702,7515a450-a0ff-42ff-ac17-7f4613590fd3,Eta Dua,6972643309,,435 Char Road,Pune,392926
a-1703,7384593b-0bd9-4ef3-bd19-ef03a768543f,Faraj Venkatesh,8924846402,fvenkatesh@outlook.com,10 Shukla Chowk,Mumbai,379416
a-1704,5f625c2a-8f4d-4dfc-9cfb-6984e3a34084,Saksham Memon,6085502097,smemon@outlook.com,340 Swaminathan Chowk,Lucknow,606764
a-1705,d84deae4-9a03-4f29-8cc8-58bc482a1e17,Yamini Lal,7042472027,ylal@outlook.com,489 Oza Circle,Nagpur,186346
a-1706,10da357a-b943-45ec-8e9a-4eab8a57d210,Mrs. Andrew Balay,7905396728,abalay@ymail.com,392 Dani Marg,Bombay,813834
a-1707,c4b215e0-f477-4c7f-9c5b-cb0dade93ed3,Leela Sengupta,8287865825,lsengupta@yahoo.com,57 Puri Path,Bhopal,118843
a-1708,5bed11de-ccae-46d9-8091-28466584d71b,Saanvi Sharaf,7772399602,ssharaf@hotmail.com,268 Bali Nagar,Nagpur,695527
a-1709,9d1d8b9d-d039-412b-a4b1-b51fc4eec3a7,Peter Mitter,9086165023,pmitter@yahoo.com,289 Swamy Street,Delhi,311782
a-1710,0d31ea43-1930-4dcf-aa6e-07f67eb1d5fd,Raagini  Desai,7088532390,rdesai@rediffmail.com,152 Ramachandtan Road,Ahmedabad,338565
a-1711,b0ffa93d-cdf9-4fb6-9a40-942bd9139f23,Vinaya Choudhary,7130156257,vchoudhary@ymail.com,284 Swaminathan,Delhi,631989
a-1712,cc120224-ba32-46d4-ba5b-ef6dcea5b0c7,Upma Soni,6096707374,usoni@yahoo.com,131 Dugar Circle,Hyderabad,395970
a-1713,f0fb4382-26e9-49cc-9586-c36494f1d918,Yashawini Bhalla,7109642552,ybhalla@gmail.com,235 Lall Marg,Chandigarh,250294
a-1714,ef05a2cd-6ac9-4c9a-adbe-0938b2d6531a,Warda Purohit,8000727969,wpurohit@ymail.com,361 Pandit,Bhopal,472250
a-1715,c2fd44b3-c815-4075-aada-1d4496d57769,Bhavani Nagi,7154996839,bnagi@ymail.com,63 Bala Nagar,Hyderabad,527640
a-1716,fd4100a9-0103-4422-a83f-f9e23271e040,C. Dave,7457439323,cdave@yahoo.com,278 Palla Path,Bhopal,931841
a-1717,bf1f7eac-acf8-4730-8c63-a08fadec01c1,Avi Om,6796743638,aom@hotmail.cm,249 Chatterjee Marg,Mumbai,701491
a-1718,2090202e-7f45-43a3-a6db-19392e845e8c,Priya Pai,6182058201,,103 Sabharwal Path,Gurugram,302454
a-1719,50d3481c-acae-43a6-9919-154dc3d45754,Indali Bhalla,8581535139,ibhakla@rediffmail.com,213 Kota Ganj,Pune,688920
a-1720,6462a99b-800c-435b-a667-1d5ab9ae163d,Wahab Muni,6059101583,wmuni@gmail.com,48 Cahd,Bombay,360180
a-1721,8f23cdb7-03dd-4d25-89d7-a14dbc194c7b,Dominic Mody,8702884129,dmody@rediffmail.com,38 Nzareth Zila,Bhopal,437405
a-1722,942ccdcb-398d-406b-a480-98ed5c04228f,Omkaar Bhari,6853944098,obahri@yahoo.com,473 Nanda Circle,Hyderabad,728427
a-1723,2cc4b629-3b05-477c-929a-c54461870a40,Baljiwan Sharma,6539076898,bsharma@hotmail.com,348 Varma Marg,Kochi,264882
a-1724,c78a8e20-6a89-4754-830a-67a2916532bd,Oviya Loke,8425760566,oloke@hotmail.com,48 Singh Nagar,Jaipur,214220
a-1725,cba47a18-86c8-4de7-8762-32f256bc31e5,Anthony Nadig,7073542191,anadig@ymail.com,57 aRmakrishnan Marg,Kochi,380996
a-1726,68423582-0f09-4d9e-bd64-413a8fff8563,Ekantika Chaudhari,6557005895,echaudhari@gotmail.com,236 Chaudhry Chowk,Gurugram,543367
a-1727,ffe0e3b2-c1e9-4eac-87b4-b7603a7c896d,Samesh Nayar,9724593976,snayar@rediffmail.com,396 Thakkar Chowk,Jaipur,865702
a-1728,58a066f6-f6c2-4c9d-993e-8c0fba965b5d,Harinakshi Ganesan,+91 89645 68222,hganesan@gmail.com,337 Mistry,Jaipur,859195
a-1729,58c6025d-a271-425a-a85e-bb00c2205cab,Januja Sarin,+91-84955-78578,,358 Taneja Ganj,Bhopal,146630
a-1730,4783060c-8be1-450e-9801-0395bb061d45,Faqid Wason,9826755435,fwason@mail.com,110 Mani Ganj,Kolkata,832493
a-1731,a7cdd119-7380-428d-baae-6c491440d583,Alka Batta,6124611080,abatta@outlook.com,289 Ratti Road,Pune,955585
a-1732,3e8aeb08-b30d-4fc9-a9aa-1109d49469a6,Upkaar Chanda,9056075346,uchanda@outlook.com,388 Chandran,Chennai,701055
a-1733,385a898e-1286-47db-85ba-916cb122baef,Gayathri Mahajan,8563262869,gmahajan@gmail.com,293 Wali Zila,Hyderabad,157321
a-1734,fe8e1d08-b8ca-4ceb-8ef7-579c77cbaa42,Vaishnavi Sane,8922551641,vsane@outlook.com,349 Palan Ganj,Kolkata,868799
a-1735,fd5b424d-d22b-4b98-9206-bebdac9ae443,Faraj Mittal,9721283382,fmittal@hotmail.com,148 Mital Circle,Gurugram,859253
a-1736,e7673a86-4db2-4c57-a4b6-4b22cb44766d,Rachita Zacharia,8647677435,rzacharia@outlook.com,286 Iyengar Path,Bengaluru,675457
a-1737,4da02b09-bcfb-4e7a-8aaf-1969c91dc46a,Ratti Oeshi,9892702041,oratit@hotmail.com,68 Varma Road,Bhopal,
a-1738,169a5a2b-54bf-47c1-9615-439e79555f35,Gole Sudiksha,6481175273,sgole@outlook.ocm,278 VartyN agar,Hyderabad,468347
a-1739,4aba0cae-7223-4c87-9e92-efc52591733d,R. Tata,9839036521,rtata@rediffmail.com,438 Sibal Ganj,Gurgaon,658463
a-1740,e2425afa-ab99-4c4c-8f8f-513ea72e11e7,Amrita Walia,8392611472,awalia@rediffmail.com,286 Saraf,Nagpur,212476
a-1741,7e1c69cf-e3fb-477c-b536-f403d7bbc16d,Darpan Vig,9808625211,dvig@gmail.com,291 Patla Ganj,Delhi,293187
a-1742,45b0e147-94af-48fa-aa5d-60f2f403eed2,Turvi Divan,8360450082,tdivan@gmail.com,296 Dora Ganj,Gurugram,851750
a-1743,f05865e2-7c41-4f9c-bc57-71c10328f1e7,Charita Saran,7296081640,csaran@rediffmail.com,3343 Nagar Marg,Delhi,887871
a-1744,e1b4e4d3-4211-4bc1-b7bd-59a196e665fa,Devansh Jani,6361139398,djani@yahoo.com,116 Loke Marg,Nagpur,604574
a-1745,209c516e-bb53-43a6-a9bf-6db6d9a031f7,Bhavini Dyal,8095320590,bdyal@hotmail.com,331 Keer Road,Mumbai,447206
a-1746,2f748904-8ebf-4c21-abac-00dca0d871f1,Nidra Khare,7101804660,nkhare@ymail.com,219 Doctor Zila,Lucknow,738840
a-1747,9451af6a-07f9-4640-bef4-0a8a1e033600,Rehaan Bala,9227356191,rbala@ymail.com,139 Mukherjee Ganj,Gurgaon,400015
a-1748,a4d1747e-cafc-44a2-9813-fa8d24a971e5,U. Sunder,8989773995,usundergmail.com,22 Sarin Circle,Chennai,567432
a-1749,30f1a083-02c3-4959-9f8e-025bccd1ce64,Pahal Bansal,9865061350,pbansal@rediffmail.com,140 Dutta Ganj,Jaipur,694905
a-1750,6c964110-2720-4244-8935-25b5d4392dc7,Anjali Deshpande,9141564725,adeshpande@yahoo.com,254 Kuruvilla Nagar,Bengaluru,275833
a-1751,196f7f01-71a8-497d-a9d4-d9da8aa04cff,Arunima Goda,7296345539,agoda@yahoo.com,214 Sunder Nagar,Delhi,332372
a-1752,e0b5c6d8-41ce-4330-8d8d-4d12cbbcfc3b,Anmol Bhakta,8695096814,abhakta@hotmail.com,134 Murthy Zila,Ahmedabad,225508
a-1753,35f88d7d-928e-48b7-be28-460370cb7856,Chanchal Bhatt,8135025046,cbhatt@yahoo.cmo,81 Patla Marg,Nagpur,202101
a-1754,55f56d30-6b9a-43e7-8b3e-f1638ce8c8d0,Gautam Ranganathan,7743707387,granganathan@ymail.com,65 Keer Steret,Nagpur,402121
a-1755,4174cc6d-5d74-488b-b430-effcd25032e6,Isaac Tella,6070029676,itella@outlook.com,128 Vig Zila,Kochi,549754
a-1756,7022bb9f-cfe9-42bb-b1eb-3d53b334fce1,Zayan Taneja,9680040319,ztaneja@outlook.com,21 Khanna Zila,Gurugram,
a-1757,01f985c5-2d96-4a85-9132-a7517c8d9774,Jason Munshi,6474434607,jmunshi@rediffmail.com,70 Ramakrishnan Path,Nagpur,982603
a-1758,15ba491c-f3f7-4f97-93cb-b2ccc966b10e,Warinder Sampath,8634654983,wsampath@rediffmail.com,405 Dhawan Ganj,Ahmedabad,289481
a-1759,68c6c5f2-844c-451d-9f49-fcb18cea76ec,Hredhaan Gill,9960087111,hgill@ymail.com,382 Maharaj Ganj,Hyderabad,818021
a-1760,17a9fa30-c32b-4f06-8d77-0efed4a3d27d,Ria Rege,8042059036,rrege@yahoo.com,59 Bhalla Road,Ahmedabad,796636
a-1761,35676bc2-6eb3-4f28-bd47-0517ee17d11e,Vritti Walla,7921854592,vwalla@ymail.com,455 Chodwhury Path,Nagpur,717099
a-1762,7241b418-dd90-4b69-95bd-a27ab6949883,Edhitha Sampath,9032814899,esampath@outlook.com,82 Koshy Chowk,Kochi,459993
a-1763,292b37f7-7e33-4fbe-8d9b-76a793f8875a,Arunima Dhillon,7193249806,adhillon@outlook.com,443 Soman Path,Bengaluru,707829
a-1764,5fcffdd2-e7a0-4f86-acc0-75ad3f8cf751,Jhalak Morar,9969720948,jmorar@yahoo.com,180 Banerjee Nagar,Bhopal,948751
a-1765,07fc6a57-0c65-4c9b-91b2-baae8e1f8927,Chatura Khatri,9407981938,,486 Rajagopalan Road,Lucknow,538232
a-1766,8a928f51-9d1f-4ec1-9bb4-26d73e8bc707,Dayamai Patil,9114100240,dpatil@gmail.com,306 Warrior Zila,Gurugram,229050
a-1767,c49064f1-c91e-42ad-97b3-3ca2896e31dd,Warjas Savant,94085-01234,wsavant@hotmail.com,434 Anand Marg,Nagpur,715268
a-1768,73241ce6-a281-4252-bd34-79003527fb6e,Maya Kumer,8292038328,mkumer@gmail.com,80 Chana Road,Delhi,602338
a-1769,1f916b61-f227-4e6f-a991-992a61d1d538,Warinder Mishra,6266638089,wmishra@rediffmail.com,215 Dyal Ganj,Gurugram,781303
a-1770,419bb993-576a-41e1-82dd-a9bb57d89e45,Reva Nadig,7408923601,rnadig@ymail.com,87 Bandi Marg,Lucknow,595168
a-1771,44d5f902-29da-42d0-9b0a-2b487919ef7c,Anusha Buch,7960277732,,348 Sinha Chowk,Chennai,746097
a-1772,819a61e3-3e8c-4744-b42c-21b8ca7f2428,Nitara Natarajan,9150165622,nnatarajan@hotmail.com,65 Chaudhry Marg,Kolkata,482739
a-1773,508f2b59-b08c-4e48-82ca-fdcc15c1f46b,Naveen Lal,7411735666,nlal@ymail.com,315 BhattiCircle,Lucknow,283473
a-1774,a50e9974-eedf-487e-8a52-5189e0016118,Indira Salvi,6200652260,,452 Narain,Jaipur,833450
a-1775,dfa953b5-1938-4754-9ff4-bf1562ffc5ae,Sudiksha Bala,7083079509,sbala@yahoo.com,120 Gour Nagar,Lucknow,428714
a-1776,6618bbf7-1037-4558-b682-a01bae195f64,Sachi Deshpande,6972590849,sdeshpande@yahoo.com,30 Rattan Nagar,Kolkata,875454
a-1777,55ac27a9-d89e-4ce9-a2bb-9b5d21650cc1,Ryan Mody,7956993275,rmody@hotmail.com,349 Butala Path,Jaipur,667073
a-1778,b0f4d7b6-8a29-4fb3-87ec-3f5a571e446d,Indrajit Dugar,6718987429,idugar@outlook.com,4908 Varty Ganj,Kolkata,943317
a-1779,514f0fb5-7ea8-4f5b-8aae-e7feee451fbf,Kalpit Roy,8120562708,kroy@rediffmail.com,341 Seth Path,Pune,642228
a-1780,8933d1ff-eb0e-43c3-a108-36a010d3fd10,Vanya Deol,8392669592,vdeol@rediffmail.com,123 Ghose Road,Madras,930161
a-1781,b0f7b53b-b49c-464b-92e0-d54d8b8d6dbc,Falak Manda,9389173125,fmanda@ymail.com,346 Chad Ganj,Ahmedabad,229625
a-1782,a93f4ea2-05ed-44e8-aabb-f176a4398b3d,Oeshi Pillai,6095471022,opillai@rediffmail.com,409 Ramaswamy Street,Ahmedabad,121516
a-1783,83ab726c-47cc-4cee-9dbd-e6f5fe66784f,Krishna Kapur,9672734695,kkapur@rediffmail.com,297 Bajaj Nagar,Delhi,227484
a-1784,d5d9b25e-5c7f-40b3-95b7-f158595c6c08,Veer Chakraborty,8578475717,vchakraborty@outlook.com,226 Issac Chowk,Bhopal,506099
a-1785,c98c5774-fe52-422c-9bfa-fb51d6a17721,Adweta Ganguly,6283240508,aganguly@hotmail.com,199 Rattan Nagar,Nagpur,503082
a-1786,d6e958b3-4d77-4b5a-b229-2db2d4362f0a,Pushti Lad,7008321609,plad@yahoo.com,35 Chakraborty Street,Kochi,978518
a-1787,6d8f0640-9b6d-44ee-a82a-8ef924c79908,Jhalak Garde,9953360160,jgarde@yahoo.com,324 Dalal,Chandigarh,378777
a-1788,987ee3f8-fb9b-48e4-b646-abb123134397,Akshay Vora,6495303505,avoea@hotmail.com,163 Setty Marg,Chennai,916684
a-1789,419295de-77be-4abd-bf40-cbe6584815aa,Warda Dani,7034632711,wdani@rediffmail.com,293 Jani Ganj,Ahmedabad,163310
a-1790,373d2cff-302d-43d9-ba09-f8ed10cb982e,Rayaan Lata,8974930740,rlata@yahoo.com,36 Talwar Road,Chandigarh,252246
a-1791,afa135e2-3d69-4820-9f21-ee4c773f5ab8,Lavanya De,7694081167,lde@rediffmail.com,434 Jhaveri Marg,Chandigarh,607360
a-1792,387be7b5-5662-4412-8b52-f4def0c061b9,Tanveer Mandal,7406883616,tmandal@hotmail.com,463 Sahota Ganj,Hyderabad,744388
a-1793,20761cb8-95b5-49e6-a054-c7370e44d6fb,Pranit Rege,6399533917,prege@ymail.com,427 Balakrishnan Street,Kolkata,
a-1794,e14a777c-4994-4598-938e-8d746f77ba12,Bina Lala,06626162519,blala@hotmail.com,302 Seshadri Ganj,Mumbai,112455
a-1795,dd78b39f-f0b5-48e5-9c79-1124417b8ca2,Yuvraj Pingle,7083979610,ypingle@yahoo.com,220 Shanker,Chandigarh,678223
a-1796,f371d413-bd94-4392-9004-4568b0644b42,Frederick Anne,6367852999,fanne@rediffmail.com,389 Deol Chowk,Mumbai,533300
a-1797,50173bec-8c5d-4205-bc23-4fbd730fd87a,Ekiya Rao,9971616021,erao@ymail.com,284 Rajagopal Ganj,Mumbai,291991
a-1798,7b87e42c-0015-4b27-85fe-88466b49599a,Pallavi Kunda,6903155677,pkunda@ymail.com,225 Chandran Zila,Ahmedabad,885935
a-1799,b8c3752f-dff9-4499-be99-064c3145fb76,Daniel Benb,9175475351,dben@yaoo.com,486 Keer Path,Bengaluru,959347
a-1800,6a6e8952-4954-48bf-b60b-a1a2ff6e566d,Urishilla Pandya,8635775255,upandya@ymail.com,189 Bath,Kolkata,611901
a-1801,eb1e58aa-3bf5-43c7-8e0a-fd6f0dfa289a,Abdul Kulkarni,8955240577,akulkarni@outlook.com,402 Raj Circle,Bengaluru,734419
a-1802,8c4ba36f-2f96-4829-b2ee-01fc0e62f361,Chasmum Rana,8723565185,crana@hotmail.com,439 Deo Path,Lucknow,615297
a-1803,bc49e2fb-f3fc-489a-b832-d818a4e37a57,Benjamin Gola,6399198615,bgola@otmail.com,63 Gara Road,Bhopal,565166
a-1804,8f17bf03-836e-4377-b099-cc43448851c1,Yahvi Tailor,7119905685,ytailor@ymail.com,61 Sidhu Path,Chandigarh,497991
a-1805,ee25d875-ce3e-4851-8dbb-19124268f008,evin Chakraborty,8905308917,kchakraborty@rediffmail.com,352 Wali Path,Hyderabad,466316
a-1806,3ce460e3-aba3-45e2-9990-8bf5707f961b,Rachita Dhar,6663058382,rdhar@gmail.com,325 Dada Road,Chennai,575069
a-1807,139574fa-f8e8-4935-88ac-16fe03442d0c,Dhriti Basu,9923691980,dbasu@ymail.com,421 Tata Street,Bengaluru,612545
a-1808,4602eb0c-a291-4260-9d80-f6fb2e24577a,Avni Patel,8123111996,apatel@rediffmail.com,69 Mandal Marg,Mumbai,502942
a-1809,96a80f0b-5706-405c-9480-298001463885,Adya Lalla,7847776843,alalla@outlok.com,162 Munshi Circle,Chandigarh,432866
a-1810,d8b03cf6-ae9a-4a3e-843a-533908df72f4,Rajata Gala,7629654748,,410 Swamy Path,Hyderabad,752928
a-1811,0e881685-f6f5-4b93-ac8a-f5773b6a4cec,Matthew Sarraf,6478404688,msarraf@rediffmail.com,83 Gulati hagar,Pune,725833
a-1812,049951ff-014f-41a7-8d43-f9b3cd9415a0,Manthan Bhagat,9873758794,mbhagat@gmail.com,246 Goswami Ganj,Nagpur,289205
a-1813,2e762324-42cf-4b0c-8a30-337f3409ea19,Balendra Singhal,7037826229,bsinghal@outlook.com,99 Gade Road,Jaipur,155223
a-1814,c4a374c7-3b12-48e6-8de2-e6bead6af0f4,Unni Sarin,8211002862,usarin@ymail.com,380 Talwar Zila,Jaipur,490392
a-1815,e5f7e451-4adb-491a-9323-5e029efefa63,Banjeet Sathe,6381531256,bsathe@rediffmail.com,66 Sundaram Path,Delhi,870541
a-1816,cee52e7e-ba41-49a8-84fc-b946058f310d,Tanvi Tailor,6243859130,ttailor@gmail.com,462 Divan Zila,Lucknow,433722
a-1817,b0813d33-c89d-4ef0-b791-2450004c385b,Jatin Palla,8544723359,jpalla@ymail.com,272 Jani Zila,Bhopal,692575
a-1818,7f910747-2be4-4261-a750-7f5ed0590646,Bhanumati Gole,7936094654,bgole@hotmail.com,9 Trivedi Street,Bhopal,
a-1819,d987f30c-637d-4c04-97dc-8159720f3a4d,Anjali Kala,9964618514,akala@yahoo.com,175 Agrawal,Lucknow,846220
a-1820,ef915c5f-43c9-401f-8d29-baa68602069d,Pranit Saha,7980004530,psaha@yahoo.com,307 Koshy Zila,Nagpur,336313
a-1821,fe96ad6a-f441-4e51-9aed-2b951b689eda,Wishi Chandra,9090499002,wchandra@yahoocom,140 Bal Path,Ahmedabad,946167
a-1822,b75ba64c-78d8-4c96-bb73-d74dff389402,Bhavani Dara,8689298151,,23 Prakash Marg,Jaipur,398731
a-1823,bcae8787-de0d-40a2-a335-88a7a365fe7d,Hitesh Naik,9141117963,hnaik@ymail.com,249 Balakrishnan Street,Hyderabad,587054
a-1824,e9633e7b-82cc-43d3-8936-20b6af4a0786,Finn Sharma,8657149778,fsharma@outlook.com,331 Setty Chowk,Ahmedabad,386132
a-1825,3775fed4-df07-46b4-b305-89e7f78aa36b,Amruta Ahluwalia,+91-73121-00278,aahluwalia@yahoo.com,212 Bassi Path,Mumbai,825402
a-1826,15bc53e7-3ae7-432b-87e3-e63964bed160,Sneha Nair,8043994537,snair@yahoo.com,372 Dayal,Chennai,228903
a-1827,ea4843c4-e6e5-457a-9ecf-9bbaaea7bc8a,S. Bava,6269401014,sbava@yahoo.com,151 Naidu Road,Chandigarh,676860
a-1828,381c8056-d068-4459-9a21-2941f8ca0b7a,Christopher Bobal,7808727782,cbobal@ymail.com,381 Raj Circle,Kolkata,953436
a-1829,61640a5c-6924-4dff-bbed-9d46539e28ce,George Rastogi,6106377167,grastogi@ymail.com,361 Gokhale Road,Bhopal,853920
a-1830,a5a0937a-1809-4d04-8983-cabd274af256,Wriddhish Rastogi,9521985873,wrastogi@rediffmail.com,398 Bail Zila,Hyderabad,941523
a-1831,288fac9e-79da-4e82-91a0-dffb430bde8c,Sathvik taba,9082581293,sgaba@ymail.com,179 Rau Marg,Hyderabad,742269
a-1832,abd76e41-6914-4134-9685-9fb80bf0667a,Bhavani Dube,7447055764,bdube@gmail.com,186 Misra Zila,Ahmedabad,519680
a-1833,15b12472-dbaa-40ed-8492-3ecb515e50f6,Vritti Sankaran,9423871912,vsankaran@rediffmail.com,265 Deep Road,Gurugram,
a-1834,22b9f7c3-8bb7-408c-85f8-e81ebfd9a747,Jagrati Char,6855182519,jchar@yahoo.com,381 Vala Path,Delhi,865583
a-1835,0ce96ad0-cb9e-4ef5-a9de-bc0f877d29ad,Ryan Suri,+91 82504 06584,rsuri@gmail.com,118 Rama Chowk,Lucknow,582298
a-1836,1f2fcd27-d39e-45eb-8246-07cfefe8167d,Loyal Vamakshi,8918070008,vloyal@outlook.com,345 Sampath,Ahmedabad,332061
a-1837,473513fc-af8d-4a80-8fbb-ea7f94eb2ed9,Gautam Sami,8018468733,gsami@gmail.com,414 Grewal Path,Bhopal,228725
a-1838,decf6d7a-b99c-4190-b7ff-bb3a07bc2750,Radha Sandhu,9391443948,rsandhu@yahoo.com,175 nBaria Zila,Hyderabad,465893
a-1839,bf7bf141-bdca-4f9f-ae70-ad03786b422f,Yochana Om,9493840721,yom@outlook.com,393 Kapur Chowk,Lucknow,350647
a-1840,22e0a883-0d6b-4bd6-a548-d7e6c3a80793,Mohammed Tandon,7509539560,mtandon@gmail.com,23 Vohra Circle,Gurgaon,111592
a-1841,1af73e0d-346a-42f1-97f7-4d15ec1f1138,Fiyaz Mannan,8575741094,,147 Sarkar Chowk,Bengaluru,663547
a-1842,3235c607-3b03-4f4f-8e74-97b9e6302710,Fariq Sridhar,6372830184,fsridhar@ymail.com,394 Dixit Road,Pune,422299
a-1843,fc1b3683-dc2d-4664-964e-7c5f27eb6499,Joshua Mital,9858877328,jmital@yahoo.com,207 Virk Ganj,Nagpur,249658
a-1844,24a6cd1c-24c0-4bde-9d56-1fa0dd235b0a,Prisha Merchant,6384763727,pmerchant@gmail.com,347 Batta,Delhi,989887
a-1845,a0eb5d1e-7ebb-429b-856b-11a93c8d89ff,Faraj Bath,9522028530,,192 Chokshi Circle,Mumbai,268677
a-1846,07756c76-3baf-4a13-91f0-4cb066b56d7b,Yashvi Sandal,9367836170,ysandal@rediffmail.com,105 Chandra Marg,Hyderabad,348381
a-1847,9ee2de03-64bf-450c-816f-7f289d057953,Ucchal Kulkarni,6566275213,ukulkarni@gmail.com,358 Kuma rPath,Lucknow,412766
a-1848,aeb5b26a-e594-41c5-a41a-546e54ebbaed,Finn Thakur,6850419583,fthakur@gmail.com,118 Comar Nagar,Bengaluru,666885
a-1849,7b38e1d5-1d61-45fe-9216-e1f630765bca,Turvi Gola,7161633679,tgola@yahoo.com,406 Ramaswamy Street,Hyderabad,309916
a-1850,bb284435-7e97-4ce1-8e26-6ca0d2416b46,Chakradev Chacko,9287480679,cchadko@hotmail.com,258 Mishra Marg,Delhi,725114
a-1851,dbfa49bd-e04b-4a85-ba41-f6a5caf4ea3c,Dipta Sgha,6792265162,dsha@gmail.com,232 Lanka Chowk,Pune,200818
a-1852,7b8983eb-fa4b-451e-9b4b-0ad1271ea8d4,Harita Grover,8290971239,hgrover@outlook.com,129 Goyal Ganj,Ahmedabad,741643
a-1853,380ee168-b065-4fdd-bd86-b7cb65b2d9da,Farhan Lad,9931216536,flad@outlook.com,6 Saraf Zila,Hyderabad,138808
a-1854,1d655526-f205-4fbe-904b-44de8ecb4ad3,Andrew Ahluwalia,7457771677,aahluwalia@outlook.com,45 ada Marg,Nagpur,155261
a-1855,948acf19-5c15-44ec-90e7-8ba7bed130eb,Agastya Garg,7517709734,agarg@gmail.com,468 Sharma Chowk,Pune,628549
a-1856,d417c57d-8085-45f8-88bc-ea7517187499,Nidhi Sur,7339446553,nsur@gmail.com,497 Patel Road,Hyderabad,906124
a-1857,8a128238-38ba-4621-a57d-09a8178c17c2,Megha Mittal,6518592161,,157 Dass Zila,Jaipur,969177
a-1858,d079dfd0-bb6e-4ffe-b93a-9a1ac30cc49c,Krishna Atwal,6685469914,katwal@ymail.com,316 Choudhury Ganj,Hyderabad,352928
a-1859,b58ca2d8-6c3f-46df-b785-2fd1683097c2,Amol Guha,8144369973,aguha@ymail.com,499 Kadakia Nagar,Ahmedabad,356257
a-1860,1a6505f3-7a54-4db1-9719-8ca583298167,Vasana Dhillon,8386670959,vdhillon@gmail.com,117 Sarin Ganj,Kochi,674546
a-1861,5fa2b340-a315-432b-8f1a-9786088ad7f0,Rayaan Chadha,6553376462,rchadha@hotmail.com,281 Sheth Road,Jaipur,591657
a-1862,d283f4fd-7cbf-4116-846e-8420087e2dc3,Manbir Som,+91-97847-13507,msom@ymail.com,53 Bwains Marg,Pune,911288
a-1863,04c4ee7d-5c55-4811-a074-51e525353a3d,Jackson Ganesan,7516959395,jganesan@gmail.com,181 Saxena Street,Kochi,942446
a-1864,f371f328-e8c2-45a9-a900-9b84650a787b,Vedhika Sinha,7657036086,vsinha@gmail.com,7 Sengupta Nagar,Kochi,927978
a-1865,92674b6e-4280-4ec0-bf36-1d970daf91ce,Xavier Jaggi,7006722465,xjaggi@outlook.com,19 Ramanathan Road,Jaipur,545232
a-1866,47ea6370-d131-4ae7-9fd0-da353fa394d5,Charan Nath,8552414149,cnath@hotmail.com,369 Chauhan Nagar,Kochi,909758
a-1867,9f1105ee-6d8d-420f-a1a4-a2eff6e4f0d0,Rachana Sagar,6892650562,rsagar@hotmail.com,293 Mannan Chowk,Kochi,899899
a-1868,fc015ea9-8759-459c-9d5c-a34dfe6995bf,B. Sura,8397608418,bsura@ymail.com,248 Sunder Marg,Chandigarh,142871
a-1869,d51437c3-005b-4eb1-8c4f-c5a60a24e070,Yochana Sura,8399035575,ysura@gmail.com,83 Baht Ganj,Nagpur,940773
a-1870,db08ed66-3299-4da5-9cce-675849e00569,A. Sami,8513858649,asami@outlook.com,68 Mutti,Delhi,377249
a-1871,36ce3641-230d-4864-83cd-a61af1353dc6,Devansh Loyal,7147246982,dloyal@gmail.com,335 Solanki Marg,Bhopal,491627
a-1872,4b4eba64-a7d1-4700-9625-b93eb6bb7ac9,Jackson Talwar,7076510067,jtalwar@rediffmail.com,400 Palan,Chennai,442585
a-1873,a4ba6cdf-bddd-45f7-99d2-aa7960c1864a,Sarin Saumya,6782868606,ssarin@gmail.com,130 Edwin Nagar,Gurugram,556781
a-1874,e54bfcf5-bfb6-4f79-989c-42b0f9cd678a,Bhavna Handa,8406669762,bhanda@hotmail.com,217 Padmanabhan Chowk,Hyderabad,317950
a-1875,8336329e-03f4-424e-a1f1-2d4940ad9079,Raksha Kata,8209306028,rkata@gmail.com,376 Kanda Circle,Bengaluru,942060
a-1876,26335454-5c68-464b-824a-7c5b78b7eaab,Harinakshi Sidhu,7560890278,hsidhu@gmail.com,458 Memon Street,Ahmedabad,901300
a-1877,88b72522-57b6-4382-983c-bd0228927e18,Madhavi Saha,6173779198,msaha@hotmail.com,68 Sodhi Path,Kolkata,588576
a-1878,87b603b9-6acf-4d3e-a21e-6876b108d98c,Neel Johal,9823124989,njohal@hotmail.com,328 Chadha Road,Ahmedabad,606863
a-1879,a8c35900-5a6d-4352-af72-fe1c2166081d,Vasudha Dayal,7079794028,vdayal@gmail.com,274 Iyengar Street,Hyderabad,525791
a-1880,762bd344-0671-4eef-9d52-2525a474dc77,Naksh Swamy,8283757995,nswamy@ymail.com,350 Sagar Zila,Chennai,584433
a-1881,370452c9-3844-4b42-9e7d-5a92afe26dcd,Wakeeta Mitter,9812315065,wmitter@outlook.com,456 Kadakia Ganj,Madras,
a-1882,c97c81d8-3cdd-4d9e-855d-5ee90baca553,Champak Badami,6480552395,cbadami@ymail.com,236 Lal Path,Chandigarh,678866
a-1883,87bbe2a1-f6ee-48cf-aa93-6c2452feb90e,Ishanvi Dutt,6113838895,idutt@ymail.com,210 Thakur Street,Hyderabad,136394
a-1884,0024c1e2-ffbe-45ba-bdd6-3f99f6633a15,A. Bhatt,7270149767,abhatt@yahoo.com,224 Sain Path,Chennai,748997
a-1885,5cfa68e4-1543-4767-940c-4516e04aa200,Ishaan Karan,7635015974,ikaran@ymail.com,138 Kapur Zila,Kochi,429136
a-1886,d7bb7434-a682-4f3d-a9bc-6c27cf8f0faa,Vidhi Kuruvilla,6903709698,vkuruvilla@rediffmail.com,114 Pant Path,Nagpur,677979
a-1887,19da086a-a02b-40cd-848b-7f51d0db11b3,Chakradhar Loke,8542194553,cloke@rediffmail.com,188 Varma Street,Bengaluru,485622
a-1888,cf76cf90-3ff4-4416-bb7b-4e98f93bd716,Hemang Bedi,8829019876,hbedi@yahoo.com,245 Shankar Chowk,Lucknow,
a-1889,6bf96ea3-8673-4f7c-bd0f-294c7d1daa50,Indrajit Cherian,6098531977,icherian@hotmail.com,14 Chaudry,Bombay,253016
a-1890,91d1257c-4644-48ee-b49d-51aaed31a786,Benjamin Tripathi,6890608507,btripathi@rediffmail.com,462 Ganesh Zila,Bengaluru,884513
a-1891,9ebf96e9-bea5-4008-bde3-f943c872c621,Jacob Jha,8704037617,jjha@gmail.com,7 Dugar Path,Hyderabad,363719
a-1892,e880e9c0-7705-4029-a613-c9f6accdfa0f,Brinda Sathe,9974095253,bsathe@hotmail.fcom,227 Tara Circle,Jaipur,570046
a-1893,baceabb2-1857-4a68-b162-a5feb3377af0,Hardik Dube,6774497615,ghdube@gmail.com,126 Natt Path,Chennai,708594
a-1894,8644af49-abc9-449f-84b3-507bc88cc03c,Lakshit Das,9139005927,,73 Sarna Ganj,Mumbai,895087
a-1895,42b001cf-d517-46d8-b32b-39911c6bb73e,Ojasvi Ahuja,9496474797,oahuja@gmail.com,36 Som Ganj,Calcutta,601476
a-1896,fe17bb3f-fcc2-4f83-b349-1905b964b469,Harita Mangat,7322360316,hmangat@ymail.com,394 Garg Circle,Bhopal,503611
a-1897,672265cc-ff21-485a-8b79-865c280d549c,Frederick Lata,7659097780,flata@yahoo.com,1 Sachdeva Path,Delhi,551571
a-1898,2d8491ae-4b84-4831-b911-b91758debd70,Jalsa Korpal,9385394128,jkorpal@outlook.com,280 Wagle Street,Pune,673508
a-1899,db8531dc-8d88-4597-b114-d7f7f3a96b3d,Oviya Kari,8901817732,okari@outlook.com,253 Sanghvi Street,Bhopal,214431
a-1900,88f8ce00-23ad-40dd-b8a5-ee6f96947075,Odika Roiut,8087990757,orout@ymaio.com,292 Varty Chowk,Delhi,316957
a-1901,8e8f636b-c894-4a2f-bcb6-fc0a0486a9b0,Janaki Balan,8276057825,jbalan@rediffmail.com,292 Dhingra Chowk,Jaipur,920445
a-1902,5ae5c1f2-d710-4fc8-9140-9454472c0cf8,Advaith Varughese,9635225692,avarughese@yahoo.com,8 Chad Zila,Nagpur,640737
a-1903,f1aa5644-e6dd-4102-b5a4-c1eb35708444,Hamsini Murty,7501921898,hmurty@gmail.com,419 Gala Marg,Kochi,528735
a-1904,aac43f10-42e4-47cf-9102-edb1b8c811d8,Radha Bhat,6859188901,rbhat@outlook.com,58 Bansal Marg,Lucknow,166417
a-1905,2cf3faa0-6829-4f5f-aa3d-055eea501b78,Matthew Bhardwaj,9032272886,,298 Merchant Circle,Nagpur,228323
a-1906,dc1280a2-4162-4725-a71d-6a6ddc3eaa0d,Oni Ratti,8350949156,oratti@rediffmail.com,5 Modi Circle,Nagpur,103281
a-1907,501ee1b0-e41a-477f-ab5a-cdb7271c2881,Dipta Padmanabhan,8875172175,dpadmanabhan@gmail.com,275 Mammen Nagar,Bangalore,789686
a-1908,0693ad07-e023-42c2-a948-ffb953229369,Manan Raval,7837356479,mraval@ymail.com,460 Jha Chowk,Hyderabad,301081
a-1909,cd505f1b-2628-404c-99ed-ea22285e4d5a,Riya Pai,9805515837,rpai@ymail.com,227 Hora Marg,Delhi,147842
a-1910,917aad3e-6dea-4ded-8739-b76475d8ee02,Charvi Chad,8928361285,cchad@outlook.com,255 Yogi Nagar,Lucknow,282382
a-1911,51312be5-32b0-4868-a24c-2b1519458a52,Gaurika Ramakrishnan,9202651326,gramakrishnan@ymail.com,128 Venkatesh Street,Bhopal,141899
a-1912,ae644581-e316-48ad-b0a9-8c51d1af9f0b,Bhanumati Kala,8377755995,bkala@yahoo.com,205 Vaidya Zila,Bhopal,827647
a-1913,5ed7adb6-038b-42c9-a596-6a49caac9c66,Devika Verma,6347733424,dverma@yahoo.com,31 Dutta Path,Chandigarh,954107
a-1914,bb08c7be-871d-44c0-b0f3-5384b828139a,Arin Bala,8493731382,abala@ymail.com,333 Kuruvilla Circle,Pune,119923
a-1915,db1fc01c-3602-4c15-b685-c9a7c78a3eef,Wyatt Modi,8155300222,wmodi@outlook.com,211 Tiwari Marg,Mumbai,729147
a-1916,89e22dde-85b3-4201-b7c6-92feebeb0eba,I. Bhasin,7701113087,ibhasin@outlook.com,88 Lad Path,Chandigarh,781969
a-1917,a2f0ec9e-f979-4981-b373-89518666f241,Yashica Pandya,8840443932,ypandya@rediffmail.com,309 Batta Zila,Kolkata,277099
a-1918,a1a317be-84bf-4435-8e3f-aa02ae781023,Jeet Sen,8478510220,jse@rediffmail.com,184 Ahluwalia Road,Mumbai,267102
a-1919,7cfd5c56-b9c2-4891-9bee-3c078bd4622a,Sudiksha Nori,7967146594,snori@hotmail.com,472 Walla Ganj,Ahmedabad,531722
a-1920,c0a49aad-d737-4d33-8b45-eb5b53faf020,Vivaan Palla,9098009519,vpalla@outlook.com,317 Mane Road,Bengaluru,476052
a-1921,2150db6d-e0ce-4654-a0f1-0b666f3a1042,Logan Purohit,8615902702,lpurohit@ymail.com,10 Kota Circle,Ahmedabad,988582
a-1922,f0e94ce9-ec57-44f6-a010-31516bf4f16b,Henry Narang,6128305640,hnarang@ymail.com,429 Hans Circle,Delhi,784657
a-1923,34bbcd81-d6ed-4a61-9aaa-f5e33696fd51,Jalsa Sha,9690781719,jsha@ymail.com,2 Din Zila,Nagpur,504781
a-1924,ce5fa91a-dd81-45be-a052-a1450f8101cf,Pavani Sabharwal,6937990279,psabharwal@ymail.com,360 Chanda Zila,Kochi,205043
a-1925,d8db3c38-ca49-4859-86ad-12d76c9cee8f,David Sandal,9958021234,dsandal@yahoo.com,272 Soni Street,Jaipur,265488
a-1926,d86d0b60-de6a-46e2-9201-a33a05029130,Tanish Sehgal,9192646713,tsehgal@outlook.com,131 Pingle Zila,Bengaluru,395442
a-1927,c9823b45-2780-48a4-9226-8f8c74368662,Neha Venkataraman,6821644418,nvenkataraman@gmail.com,242 Lalla Marg,Jaipur,189768
a-1928,881c32e1-96c0-4381-9703-2df2d2ff9332,Sampath Wishi,6966995752,wsampath@outlook.com,456 Suri Chowk,Jaipur,304298
a-1929,0782409a-61e9-4eb3-9429-8c46bf56f54f,Omaja Gaba,6915710590,ogaba@gmail.com,462 Tiwari Street,Bengaluru,462929
a-1930,9e7f3ecb-c504-4db5-847c-99bc2a31c203,Joshua Sundaram,7978474678,jsundaram@ymail.com,53 Dayal Chowk,Ahmedabad,292634
a-1931,e2b7a8bd-4518-4763-8127-93af9b970117,Yochana Wadhwa,09248938810,ywadhwa@gmail.com,73 Kala Zila,Ahmedabad,964764
a-1932,79aa05e7-2519-43ac-bec6-1b01831e387d,Tamanna Solanki,9354365802,tsolanki@outlook.com,287 Dugar Nagar,Lucknow,770578
a-1933,e8f2c049-6f1d-4310-ad0c-be9cb25a1731,Kala Dani,9412837049,kdani@yahoo.com,16 Rege,Chandigarh,885824
a-1934,cd9f963e-0649-4f88-8cfb-70a8215a1c07,Imaran Dara,7699797095,idara@gmail.com,310 Mann Path,Kolkata,628908
a-1935,a7e2cc50-3ced-45be-96b6-0a0646803a68,Banjeet Virk,6274075152,bvirk@outlook.com,473 Dalal Street,Pune,149957
a-1936,357b402b-dbbe-4cdc-bdaf-e32d4ee8ffa9,Kamya Mody,9041035734,kmody@yahoo.com,365 Mitter Path,Bhopal,167147
a-1937,fcd3080e-c824-4abb-98ed-513d74e864a7,Chaitaly Sunder,7984435413,csunder@ymail.com,489 Dhar Nagar,Delhi,996849
a-1938,052f4059-3ea6-46b5-b1fb-fd53465f471b,Lucky Szma,8886433323,lsama@outlook.com,135 Mody Nagar,Lucknow,890998
a-1939,c1192ba9-e6af-4894-b8ed-d818108017ff,Bhanumati Kale,9605238875,bkale@outlook.com,458 Suresh Street,Bengaluru,788633
a-1940,7ccbe85c-145a-4934-8ecd-02c81a2e8658,Aarnav Das,7994276955,adas@gmail.com,301 Palla Circle,Chandigarh,
a-1941,ff0e5bbe-f671-4309-8efa-769e9075b4f9,Ekansh Basu,9421666746,ebasu@outlook.com,398 Srivastava Marg,Kolkata,964506
a-1942,beee9606-13b4-4a41-83e4-458b10477c5b,Dayita Sethi,8549081266,dsethi@ymail.com,147 Purohit Path,Jaipur,576789
a-1943,63b17382-003d-4478-b1ea-0343df31df45,Vaishnavi Deo,8674797272,vdeo@gmail.com,222 Thaman Street,Calcutta,922702
a-1944,1ba36691-548a-4e9e-939e-5e571e04a9d3,Triveni Sengupta,9210284690,tsengupta@gmailcom,460 Dixit Chwok,Bhopal,362396
a-1945,3dabee96-2081-4da1-8e4a-e958c0ac011a,Eshana Chakraborty,8022770984,echakraborty@yahoo.com,210 Rout,Lucknow,331943
a-1946,4c93cf7f-a163-4cca-9ea8-1f9fae7aea99,Lila Kaul,7655033888,lkaul@hotmail.com,164 Nori Marg,Lucknow,
a-1947,6c7e37ad-cd0f-4100-b8c8-5bc1b23f2c31,Chakradev Savant,9648978242,csavant@hotmail.com,367 Chakrabarti Road,Pune,726827
a-1948,ce30a5c3-d897-4edb-ae78-70f218928016,Noah Bakshi,5911727615,nbakshi@outlook.com,48 More,Chennai,
a-1949,6f07c48a-25ac-4624-b312-0f2973590764,Jatin Chada,7632621511,jchada@rediffmail.com,264 Bera Ganj,Chennai,842583
a-1950,bbe73ce3-3452-44b2-9802-a900840ef133,Soni Ranbir,6838441607,rsoni@ymail.com,181 Bahl Circle,Hyderabad,506465
a-1951,c832dd3f-76f6-4b0f-8b36-d07fe3a664be,Jai Wali,6680856064,jwali@hotmail.com,390 Bahl Street,Lucknow,731489
a-1952,e9e39787-49ce-45d1-bc03-04d9c5c79ed5,Anvi Jha,8941155777,ajha@outlook.com,10 Sawhney Ganj,Chennai,986195
a-1953,1923442b-ed29-44a9-a196-6dff58c40ad8,Frado Walla,8240109840,fwalla@hotmail.com,217 Nagi,Bengaluru,491781
a-1954,cc199a8e-4f9f-45c0-9a0a-22e989c8a330,Neelima Bath,6551157240,nbath@gmail.com,290 Bajaj Chowk,Chandigarh,847840
a-1955,a5446b2d-8c55-4925-b0ab-f61cea0b8ce4,Harini Sarkar,6890164956,,162 Sachdeva Street,Hyderabad,870286
a-1956,377b3589-00a1-485d-9d9d-8340a6a70c61,Arjun Wable,8085117644,awable@gmail.om,16 Raja Path,Mumbai,564818
a-1957,4f0f1912-2929-4cbd-96da-5431caa22f62,Aarini Chand,7260952790,achand@yahoo.com,72 Chaudhary Zila,Lucknow,363884
a-1958,9be5a9ca-2845-4cd2-90ee-7f8e31f3ffdc,Om Mangal,8090764880,omangal@ymail.com,121 Goswami Street,Chandigarh,650585
a-1959,b72e9cf5-07d3-450d-bffa-10dfcd7871ad,Aadhya Chakraborty,6492916614,achakrabotry@gmail.com,183 Mohanty Street,Chandigarh,570367
a-1960,665a1f55-96c5-4703-af95-b96e1d6e32ed,Nikita Gara,9250871614,ngara@outlook.com,465 Nanda Nagar,Gurugram,353908
a-1961,85688597-e4e1-437e-a221-b862656a300b,Pratyush Bala,+91-67750-28124,pbala@rediffmail.com,414 Misra Nagar,Gurugram,153165
a-1962,c4e22039-acc8-4f2d-9cca-295749e970f7,Madhavi Chaudhary,6735251673,mchaudhary@yahoo.com,390 Dhar  Path,Delhi,293272
a-1963,93ccbeb5-eea9-4887-bbc4-47511414dc7b,Nitara Naik,8364544439,nnaik@yahoo.com,402 Prashad Road,Pune,336405
a-1964,16999ce4-5be9-42a5-922e-db9a3c7c5913,Jai Ben,8761519348,jben@hotmail.com,97 Khatri Ganj,Chandigarh,263750
a-1965,f39778fa-cbfa-4cdb-bc89-518f027548c6,Tailor Warjas,7524872203,wtailor@gmail.com,64 Thaman Circle,Pune,513378
a-1966,9d403df7-6b88-4357-8601-5b33c5436ca7,Lekha Contractor,9031787640,lcontractor@rediffmail.com,447 Bhat Road,Ahmedabad,641182
a-1967,d9d50ff4-30cf-48e2-8d1b-aa791475bf39,Eesha Shetty,9945512284,,98 Ray Circle,Bengaluru,154237
a-1968,4bd3c35c-cc64-42af-8dd4-b5b30dc39c2e,Dominic Sule,8263684058,dsule@yahoo.com,479 Reddy Nagar,Nagpur,827309
a-1969,22249dfd-f358-4b01-be11-467554b91775,Vivaan Bahl,8631256322,vbahl@ymail.com,315 Chaudhuri Road,Bengaluru,953892
a-1970,3679d9ae-833e-46fb-8b40-4b770e213e33,Yatin Dass,6074139491,ydass@gmail.com,282 Ray Road,Pune,452425
a-1971,8280faeb-1e12-478d-b79a-e9bc3ab84787,Sanaya Chacko,6076158840,schacko@outlook.com,258 Jani Circle,Jaipur,376268
a-1972,e1ae39c7-6dd8-467f-b07e-455d8a7d9d7a,Lucky Prakash,7249349124,lprakasjh@hotmail.com,171 Ganguly Cirvle,Jaipur,385691
a-1973,0b0bb622-ae19-4b79-9a34-6a54f905552e,Yatan Yogi,6004605396,yyogi@hotmail.com,293 Seth Marg,Bhopal,985555
a-1974,0919993a-8ff6-4bdf-abc4-23cd16889116,Benjamin Agarwal,8926589745,bagarwal@outlook.com,403 Mann hCowk,Hyderabad,675092
a-1975,49332344-3ca7-4a29-b2cc-73f9c67d4dae,Mr. Oliver Acharya,8231043522,oacharya@ymail.com,402 Subramaniam Nagar,Delhi,312226
a-1976,3d38c10b-f7d2-4a8a-bb1a-b34c51ab6196,Anjali Krishna,6437148118,akrishna@ymail.com,215 Panchal Marg,Ahmedabad,729447
a-1977,92275a94-07f0-4d94-97cc-d2d36312cb9e,Simon Uppal,8652923901,suppal@rdiffmail.com,184 Bath Road,Chennai,824637
a-1978,7a7152c8-842b-44bb-9409-7bdc56d6ba81,Neel Walla,8314911981,nwalla@yahoo.com,345 Boase,Pune,594328
a-1979,98583772-70a5-48ca-8b33-945e64c4599b,Charita Chakraborty,7646895062,cchakraborty@yahoo.com,440 Das Marg,Bhopal,636404
a-1980,4c819d70-aaad-4402-9147-1b80a2af3c39,Logan Mammen,6544815382,lmammen@yahoo.com,46 Kade Marg,Lucknow,903930
a-1981,c5861e05-c518-4293-b0c5-f9743a6b6b72,Yamini Nadkarni,8013581069,ynadkarni@rediffmail.com,283 Lal Patjh,Pune,644661
a-1982,b5be2f5d-9288-4626-87dd-8aeba1a2b18d,Sneha Mahajan,8200457459,smahajan@rediffmail.com,345 Nagy Ganj,Ahmedabad,605366
a-1983,06a5c5bf-12c4-4f23-8b1f-b14a9738ce29,Harita Kade,6957406627,hkade@yahoo.com,346 Narasimhan Chowk,Mumbai,534059
a-1984,c8b02a8a-895b-43c9-ae77-d0e9d92c02f6,Mrs. Amol Deol,8408728781,adeol@gmail.com,31 Soni Nagar,Kochi,311999
a-1985,a110db56-1cf9-4ca0-b7ad-979aca0c512e,Aayush Andra,+91-70106-57197,aandra@ymail.com,324 Sachdev Street,Jaipur,668130
a-1986,0e332453-d16d-4ae7-8db7-a889aa5c8f4f,Vrinda Ramaswamy,6106941545,gramaswamy@hotmail.com,266 Bumb Circle,Mumbai,685242
a-1987,79621224-9c2b-4e71-aca2-ab6616673ece,Faras Yohannan,7244857680,fyohannan@hotmail.com,357 Saxena Nagar,Bengaluru,710839
a-1988,d19a036e-6132-40d1-a2d9-017e09eccaf0,Jatin Pandit,6714999111,jpandit@rediffmail.com,90 Parmar Marg,Nagpur,195699
a-1989,e0e3f2c0-b728-4694-91de-0bed2ef31f5e,Lila Goel,9516780167,lgoel@outlook.com,192 Dash Nagar,Ahmedabad,441776
a-1990,46e2e064-f4f3-4317-82a1-f897e3f90c01,TurviP rabhakar,8720904048,tprabhakar@outlook.com,120 Saxena Ganj,Gurugram,229399
a-1991,f3422b63-8ade-4464-8a5c-baea010d1e11,Aditya Kant,6097964199,akant@hotmail.com,113 Mand Nagar,Hyderabad,154629
a-1992,4949887e-4fa9-425d-8919-571dbb01d362,Ishita Handa,9143400094,ihanda@yahoo.com,399 Mitter Zila,Lucknow,791686
a-1993,9ac56eb9-ec8e-4651-ba80-19d4bbee1423,Timothy Kaur,7679521105,tkaur@yahoo.co,113 Patil Chowk,Lucknow,661090
a-1994,d800e76f-3c2e-4b9e-85c7-91fd6c045919,Balhaar Mand,8127859779,bmand@gmail.com,116 Kadakia Chowk,Hyderabad,146422
a-1995,f63e0d65-e0d1-4c67-af90-b9e67608baee,Abhimanyu Hayre,+91-89977-46152,ahayre@ymail.com,184 Choudhr yMarg,Calcutta,368362
a-1996,cb0a3c9f-05df-40c4-a6f5-56432fa75475,Arunima Tella,9893523402,atella@rediffmail.com,83 Garde Chowk,Pune,996137
a-1997,e0c229fb-f8db-4174-8e93-7e8c1e7b63ed,Rishi Gill,9683669385,rgill@gmail.com,328 Dave Zila,Bhopal,851931
a-1998,3919f5dc-43e8-4cde-9dc9-9900870c11d7,Dhruv Datta,9667330826,ddatta@rediffmail.com,352 Kari Road,Bhopal,460075
a-1999,5c19cedb-a928-4a5e-8c33-995058c86881,Anusha Handa,8029120168,ahanda@outlook.com,142 Walia Nagar,Kolkata,680858
