rec_id,entity_id,name,phone,email,address,city,postcode
b-0,4097acb7-a382-4bc9-93d1-6283160ecc20,Isaac Bakshi,+91-84480-62059,ibakshi@rediffmail.com,380 Konda Road,Mumbai,796559
b-1,22389617-c344-498d-afbf-4ce3e3535610,Udant Dewan,8319764854,udewan@hotmail.com,114 Cahal Zila,Chandigarh,505346
b-2,10c588c2-a4d7-4331-97f2-285d17077b77,P. Balay,07617730948,pbalay@rediffmail.com,389 Chander Nagar,Chandigarh,
b-3,1f3a8b13-45cf-4478-90ae-b1cbea318130,Tejas Kaul,8176973943,tkaul@ymail.com,185 Bala Circle,Ahmedabad,139423
b-4,3fd8e318-9d42-474f-b56b-91c474fa0ed5,Rushil Sini,8432569418,rsaini@outlook.com,359 Sen Ganj,Pune,
b-5,4ebe94fb-6705-4f36-96df-cb464c559568,Chaudry Gayathri,8655057360,gcnhaudry@hotmail.com,218 Rai aZila,Mumbai,788498
b-6,0db24881-938d-4dc8-bcdc-00ffc17310aa,Gunbir Parmer,6280829246,gparmer@gmail.com,278 Lalla Path,Nagpur,868061
b-7,8c2591b7-781b-4929-ba24-8fe66a784480,Caleb Sharaf,7831301077,csharaf@rediffmail.com,231 Dash Circle,Pune,
b-8,c469aef5-a039-4016-ac07-b45782a2351e,Kritika Brar,7644132366,kbrar@outlook.com,181 Memon Circle,Nagpur,237080
b-9,8555fcc9-fb5a-4973-88c3-a6bc7c9fb145,Janaki Handa,7946426927,hjhanda@yahoo.com,358 Bath Zila,Hyderabad,965706
b-10,97a99476-df12-4bdb-bb86-ff04fe552ec2,Vedant Mann,7914727385,vmann@outlook.com,88 Kaul Zila,Mumbai,
b-11,126471c9-fb39-470a-b0dc-f02dad2e767e,Harrison Rai,08436150660,hrai@rediffmail.com,208 Setty Road,Ahmedabad,747515
b-12,a2177172-a275-4c58-a5a6-c99cd63c4697,Janya Gaba,8161157129,jgaba@ymail.com,290 Pant Path,Chennai,396874
b-13,2064f070-0165-45f0-9b89-382907c55c92,Shaurya Loke,6944470024,sloke@rediffmail.com,24 5Garg Zila,Delhi,120523
b-14,2bde8902-d7ca-4ae5-9db7-f68a425de723,Y. Gade,9293558429,ygade@hotmail.com,413 Raghavan Chowk,Jaipur,526139
b-15,7aa8e633-fa36-41f3-8b4a-84a26897794a,Veer Balay,6015533848,vbalay@ymail.com,159 Rattan Path,Nagpur,307192
b-16,5c52cb26-19f6-44e4-891c-471771c6a4bf,A. Bhatti,+91 92991 15024,abatti@ymail.com,496 Murty Ganj,Lucknow,
b-17,95849d2c-d2bc-4a3a-920a-8047d219bf21,Adya Sangha,7397394541,asangha@ymail.com,7 Rastogi,Bengaluru,276791
b-18,580a6d06-f1eb-44b7-b475-9a15410e2ebd,Kanda Janaki,9125967541,jkanda@ymail.com,402 Upadhyay Street,Bangalore,709892
b-19,c51a5150-ccb9-43f4-8abf-6185388a5449,Wakeeta Chand,7159039314,wchand@outlook.com,331 Choiudhary Nagar,Chandigarh,217951
b-20,9ea12140-6734-4ccb-a6ad-8776fa578e3b,Lekha Raj,88446-78061,lraj@yahoo.com,44 Sidhu,Chennai,939719
b-21,06551d1d-a2f3-44a6-aeed-6df6b4dd13de,Zayan Apte,+91-96987-62413,zapte@ymail.com,21 3Yadav Zila,Hyderabad,577692
b-22,b6614348-02eb-4b0c-8aba-cf011a2da55f,Hitesh Misra,8041822265,hmsira@ymail.com,208 Issac xCircle,Gurugram,866017
b-23,c372facc-c446-44e7-a1a5-683de524c5fa,Michael Prakash,9108104960,mprakash@ymail.com,421Z acharia Street,Bhopal,571377
b-24,993a8cf7-18d9-49db-bf43-6dd5eb047a76,Mr. Aadi Naik,8766677185,anaik@yahoo.com,257 Bahl Chowk,Delhi,821822
b-25,8eb19656-0541-455e-ab36-4b8145e5cb5d,Isaac Patil,8622014414,ipatil@outlook.com,117 Khatri Roda,Gurugram,446580
b-26,13d331b9-852a-4d23-9e87-bef5002d79f5,Jeremiah Dave,9196606750,jdave@outlook.com,468 Gzndhi Chowk,Ahmedabad,874646
b-27,2661d60c-eb24-4518-8398-42850a09bd9d,Alka Wable,7547979902,,295 Sampath,Madras,820794
b-28,9b648884-cdc0-4d7d-ab65-573caef47e99,Siddharth Zacharia,6505446577,szacharia@ymail.com,399 Muni Ganj,Madras,254162
b-29,d1d65035-68d2-45ab-8950-04bbbc486955,Dr. Mohini Prakash,9172704674,mprakash@ymail.com,387 Varughese Chowk,Chennai,938111
b-30,c20e1516-a80c-46ef-8857-158e9e7a1a70,Siya Dara,9862735331,sdara@ymail.xom,74 Kar Gajn,Gurgaon,908528
b-31,791ae4a6-8ae2-43fc-8882-40018422bfb7,Devansh Nigam,5715993764,dnigam@gmail.com,188 Karpe Nagat,Gurugram,444987
b-32,89ad7e8b-a885-4f1c-9ec1-1364d0a93dff,Veer Bir,7294340359,vbir@rediffmail.com,390 Narayanan Nagar,Cochin,842858
b-33,3a90919f-9c1f-4717-9d32-44ae17fba3e5,Ekavir Varkey,8278016906,evarkey@gmail.com,325 Mallick Ganj,Bglr,891279
b-34,13b5dbf7-5500-44ed-836e-c71e63e5a8c5,Urvashi Kibe,9698922820,ukibe@rediffmail.com,400 Ray Chowk,Chennai,
b-35,d9465b8c-cc74-48a1-b8b3-05164ebae3d9,Ranveer Chandra,9840421165,rchandra@outlook.com,372 Sanlar Zila,Chandigarh,728308
b-36,31e78a97-f23a-4475-85e2-028b6e87b9c8,Cjatura Chaudhari,6847413071,cchaudhari@hotmail.com,4090 Rau Nagar,BLR,
b-37,9909eb41-e124-44a6-8a4a-537194cbcaf0,Harinakshi Chopra,9541295345,hchopra@outlook.com,350 HandaG anj,Calcutta,672766
b-38,e4aae917-f41e-414e-bdd9-5c9da4108b6d,Ranveer Yadav,7564941191,ryadav@ymail.com,139 Dey Chowk,Chennai,233594
b-39,8813a3eb-a037-4b09-a2b9-754cea431c6b,Pahal Goswami,7694148295,pgoswami@outlook.com,159 Shere Road,Gurugram,649888
b-40,4a60dc9d-2069-4350-857f-0c3f792895c9,Shri Zaid Borra,6205355756,,326 Chaudhari Chowk,Ahmedabad,526718
b-41,862ad620-8c67-4aeb-b869-a8d95e16ee80,Chandresh Zachariah,6456539587,czachariah@outlook.com,443 Chander Nagar,Hyderabad,594229
b-42,c83525b6-5bdf-482a-9de8-f16ab90918d6,A. Sha,93963-06275,asha@hotmail.com,82 Sapath Road,Madras,734865
b-43,d7a61e54-1f1c-4e14-ba7a-e0d575515dc1,Vidhi Dubey,9528896154,vdubey@ymail.com,196 Minhas Ganj,Bhopal,
b-44,b1ae4b31-7866-444a-8d59-c3310d967d7d,Teerth Bhardwaj,7491312990,tbhardwaj@outlook.com,117 Bhat,Bengaluru,490400
b-45,157f2468-c770-42ab-8199-60cbbc9c4dc3,Bhandari Dipta,8500228886,dbhandari@outlook.com,324 Sood Nagar,Nagpur,627800
b-46,f2a919fc-943e-4dc2-8a4a-a0a6d37e40e7,Yatin Baral,7217567986,ybaral@ymail.com,239 Bumb,Jaipur,106583
b-47,bfc13fc3-d216-48b6-9de4-32a8048f12c6,D. Bora,7820039031,dbora@ymail.com,337 Shanker Nagar,Kolkata,932230
b-48,16a8cdac-1a86-4857-bf41-2973fd32b7b7,Ekapad Konda,8543125881,ekonda@rddiffmail.com,43 Mane Pagth,Bhopal,369048
b-49,d6fe078e-f4f0-4504-aa99-434d11270a74,Prof. Abhiram Mistry,7924311300,amistry@hotmail.com,101 Desai Zila,Bengaluru,453131
b-50,07d3c158-0b95-41e5-b603-e6621c532f3c,Aishani D’Alia,9344899755,ad’alia@ymail.com,412 Dugal Zila,Nagpur,671085
b-51,c375596d-8ce7-45a7-92a7-a651b6c791f4,Vrinda Krishnamurthy,7869274115,vkrishnamurthy@yahoo.com,51 Chanda Nagar,Jaipur,
b-52,6add0373-574c-4f34-a3f8-25faf48f544d,Ms. Gauri De,9300816370,gde@ymail.com,349 dwin Road,Kolkata,564478
b-53,61cb5b46-e500-407d-9dc9-7c07b0a84555,Riya Sane,6410214810,rsane@gmail.com,254 Andra Circle,Ahmedabad,454712
b-54,bb71ffdc-0c05-4aae-a196-5655cbc76e3a,Isaac Borra,8748522352,iborra@ymail.com,240 Banik Streeg,Pune,488193
b-55,a207ab51-5f6d-4123-9d8c-43052fff37eb,Divan Kala,6940448711,kdivan@outlook.com,24 Datta Marg,Gurgaon,397661
b-56,6e17103b-6b0b-4797-9ce7-fdaf0f9874d9,Benjamin  Morar,91801-17642,bmorar@gmail.com,285 Baral oath,Mumbai,108333
b-57,23059c3f-0b10-46eb-894f-938e78525774,Ishita Kade,7856418798,ikade@yahoo.com,127 Chauhan Ganj,Ahmedabad,104267
b-58,38685bcb-3aef-4d81-abeb-101f9beee4fd,Aryan Gola,6815216166,agola@gmail.com,87 Sabharwal Path,Chandigarh,385437
b-59,c3145bc3-d9d5-4291-b94b-8644b1f527c2,Ryan Sharma,9266155376,rsharam@outlook.com,373 Mody Path,Chandigarh,886498
b-60,216381f0-a419-4518-ae02-b0c5f385c0e3,Vedant Kapoor,06495900735,vkapoor@hotmail.com,204 Hans Nagar,Kochi,
b-61,a7c5af74-5d82-4c05-9834-d9353177aefa,Garima Bala,9968875002,gbala@hotmail.com,372 Lal Zila,Pune,194153
b-62,eb1b7a62-c765-4d68-8df2-9b0210e90d9a,Pranav Lanka,9798636336,plnka@outlook.com,290 Chopra Nagar,Nagpur,439429
b-63,27b0cb4e-c575-4faf-b0b5-f80b9c03e856,Pai Radha,8491333371,rpai@yahoo.com,82 Sarin Path,Jaipur,941842
b-64,f2dbc3f9-915e-4e2f-9a01-977a2299a285,Yasti D’Alia,8210475832,yd’alia@hotmail.com,101 Gupta Marg,Bengaluru,
b-65,d26f34e2-d550-461c-907f-e93b2caa9f40,Aachal Basu,7210040926,qbasu@rediffmail.com,248 Agwrwal Marg,Bengaluru,521574
b-66,b2dbae96-90ef-4212-b4ea-fd68ea6f4623,Yohannan Zinal,7738791969,,476 Patla Ganj,Chennai,365296
b-67,78b6f114-cc59-4540-8133-4f7478350a29,R. Boase,6540887645,rboaes@outlook.com,83 Murthy Path,Nagpur,374019
b-68,20a7b807-e7ec-48c5-a2b4-0c0b39bbf134,Jeet Mital,7557728384,jmital@gmail.com,380 More Circle,Mumbai,866738
b-69,5bf493a6-8396-4f69-abf0-bc0fa5fa2973,Nilima Narain,7128713218,nnarain@outlook.com,90 Merchant Marg,Lucknow,947384
b-70,b9474555-c8fb-4a3e-8005-d04b3ef24729,Joshua Handa,9718587355,,124 Raghavan Marg,Madras,320732
b-71,fecb152a-d3b4-4040-8066-d3df28a8b107,Daksha Mangat,6904891136,dmangat@ymail.com,104 Sani Gnaj,Hyderabad,213097
b-72,131013a9-37e4-4e2f-bc8f-f5d6242515fd,Ekanta Shroff,6903960494,shroff@outlook.com,626 Sathe Chowk,Hyderabad,207057
b-73,acb08aee-71c4-4757-a6ff-9d0e348961cb,Tanay Vaidya,9734818962,tvaidya@outlook.com,26 Gara Chowk,Chennai,
b-74,b56d03c1-c64e-4700-b2af-798ddd654dfe,Frado Mander,06767822954,fmander@yahoo.com,329 Nayak Circle,Lucknow,660437
b-75,0b74488e-494e-4f2d-9cd0-3717879297ad,R. Din,8436650469,rdin@outlook.com,172 nBatra Nagar,Pune,753561
b-76,808b9c21-b002-40a7-a636-aabb7673b4a9,LeenaT alwar,7364442180,ltalwar@yahoo.com,334 jKohli Marg,Madras,
b-77,7af8122c-b2eb-4d21-a675-04df5a657046,Ahluwalia Manbir,9381179872,mahluwaliaymail.com,334 Sandal Zila,Delhi,117789
b-78,0d71e3c4-15ba-42f3-a5d3-16957eec2c9c,Ms. Theodore Goda,7226997295,tgoda@outlook.com,350 Shetty Circle,Gurugram,224788
b-79,eda10b8a-4b6d-4a66-8cbd-67b3730d07e0,Cahndresh Krish,7603795346,ckrish@outlook.com,12 Shan Zila,Gurugram,
b-80,a1625971-e605-48a1-8587-1fd0e4508855,Kiaan Shetty,7429883385,kshetty@rediffmail.com,245 Nadig Circle,Nagpur,649204
b-81,3f52b13b-b11a-49c3-b648-f11a091a097b,Saanvi Thaman,7999389997,sthaman@ymail.com,382 Sehgal Marg,Chandigarh,319784
b-82,352b2cb3-abe0-4ac6-8f87-db9acec99e1d,Yug Malhotra,08130034718,ymalhotra@yahoo.com,70 Sundaram Circle,Delhi,874512
b-83,97c6254a-3718-47fb-8614-f6a100f8d311,William Maharaj,7921910446,wmaharaj@ymail.com,466 Brahbhatt Chowk,Mumbai,451055
b-84,88c05c93-14b1-452d-96a3-dd27b6316a6c,B. Keer,8722482641,bkeer@redifmfail.com,416 Nayak Road,Nagpur,
b-85,c5e8201b-a5f7-4e18-8e08-f3ae3df053ba,Ekaja Zachariah,06526760909,ezqchariah@gmail.com,258 Devi Zila,Ahmedabad,596965
b-86,13107544-4733-4724-a29e-e291cba60ae1,Tanish Bnhatt,+91-94332-77814,tbhatt@yahoo.com,446 Reddy Marh,Bhopal,839106
b-87,4e5dc8d9-2cc0-4dc6-92f7-4c19872aeb08,Ganga Shukla,7135205020,gshukla@gmail.ciom,218 Bhatia Marg,Bhopal,
b-88,54556d74-5215-47d1-ad7a-1f0bbfdcbe17,Samuel Saliv,8831010828,ssalvi@outlook.com,269 Bahri Marg,Hyderabad,687031
b-89,e467254f-95fa-4e5e-aef9-5d69d4c81c38,Shri Lajita Sood,8752472557,lsood@rediffmail.com,232 Pandey Naar,Pune,455032
b-90,ed6b5974-079e-4a31-82f9-fd9d6a368638,Thomas Sura,9614931899,tsura@ymail.com,436 Mabajan Ganj,Chandigarh,223489
b-91,c0e91f99-9cb4-4ee4-8ccc-06c6bb4f73a5,Joshua Walla,6345668030,jwalla@gmail.com,106 Ramesh Nagar,Mumbai,569726
b-92,f59a5f79-0c1c-4595-8f0b-c27665670b32,Aiv Chacko,9804848940,achacko@hoymail.com,108 Deshmukh Marg,Gurugram,254764
b-93,8e0b4608-b5a1-4eed-bd31-0db335878e19,Ladli Narang,06053329642,lanrang@rediffmail.com,444 Sha Ganj,Hyderabad,424682
b-94,ba2e26b1-16e7-4b86-9e48-ab24dc3c26ff,EtaNazareth,6146411897,enazareth@gmail.com,410 Mall Marg,Gurugram,
b-95,450c8437-c219-4631-af54-5cfb3cc9701a,Anirudh Zacharia,7993837541,azacharia@outlook.com,161 Palla Ngaar,Ahmedabad,544304
b-96,00bb53cd-28a5-4aee-9d1b-02bb80d13864,Udarsh Biswas,6553644486,ubiswas@hotmail.com,463 Balasubramanian Nagar,Gurugram,879529
b-97,355e61f8-67d0-4158-a39f-0d12f974eb60,Yug Iyengar,7495342635,yiyengar@hotmail.com,161 Dua Nagar,Gurugram,396335
b-98,32cbdbeb-fdde-4794-90d8-98fa95b22e01,Shroff Tejas,6516906983,tshroff@gmail.com,462 Pillay oad,Nagpur,934753
b-99,401efd33-2ee1-4b77-a9ae-c17387af6601,Oliver Contractor,9695003718,,248 Mukhopadhyay Street,Lucknow,134687
b-100,bb974a6f-465d-40c6-90a3-5626ba8d207f,Hritik Bal,9388938502,,81 Prashad Road,Jaipur,807983
b-101,c7536194-58de-4c5f-bb87-061efc17e219,Mekhala Issac,6909788185,missac@ymail.com,439 Kibe Zila,Kolkata,582838
b-102,3623b620-1419-496a-95d5-f620fe664f1e,Harsh Mitra,8435697694,,185 Dara,Hyderabad,
b-103,d30b76ee-5a18-4e36-bbb7-84723460be23,Kamala Biswsa,8623761054,kbiswas@ymail.com,26 1Om Circle,Jaipur,247052
b-104,174cc33e-3b11-4b14-ba0a-20956ccfd3a6,Advik Salvi,7310591428,asalvi@hotmail.com,487 Cherian Chowk,Jaipur,269626
b-105,feca807a-3edb-4df5-b55e-24a9969a570a,Rachita Pathak,9634143025,rpathak@hotmail.com,49 Dua Chowk,Nagpur,
b-106,dafd112c-f226-40f8-a298-ed495d08874f,Veda Shroff,8509857374,vshroff@ymai.lcom,32 Loyal Marg,Nagpur,240181
b-107,37188020-d46b-44f9-8b0a-7e9e8f7297d7,Korpal Ekantika,8219106817,ekorpal@outlook.com,415 Mallick Zila,Gurugram,
b-108,b4301d70-ca48-40b4-bd1f-a4c3acd9a17b,Shravya Kohli,8197353598,skohli@yahoo.com,485 Raghavan Chowk,Hyderabad,949043
b-109,8b9f77b9-46d5-4172-bcdf-9131b15641ee,Balakrishnan Gayathri,+91-93231-31070,gbalakrishnan@outlook.com,390Nair Chowk,Pune,
b-110,4b9e0daa-984a-49ef-9b19-02df804d29fa,Qabil Sura,6031822982,qsura@homail.com,258 Psant Ganj,Chandigarh,650998
b-111,d0f8c442-402d-4789-82a3-fba801da40a0,Aarna Oak,8041901115,aoak@hotmail.com,456 Majumdar Road,Bangalore,312724
b-112,df3f982c-bd1e-40ac-9bfc-7e292e6a4c6f,Wyatt Ray,9337154163,wray@yahoo.cm,326 Khosla Chowk,Lucknow,951123
b-113,7dd2f487-d433-4185-99db-0e084dee1882,V. Swaminathan,97917-97181,,249 Badal Chowk,Chandigarh,305780
b-114,0cc93ab8-705e-4fa5-836f-63bfd83a21c8,Yagnesh Mohan,+91 89044 82470,ymohan@rediffmail.com,411 Pillay,Lucknow,145750
b-115,3b1310ee-f406-49f5-a6b3-74b4221cf45e,Urvashi Wali,7618763346,uwali@redfifmail.com,336 Sandal Pzth,Bhopal,485352
b-116,d3608459-9a62-4321-b3b2-07630461d632,Ganga Pandey,88350-74452,gpandey@outlook.com,372 Madan Chowk,Jaipur,482573
b-117,f7525e48-a84d-4a32-a648-29652b91944a,Damini Krishnamurthy,6727725109,dkrishnamurthy@rediffmail.com,78 Dara Gan,Hyderabad,664141
b-118,4a97e294-f547-4cbf-a71c-e81b64a1a8d0,Qasim Handa,7175871044,qhanda@yahoo.com,391 Sule Ganj,Kolkata,377499
b-119,d70d14b8-4566-4d3d-b9b3-eee857b374c0,Aradhana Vohra,7822331124,avohra@hotmail.com,196 Mandal,Kolkata,503416
b-120,bdc4118a-7e28-4ec3-8d31-1d0f0ab314ee,Harish Hari,6231047383,hhari@ymail.com,118 Karan Road,Chennai,
b-121,955f7ca4-b245-4cd6-9aac-50fdb0f3d01b,Jonathan Mahal,8054444445,jmahal@rediffmail.com,276B hagat Nagar,Gurugram,173038
b-122,4246d120-fe4b-4366-9763-bebfb539a144,Brinda Date,6708796818,bdate@gmail.com,157 Chauhan Chowk,Kochi,302659
b-123,841329bf-8f81-450e-b157-1fa17be604f3,A. Mane,8943956221,amane@yahoo.com,98 Srinivas Chowk,Chandigarh,
b-124,5ad1dceb-cb0e-4de9-89e6-f7c4c6abda23,Shri Ridhi Oak,6806617128,roak@myail.com,133 Behl Street,Gurgaon,462591
b-125,6ef410a7-f23b-4267-8fd8-3d3e857760ec,Frederick Kothari,7479567619,fkothari@gmail.com,206 Saha Zila,Jaipur,469043
b-126,b3aa4d67-6570-4d76-8b90-ec3cb810184a,Upkaar Virk,09707904412,uvirk@yahoo.com,893 Seshadri Marg,Mumbai,321287
b-127,53430b06-15c5-4cf1-a4a0-6f83c09aec66,Saanvi Mishra,6958626212,smishr@yahoo.com,68 Sanghvi,Chennai,816453
b-128,99f42829-cccb-4f35-8ce8-8964f56fdaea,Dalaja Bhasin,7863200176,dbhasin@hotmail.com,391 Chudhary,Bhopal,302220
b-129,a9d6a489-8f30-4dc2-91b9-3f9ab5d3d720,S. Kakar,6802598853,skakar@gmail.com,309 Bumb Road,Lucknow,865896
b-130,2768db0b-73ad-4cd2-a225-4729d296d5bf,Naksh Khatri,6917940815,nkhatri@ymail.com,372 Borde Street,Mumbai,
b-131,30b20902-1044-4ab8-844c-6fd06bdff8ea,Upma Mwnne,+91 97262 57137,umanme@hotmail.com,490 Kata Nagar,Gurugram,
b-132,49f8423c-5898-4a9b-a6be-4c4b153292a8,Vivaan Lalla,8369487327,vlalla@yahoo.com,169 bora,Ahmedabad,809012
b-133,1f8ad473-b99b-4859-8ddb-78d1733577dd,Pavani Contractor,9042973564,pcontracor@hotmail.com,28 Kar Circle,Nagpur,846635
b-134,17c54b71-8faa-43b5-9416-a11b5715b4a2,Darpan Gandhi,8547727240,dgandhi@hotmail.com,479 Mani Roda,Delhi,294332
b-135,4b7752d6-de00-4fcf-b50d-e20e37007d59,Reva Dash,+91-95141-40632,rdash@gmail.com,444 Modi Cohwk,Hyderabad,769594
b-136,042cc415-b734-40c6-9d4e-8909087383a1,Wakeeta Sarma,7009000158,wsarma@rediffmail.com,290 Baral Zila,Madras,208099
b-137,0a337711-3362-422b-918b-b36bf81feccb,Rachana Naidu,7635974473,rnaidu@yahoo.com,234 rishna,Pune,893956
b-138,2bf7a7e1-1113-4713-ac18-ade1b0a3d8c3,Atharv Chand,7172886396,achand@outlook.com,428 Bail Ganj,Gurgaon,
b-139,73a2d656-ffa8-458d-9fc2-d7489c59329f,mAruta Baria,9246691295,abaria@yahoo.com,145 Singhal Street,Kolkata,376898
b-140,a91d54c0-c607-4472-8ae1-2b0dc386b668,Zilmil Sathe,6691366656,zsathe@outlook.com,37 Golla Road,Pune,649301
b-141,6da0b81e-99c8-4412-9af2-ed688b170484,Mrs. Ijaya Rege,6679949566,irege@ymail.com,369 Nagi Path,Jaipur,549274
b-142,69160d6d-a5d0-4737-8f79-e024e4355e18,Henry Dyal,8933549954,,91 Sabharwal Path,Cochin,
b-143,3cdb051b-1a60-4af0-9e55-80f7bf6ed82a,Warhi aMni,8437577025,,77 Bansal Marg,Jaipur,100511
b-144,155c34c0-f87d-47fe-b50c-42025edd82fd,Ekiya D’Alia,07982723262,ed’alia@outlook.com,291 Varkey Marg,Ahmedabad,864756
b-145,873c9039-bba6-4e4d-9248-4df04d539770,Aarav Shere,7678493235,ashere@rediffmail.com,416 Bhagat Marg,Bombay,574095
b-146,6c62bae5-3913-4a33-be0f-ebcec6dbf4a8,N. Mukhopadhyay,8810515935,nmukhopadhyay@rediffmail.com,75 Atwal Circle,Pune,822476
b-147,c26f8cbd-e751-4339-ba06-dabb5c3fc40b,N. Chander,+91 65998 45394,nchander@rediffmail.com,180 fComar Ganj,Chennai,752334
b-148,fc0fa585-5738-4ecf-9c06-bb38495a32b6,Triya Dalal,77303-45626,tdalal@outolok.com,388 ara Street,Mumbai,416990
b-149,153505b9-2c3e-4482-a065-748b4b46ed4f,L. Boase,8167707718,,236 Sachdeva Road,Lucknow,614657
b-150,d6cb5318-15a3-43b1-a2d1-dda41585c0fc,Barkha Misra,8318725649,bmisra@gmal.com,129 Suri,Nagpur,
b-151,2598e723-19c8-4d48-acd3-ef82d5a1c555,Manthan Sekhon,7066833044,msekhon@rediffmail.com,377 Sule Circle,Jaipur,235538
b-152,e850a5b0-bb16-436a-a4e9-ad8aabb19985,Tamanna Nagy,7116105341,tnagy@yahoo.com,221 Khare Ganj,Delhi,
b-153,89a6c673-3a36-403f-9936-f7550d49e074,Kaur Leela,7066333671,lkaur@hotmail.com,7 Bassi Marg,Delhi,351672
b-154,3515aac1-85dc-4658-8f4d-b2dab203d96b,Eesha Solanki,9803852510,esolabki@outlook.com,258 Raju Marg,Delhi,454664
b-155,350009c5-283e-4dc9-835d-6e804605e2a1,Max Tandon,+91-67893-09627,mtandon@ymail.com,143 Date Nagar,Gurugram,
b-156,55ec8417-9076-46fc-977d-a830dfad2704,Yadavi Narula,09970349551,ynarula@rediffmail.com,168 Sarraf Zila,Delhi,936245
b-157,01d51d35-a39e-4d0d-b4b8-dab90bd206f2,Harish Vora,6853041924,hvora@gmail.com,66 Aurora Chowk,Mumbai,507256
b-158,aae654f9-640d-4342-b411-82e177e02981,Maanas Rout,9500540975,mrout@ymail.com,485 Borde Street,Nagpur,
b-159,34370d3a-845e-4d2f-8a2e-efb49597284d,Upasna Lanka,6412488335,ulanka@ymail.com,488 Rao Path,Kochi,873576
b-160,4060aa81-548e-4f5a-a104-886683ee4e59,Narasimhan Faris,7352764156,fnarasimhan@hotmail.com,132 Rai Ckircle,Chennai,
b-161,7d63e06d-07ee-4757-a426-c1bd6f8dfa09,E. Sura,7463180522,esura@gmail.com,450 Banik Circle,Delhi,745075
b-162,ca87ef39-0fb0-459b-a649-aa269a19dab5,E. Keer,8192673128,ekeer@ymail.com,468 Karan Road,Jaipur,
b-163,3c460b73-27bd-449c-8247-0159b4ad9d03,Gautam Saraf,8933511585,gsaraf@rediffmail.com,89 Chaudhry Zila,Pune,742227
b-164,1ee69a7a-b8c9-4fe5-9b16-7a2b2883316f,Jagrati Prasad,6575930707,jprasad@rediffmail.com,422 Dhingra Marg,Hyderabad,935672
b-165,d9d34a09-209a-4017-b509-cd468daafea7,Yash Wali,88730-94099,ywali@hotmail.com,2385 Gole Marg,Bombay,790187
b-166,552a96fa-bd89-476a-b51a-0fda3e86de0a,Onkar Gill,8777865830,ogil@rediffmail.com,138 RajaZila,Madras,130761
b-167,b16ab0ea-e26e-4c6d-a7f6-c8c1ef34eb53,Wridesh Tank,7293840812,wtank@ymail.com,446 Dhar,Lucknow,503394
b-168,68a41c8d-691f-4569-a688-ba7ba5ebebd2,Vincent Sheny,6442350273,vshenoy@outlook.com,283 Sharaf Road,Gurgaon,552260
b-169,dd88ef8e-5db6-432b-8dfe-0a3a085977d1,Smt. Aadhya Andra,8907495811,aandra@ymail.com,263 Mani Chowk,Nagpur,331049
b-170,4f5d4156-ce17-4d99-a25c-3e2eede6ded0,Nakul Borah,7219913537,nborah@yahoo.com,30 Pai Chowk,Delhi,625745
b-171,53003d42-0305-4c2f-8c76-b942918dc152,Chandani Smara,85220-63139,csamra@yahoo.com,447 Shan Road,Bengaluru,160774
b-172,617a8150-9f3d-4edf-9848-d7416cfe7c7b,Chasmum Issac,7745417179,cissa@rediffmail.com,228 Subramanian Marg,Mumbai,628870
b-173,aba890de-8c25-4489-b62c-a777b492ff4b,Anvi Anand,9987484183,aanand@ymail.com,184 Bawa,Pune,184618
b-174,c2b76c54-b90c-4e63-bc25-963eca0b6b58,Watika Mangat,7352631162,wmangat@yahoo.com,3143 Pandey Ganj,Chandigarh,154567
b-175,56046fe9-0c21-4ecb-9d54-045a0130080f,Theodore Gupta,9703252925,tgupta@gmail.com,454 Krisjna,Kochi,580514
b-176,2bb04cb4-fd95-43c0-89b7-a107a51ef781,Laksh Chatterjee,9659840045,lchatterjee@gmail.com,64 More Nagar,Kochi,
b-177,c27ef336-8cbd-404e-967a-439b2777934c,O. Gill,8701221916,ogill@outlook.com,305 Deo Ganj,Ahmedabad,899224
b-178,89c8b8d7-75fa-4708-81e3-f4f397782511,Hamsini Contractor,9312211784,hcontrator@outlook.com,459 Borra Chowk,Bengaluru,262635
b-179,bf4da66b-e4d0-4c7f-b490-07d5af9a9794,Lohit Kara,8022493211,lkarag@mail.com,287 Pau Marg,Bengaluru,462945
b-180,a4803b8e-8cc6-4791-b5fd-46a7ca27b311,Shri Gautam Rana,+91 78317 40628,grana@rediffmail.com,185 Lalla Nagar,Chennai,439061
b-181,405121b5-9b4e-45d5-963b-4a13bb08c416,Jatin Sha,8047920700,jsha@ymail.com,431 Lala Path,Delhi,253287
b-182,ca4cf0e2-6770-487d-a85e-2c07114f2b80,Prabhu Lakshmi,9058724574,lprabhu@yahoo.com,397 Kaur Zila,Delhi,
b-183,1a4c2beb-ac39-4aaf-b085-61c3ebc26843,Urishilla Bakshi,7158902408,ubakshi@gmail.con,3332 Narang,Bhopal,990181
b-184,eb7d68dd-82bc-435d-ab16-6b0a90906226,T. Bhatnagar,6335244363,tbhatnagar@reditfmail.com,126Mittal Chowk,Chandigarh,476716
b-185,089d1892-95bd-4402-9dc5-0f1d2499180c,Niljima Dada,6651469802,ndada@hotmail.com,76 Bath Strete,Chandigarh,884892
b-186,ddb525d8-c2d1-445b-8d99-a98f2d9ecc02,Baljiwan Modi,6920371085,bmodi@hotmail.com,378 D’Alia Chowk,Delhi,786025
b-187,aaf0ae38-f742-42ca-bd75-16b1f968c9c0,Gunbir Keer,6992315135,gkeer@outlook.com,298 Deshmukh Circle,Delhi,635669
b-188,fe3c168a-e3ba-40ae-96a1-9be8dfc17ef9,Lipika Sefty,7832557283,lsetty@outlook.com,466 Zacghariah Path,Ahmedabad,903286
b-189,9e52cad9-fb49-44ee-8231-54c33338b41f,Oni Dubey,6594313295,odubey@gmial.com,34 Chaudhary Marg,Ahmedabad,475220
b-190,ca70c730-5b81-42aa-9696-a369959fe76f,K. Kalla,9785439619,kkalla@gmail.com,294 Saxensa Chowk,Bengaluru,
b-191,4467df0e-e61d-400c-9ca9-677b6ea97e67,Warinder Patil,7941026534,wopatil@ymail.com,286 Pillai Zla,Kochi,
b-192,d12ba42e-1dd2-4338-91a7-d6035f82e8bb,Mr. Ranveer Das,6285985630,rdas@hotmail.com,296 Chnad Chowk,Gurgaon,
b-193,a2a9b55e-6a93-4e85-8f86-c943487a445e,Simon Bail,7595237488,sbail@gmail.com,36 1Nath Nagar,Bhopal,844695
b-194,a559d8f1-e570-421b-b494-d139dc309b56,Yagnesh Dass,9131139935,ydass@ymail.com,118 Jha,Delhi,145341
b-195,59e2e92f-5885-4266-a348-4731fcab0a0d,Ekapad Johal,9387885196,,479 Kalita,Bengaluru,834156
b-196,eebeae0c-1f95-49e7-b157-87f277153fd4,Karan Aurora,7583762941,jkaurora@ymail.com,456 Khanna Path,Hyderabad,
b-197,24e6b12c-2f25-4ec8-b9ad-ae24e88a9560,Ekiya Babu,7666565009,ebabu@ymail.com,293 Lanka Srteet,Kolkata,668156
b-198,f08e853f-0c3a-4e84-bfe2-47ad181e9c9a,Janaki Varghese,6224808666,jvarghese@gmail.com,373 Chopra,Nagpur,122536
b-199,66ceeca3-101c-42c0-9c22-c379df83a7d3,Siya Thakur,7070460930,sthakur@outlook.com,279 Bassi Gnaj,Delhi,456458
b-200,ec297849-d72f-41d6-ba9a-e05ab642a513,Charvi Shanker,6626789119,cshanker@hotmail.com,13 Bhat Nagar,Hyderabad,590683
b-201,9c6cccda-f56e-45c4-b476-23a30f30a4e4,Varenya Ratti,7064832124,vfatti@gmail.com,201 Chokshi Marg,Kochi,275165
b-202,7e7c5ec9-4a67-42aa-8565-390debbee959,Ekanta Divan,8477401146,edivan@rediffmail.com,117 Date Zila,Chandigarh,700656
b-203,b2d1542f-f743-486d-a463-d63d6506e376,Hardik Contractor,8290547856,hcontractor@rediffmail.com,260 Kal Circle,Bengaluru,359697
b-204,63e497e9-e3b1-4264-914e-c490ac9cf83e,Smt. Girish Munshi,6345517238,gmunshi@rediffmail.com,198 Munshi Marg,Bhopal,
b-205,39bb2391-cfa8-4072-85ab-024944960d66,Aadya Prasad,8838607534,aprasad@yahoo.com,307 Som Street,Chennai,542448
b-206,75d797f1-a76e-4f64-94ae-9cefe161e8de,Darpan Narayan,6829481188,darayan@outlook.com,17 Roy Zila,Hyderabad,443176
b-207,814b1e41-2811-46bd-be55-cad7ddaee2c8,Simon Dubey,7555982364,sdubey@hoymail.com,84 Kapur Chowk,Pune,110926
b-208,ed875e8d-e6c0-4445-968e-e8974004c575,Hritik Palla,6368807215,hpalla@gmail.com,167 Pillai Circle,Delhi,222996
b-209,a9c55388-7dc3-4ed6-8911-bd1b8059ae14,Bal Pushti,62717-49092,pbal@gmail.com,362 Loke,Ahmedabad,804484
b-210,e30948c0-5ec5-4aeb-bc8c-fc9c54cfbb19,Ayush Gole,77985-65655,agole@hotmail.com,326 More Road,Jaipur,893869
b-211,37b0c648-3d93-4a29-8251-ae4caedbaccc,Harinakshi Panchal,6059540608,hpanchal@redffmail.com,495 oGlla Nagar,Jaipur,384187
b-212,bb2a1787-ffdd-4d22-8290-d079fd40f01d,Rattan Luke,6027636655,lratatn@gmail.com,130 Dhar Zila,Calcutta,898679
b-213,08c1aad9-142f-415a-8ed5-b28846bef2ad,Saini Krisha,8047298805,ksaini@outlook.com,313 Om Chowk,Jaipur,
b-214,b36361f9-e1eb-42fb-8d69-c7edb0fe33bd,Chandran Bumb,07419726660,cbumb@ymail.com,477 Savant Road,Gurgaon,637053
b-215,5a8ff946-f9df-4a6e-a4f5-d54f0dc7a6d0,Ishaan Pai,+91-75825-00773,ipai@outlook.com,190 Choudhry Marg,Gurugram,288484
b-216,04827639-dfdd-4509-a222-08c0ebe5179f,Kannan Chakradev,8134818465,ckannan@yahoo.com,465 Bhakta Marg,Calcutta,385949
b-217,d9fb9854-2d20-4f87-a938-7d8957e14000,Prof. Abhimanyu Jayaraman,6042918212,ajayaraman@gmail.com,201 Kakar Road,Bhopal,511961
b-218,5924197e-d66b-4df0-8d05-df65be14ba1b,kaksh Kumer,7035334532,lkumer@hotmail.com,13 Narang Road,Mumbai,245682
b-219,7b463f1e-a09f-4c74-9131-8b54cf1bad27,Victor Tella,7935678155,vtella@gmail.com,337 Pandya Circle,Jaipur,151840
b-220,2485ec1e-8db8-44ac-acb9-939a308f5b0f,Ekbal Ranganathan,07880277950,erangaanthan@ymail.com,81 Sarin Nagaer,Chandigarh,319706
b-221,f966c9e9-a6a6-4990-8a12-d3b7dfabc4e1,Anirudh Sharaf,7645433655,asharaf@outlok.com,104 Munshi Zila,Chennai,630810
b-222,610018ee-0be1-4027-a0ba-fe17b011d5c6,I. Ravel,8274135709,iravel@outlook.co,437 Nwair Nagar,Nagpur,251780
b-223,16dd17ae-269f-42b5-ab44-cb377b5b54b7,Nandini Viswanathan,6721299548,,327 Randhawa Zila,Calcutta,522219
b-224,af9c587f-8c81-4a0f-ab9b-a7f6a3e5838c,Dayita Nori,+91 66827 07610,,121 Nath Ganj,Lucknow,887589
b-225,9bcbbb0c-6622-4f79-9ceb-1cd3428bb5a7,Om Bose,+91-66679-81395,obose@ymail.com,281 Comar Circle,Bhopal,244304
b-226,c834df11-3c8a-4015-83e5-8b65483f40c6,Yashvi Hari,0970686542,yhari@yahoo.com,373 Panchal Path,Mumbai,289078
b-227,ef11b897-39f6-4779-a5ed-da1ca8661b92,Aahana Hora,09920534233,,371 DuaS treet,Bhopal,738049
b-228,7025c260-4448-4010-a9a6-5c5f9f01ff40,Faqid Goel,7132880663,fgoel@hotmail.com,395 ShettyC howk,Chennai,382739
b-229,1fdfdce5-2849-4561-b8db-633ca4a39dec,Saumya Naidu,6917769032,snaidu@outlook.com,318 Dora Path,Hyderabad,307092
b-230,d0ce01d8-5ea4-4f37-abb6-1c81971f1845,Chavvi Maharaj,9607668446,cmaharaj@yahoo.com,76 Bhalla,Ahmedabad,187790
b-231,120566a8-b3b9-4556-936d-d101b7c9679c,Triya Seth,7059085708,,453 Bhandari Nagar,Bengaluru,503611
b-232,ad9a1e8a-516c-4750-a689-0deed8e88b34,J. Mangat,9222212637,jmangat@rediffmail.com,380 Chana Zila,Bombay,647926
b-233,fb48c6b4-9055-46c2-9c0d-634afc0315a4,Shivani Guha,7362119921,sguha@vgmail.com,479 Soni Path,Kolkata,175205
b-234,50733160-e0c3-4eb6-828d-6a98ef050da8,Smt. Yachana Dora,8376410923,ydora@rediffmail.com,128 Seshadri Nagar,Bengaluru,708416
b-235,1d0023eb-fcaa-4655-a732-6fcd96decc54,Hsrshil Oza,76117-68292,,81 Thaman Zila,Bengaluru,506168
b-236,3cd5de1f-557a-426d-9721-e73b7ad6aee6,O. Baral,6161252166,obaral@rediffmail.com,472 Sarma Ganj,Gurugram,508760
b-237,03cce109-a7d7-4460-8e60-1f04fc88a74d,R. Viswanathan,8027575850,rviswanathan@gmail.com,388 Dutt Circle,Jaipur,188484
b-238,750ade25-c75c-42db-a85f-cf4b41ff0c2f,Er. Januja Pradhan,+91-79002-84607,jpradhan@gmail.com,356 Ram Road,Jaipur,255721
b-239,8d395457-ec56-490a-a126-bf203d14f4dd,Linbi Mander,9629661759,lmander@hotmail.com,339 Doctor Road,Jaipur,168974
b-240,c62d8e7c-6e19-4eb3-a8b6-5b37704cdba5,Inaya Mukherjee,+91-68115-22160,imukherjee@yahoo.com,27 Dayal Marg,Nagpur,754309
b-241,cfe910d0-228f-4bea-b144-d9bd34983ea6,Frado Mukherjee,7550515957,fmukherjee@yahoo.com,461 Puri Circle,Gurgaon,449247
b-242,9e62992c-ce7b-46b3-914a-76f8cef567ca,Falguni Datta,9400202190,fdatta@outlook.com,176 Chander Circle,Ahmedabad,
b-243,b4eef4d5-94f4-4446-9666-088aecb8d6cf,Trivedi Pallavi,81872-36082,,165 Badami Path,Nagpur,631191
b-244,15339a58-3d6b-477b-bc3f-062be33e7970,Janani More,7611789641,jmore@yahoo.com,324 Kala Stfreet,Bengaluru,
b-245,1e9e1e3e-a9ab-4e5a-83bb-a2b7e6df7352,Harita Sunder,6530510149,hsunder@yahoo.com,143 Kara Ganj,Kolkata,200910
b-246,9b895810-7e69-433a-8b8b-d67f58d05330,Baljiwan Nayar,6000162004,bnayar@ymail.com,170 Deep,Delhi,608784
b-247,12a39891-b622-41b4-b7b1-178e0a24dfd1,Krisha Dube,7932993516,kdube@rediffmail.com,355 Golla Street,Nagpur,787069
b-248,b33c8eba-7916-4b94-a08e-a98b0e41d77d,Janya Khanna,6614001443,jkhanna@outlook.com,360 aMne Chowk,Chandigarh,674857
b-249,91b3a079-aa62-4551-a00d-317242398541,Kaur Saumya,6937948410,skaur@gmail.com,571 Khare Circle,Kolkata,538283
b-250,24292ce3-203c-4881-a417-43944be51839,Yadavi Wable,9718562894,ywable@gmail.com,424  Edwin Marg,Nagpur,490631
b-251,91d40f90-749a-44e2-bc09-89ce94add64a,Ryan Devi,72600-24313,,622 Ben Road,Bombay,949730
b-252,d57723d4-218a-47cb-bcea-1b2384a7f196,Vasana Prabhu,6378311165,vprabhu@hotmail.com,336 Chauhan Circle,Bhopal,568693
b-253,739e1503-300b-4629-ba9d-215ddf0bdb81,Manan Sarkar,7631340850,msarkat@ymail.com,427 Kapadia Zila,Jaipur,724639
b-254,ab98a565-49a6-49b2-bf66-993d7c3f5ff9,Chatresh Randhawa,8695995422,crandhawa@ymail.com,70 Prakasg Circle,Ahmedabad,282409
b-255,dc372db9-42c6-4e19-b60f-f7c92424aaa8,Udarsh Bala,7908884532,ubala@hymail.com,253 Chaudhary Path,Pune,571080
b-256,dc7a55df-198d-43e0-bc6c-25b1f0409eec,Bhavini Sodhi,7326143135,bsodhi@rediffmail.com,44 Singh Street,Delhi,874690
b-257,8cf57dfd-fd4a-4b54-82b0-7d7137cb8452,S. Ahluwalia,8515994270,sahluwaliq@gmail.com,281 Bahl Zila,Pune,839451
b-258,6b28f062-ed6d-4749-92ed-1abb45c156c0,Charvi Dara,6900072447,cdara@hotmail.com,4 Khare Nagar,Delhi,943807
b-259,6b7a25cb-daad-458d-8f0a-d7772825d568,Oni Shankar,6633437984,oshankar@outlook.com,224 Choudhry Zila,Bombay,
b-260,8f460e57-cc9c-4ab4-8cd7-c814f85f9cd6,Wason Xalak,8488491925,,221 Varma Nagar,Hyderabad,
b-261,d037464b-9bc4-4896-8133-1ffec764a200,Wyatt Dhaewan,8617263772,wdahwan@outlook.com,249 Sanghvi Road,Bhopal,606683
b-262,22dc829c-4071-4eae-9c86-cf763adc2f47,Chada Rachit,7066970574,rchada@hotmail.com,405 atel Circle,Nagpur,613457
b-263,6b4a49d9-6960-432c-af25-fe111814198b,Ekansh Vora,8719294987,evora@ymail.com,305 Tripathi Circle,Ahmedabad,963165
b-264,5936daad-f753-4c1b-b227-afee59a14d27,Bahri Yashica,8568815375,ybahri@ymail.com,216 Singhal Marg,Chandigarh,788838
b-265,bc18554c-8551-4acb-a13c-939b30a7713a,Ram Caleb,9440900401,cram@outlook.com,352 Kulkarni Path,Hyderabad,853854
b-266,c3d10b23-b179-4c54-a53b-3ea7c0519078,Amol Parikh,9123386558,aparikh@hotmail.com,113 Pai Zila,Cochin,632958
b-267,bad3d025-8100-4c84-bc90-c647db29df4a,Wridesh Chawla,9911284865,wchawla@yahoo.com,172 Natarajan,Pune,
b-268,c95b6a13-6aba-4de7-ae3a-66e3b9d9372f,Kiaan Basu,9459564557,kbasu@outlook.cm,262 Nigam Path,Bengaluru,819195
b-269,b41bb6ff-a48a-4423-ae73-ad3b51f49a4e,Parth Shetty,7878045823,pshetty@yahoo.com,381 hGopal Chowk,Delhi,976012
b-270,aa41a00b-687a-47c4-a198-30a00509c2ca,Bhatnagar Krishna,07353184277,,37 Bansal Chowk,Bhopal,501158
b-271,5f067663-a27a-474a-9880-0a725f42cbcd,Chaaya Jaggi,8739889314,cjaggi@rediffmail.com,38 9Iyengar Nagar,Lucknow,461528
b-272,0dba9e4f-2815-47f3-8ead-173d667f3570,Benjamin Mutti,6840204958,,441 Varma Road,Bangalore,395263
b-273,17c65d57-cff1-468f-b1b5-8fc6c6089ae2,Garima Mahajan,7956227418,gmahaan@hotmail.com,334 Pillai Zila,Chandigarh,388525
b-274,be2d80a8-e87d-4c2d-9c3e-52709d19430d,Grover Harinakshi,6228556270,hgrover@gmail.com,408 Tank Chowk,Jaipur,839913
b-275,384c26e9-74fd-4a4f-a6bc-4e8a4d9c0134,Jhalak Venkataraman,7323224872,jvenkataraman@umail.com,105 Butalsa Road,Cochin,780289
b-276,59e807ea-9957-49e8-820c-1a7a6e00d8e3,Panini Brar,9061846850,pbrar@yahoo.com,107 Gole Marg,Gurugram,
b-277,265d95e0-cd56-470d-b222-cb0f4f35e4bc,Prof. Falak Merchant,6397783395,fmrrchant@yahoo.com,139 Sehgal Roade,Gurugram,
b-278,87961e9b-a986-499d-a7f8-b059c919a461,Ganesan Pooja,9474017053,pganesan@hotmaio.com,476 Panchal Chowk,Bengaluru,253902
b-279,7fddb497-865f-410c-9c03-c27bc3d75706,Sanya Basak,6660752794,sbasak@yahoo.com,10 Saran Path,Kochi,
b-280,057729a9-518e-4e54-a972-ae3dec398bab,Anvi Bhandari,8802459650,abhandari@gmail.com,77 Ravi aila,Bengaluru,487023
b-281,adb2d5e5-2ff6-45d5-9990-9d616eb2f2ba,Varghese Januja,9778179957,jvarghese@ymail.com,426 Balasubramanian Street,Chandigarh,495131
b-282,e0f4e8b8-199d-49d1-8e7c-44c75d80a2cc,Luke Sarma,9954165568,lsarma@gmail.com,216 Date Naga,Pune,821620
b-283,d5f2f5a8-1862-4394-8981-61e71299d32a,E. Keer,8257175929,ekeer@hotmail.com,287 Pathak Path,Chandigarh,965696
b-284,cb2fb326-5221-49fc-92d3-0b7a50feb053,Ms. Faraj Devan,8433422209,fdevan@yahoo.com,83 Peri Circle,Madras,776180
b-285,f982ea4a-fc0c-42a1-a491-dba70d759bf0,Mitali Murthy,8280478523,mmurthy@yahoo.com,331 Krish Road,Pune,179551
b-286,74dd498b-f415-4fa6-85cc-d97dbea142c7,A. Lad,6263008115,ala@dgmail.com,326 Kala Chowk,Lucknow,728329
b-287,b931b68e-0022-4507-baf2-5d8cd93312b9,Sai Chahal,06216886746,schahal@gmail.cm,269 Palan Path,Nagpur,485032
b-288,4c7bcec8-5a04-4b69-904b-de908edd5d78,Dhruv Mannan,7213896664,,310Dugar Road,Hyderabad,590484
b-289,8af5b6dc-6ea5-49a4-95c9-a183bfa112a7,Pathak Owen,06476907742,,341 apur Circle,Delhi,361278
b-290,b6786c87-7162-4c6c-a736-a18129361747,Smt. Jairaj Iyer,6985376752,jiyer@gail.com,142 Khals Street,Mumbai,647315
b-291,1347356f-196a-4914-a171-1204eea64f78,Wakeeta Bal,9346223814,wbal@rediffmail.com,353 Pillay Path,Nagpur,430068
b-292,b94d582a-85b3-4f9e-8942-52ab63169077,Dayal Unni,9603295325,udayal@gmailc.om,129 Chadnha,Chandigarh,125397
b-293,f5fcd227-2724-43f3-ba33-c32481671d05,Dominic More,9211815964,dmore@yahoo.com,1 Srinivzas Marg,Chennai,433565
b-294,acd30194-a6f7-44fc-a1d3-201688b971d9,Nirja Rout,7759478429,nrout@yahoo.com,20 Borag,Chandigarh,476727
b-295,f17125f3-4e9f-4d9e-98cd-17be26e1a14f,Jeremiah Nadig,+91 72518 64575,jnadig@ymail.com,462 SenguptaZila,Chandigarh,936036
b-296,483cd31a-0292-465f-9117-7d811a7122ab,Unnati Varughese,9151417877,uvarughese@yahoo.com,265 Dave Path,Bglr,460059
b-297,49839358-0763-4e45-9c05-46ec4b8fb210,Dash Christopher,8953674428,cdash@ymail.com,88 Dua Circle,Delhi,
b-298,3ed5b212-5162-45ed-8243-872f6dd7e2d1,Umang Pal,7024326447,upal@gmail.com,810 Mander Circle,Bglr,645701
b-299,88969a4b-31d6-4c1d-9a7f-e86ca6dba655,F. Krishna,8812832708,fkrishna@ymal.com,42 Maharaj Ganj,Chennai,391650
b-300,b6fa221b-afcc-460e-b91c-5e653de0c556,Mitter Jeremiah,09771005291,jmitter@ymail.com,334 Walla,Nagpur,668525
b-301,deadb03d-8287-454d-a027-d489f3911891,Mann Widisha,7731167239,wmann@ymaol.com,207 Subramanian Road,Bombay,862024
b-302,c34a05ee-2a67-4a8c-9342-020bc90bca6c,Yash Ravi,7714126229,yravi@yahoo.com,95 Setty Road,Chennai,159250
b-303,f3b38131-c1fd-466a-bee0-9b50fe6aa06c,Shri Elijah Bhasin,8628490378,ebhasin@yahoo.com,490 Sarraf Street,Jaipur,327871
b-304,48d8c882-a072-492e-8037-e55a2ceaa4c5,Ojasvi Sule,9294666646,osule@ymail.com,195 Jani Chowk,Bhopal,759294
b-305,a9a2e15d-f001-4e15-af5c-afb759f5e470,H. Rastogi,+91 66974 52623,hrastogi@yahoo.com,168 Prabhakar Street,Gurugram,725833
b-306,735913f4-79cf-4a1e-8b47-2665bee9a76c,Yutika Cherian,8154468381,ycherian@yahoo.com,156 Khurana Path,Nagpur,262796
b-307,6f450448-f994-49bc-8099-f9b1df4106d1,Unnati Das,9777145211,udas@rediffmail.com,328 Sengupta Road,Chandigarh,537309
b-308,34be468a-efd3-48e1-aa60-58ec3043234c,Bina Rajagopalan,6941332271,brajagopalan@yahoo.com,234 Sahota,Jaipur,
b-309,15ff498f-eca6-4a78-b159-4b4e6bca4550,Ranveer Dutta,8163659425,rdutta@oyutlook.com,220 Vamra Chowk,Delhi,292904
b-310,49fb92b5-05e9-4f2c-ad8f-b3cb62357ba2,Chnaakya Bedi,7151530150,cbedi@ymail.com,379 Talwar Road,Lucknow,145059
b-311,f895beb0-4dde-45c9-ace9-616f48b2d113,Upma Mangal,8700354420,umangal@gmail.com,50 Anand Circle,Hyderabad,100373
b-312,3cc25ee8-aee8-4109-9dc8-32123d05e4ad,Hritik Sankar,6453444750,hsankar@gmail.com,205Lalla Street,Pune,987077
b-313,f594b63f-6e15-4bb6-adcd-f70413e334fd,Jasmit Rau,6656258331,jrau@outlook.com,17 Bath Path,Pune,307568
b-314,3a5f678d-4d0a-4d9b-bd8f-fcd5a966dee6,Yamini Seshadri,6011094204,yseshadri@rediffmail.com,497 Mammen Circle,Chandigarh,686987
b-315,d52f65ce-f529-4fd8-afa9-161b6b7ed717,Jagat Dave,8910861816,jdave@yahoo.om,36 RameshZ ila,Delhi,992703
b-316,676903b3-1657-4c3d-a538-505bb15ae610,Kashvi Nori,8972160547,knori@yahoo.com,381 Pau Circle,Lucknow,
b-317,fa283daf-9086-4b77-b6d4-852e1cd7b04e,Maanas Issac,6559106301,missac@ymail.com,128 Upadhyay,Pune,
b-318,0b653fde-16d3-4276-b5d3-78894b7247a0,Balvan Devan,6473770614,bdevan@hotmail.com,403 oSm Path,Nagpur,721100
b-319,8a80929d-1a37-43c8-a7c4-3721d32a700a,Mistry Vrishti,+91 79882 57909,,65 Badal Chwok,Bengaluru,557383
b-320,4302b610-94d3-4c31-bb11-2e13a29021c3,Narula Jyoti,6999259961,jnafrula@gmail.com,130 Saha Zila,Bhopal,940336
b-321,eef2c678-1a5c-4540-a892-bfb6cee0f02f,Darika Bala,9442415952,dbzala@rediffmail.com,410 Som,Jaipur,566097
b-322,954ea0a0-ab2e-4306-9aff-3585720225e1,Alka Kari,+91-77021-35137,akari@ymail.com,8 Srinivasan  Nagar,Nagpur,
b-323,a6caaa04-4582-42f4-83f9-62062511bdcb,Rayaabn Bahl,6693084086,rbahl@gmail.com,130 Murthy Chowk,Bhopal,947418
b-324,8ba979e4-fe3b-423d-8db1-09b15a47d7db,Nirja Thaker,8485190665,nthaker@gmail.com,246 Sinha,Bhopal,755106
b-325,cc62f251-4e51-464c-bd9d-9e39a8b48e37,Dipta Ghose,6477178209,dghose@outlook.com,388 Walia Chowk,Jaipur,289306
b-326,bed63ec7-9a6d-4fae-a63e-4acc9bb460c7,Rehaan Koashy,8035461573,rkoshy@gmail.com,424 Misra Road,Ahmedabad,322939
b-327,398701e0-2228-4bc1-b780-d629cdc8137e,Umang Mishra,6527495594,umishra@homail.com,186 Johal Road,Gurugram,558486
b-328,54b79303-8a2d-494a-837c-92000f6d74ad,Vrinda Nadig,6772162979,vadig@outlook.com,469 Palla Chowk,Hyderabad,682029
b-329,a199ce2f-4248-4591-84d5-5a2339597d24,Anusha Mani,7625622352,amani@hotmail.dcom,272 Raghavan Zila,Ahmedabad,358902
b-330,a68a3e91-e28c-44cd-b324-28d447764662,Megha Pai,+91 69389 88137,mpai@outlook.com,3 Mannan Street,Kolkata,357859
b-331,e00f111c-960a-45e7-9753-437589f936af,Brijesh Mai,7334023186,bmani@ymail.com,281 Pal Zila,Kolkata,378599
b-332,dc6513a9-2721-4254-9eb0-29879823513c,R. Kunda,7257018596,rkunda@outlook.com,449 Kala Chowk,Hyderabad,544855
b-333,15e08d75-7daf-4ae2-9e9a-cba2758f63de,Xavier Bedi,7163582684,xbedi@yamil.com,224 Kara Circle,Bengaluru,943431
b-334,83992fdb-7e4a-4f17-9d5f-43c506062b72,Sodhi Ganga,97102-03940,gsodhi@hotmail.com,110 Devan Zila,Chandigarh,290785
b-335,93260e30-8e17-4762-9257-9dc1d3aac41f,A. Dugar,7767401437,,430 Soni Marg,Bengaluru,705820
b-336,a91a646e-b65d-4fdd-8a43-6d4c84c1029e,Vansha Iyengar,08758891512,viyengar@yahoo.com,323 Nagi Road,Delhi,776669
b-337,4fa9d18e-a4db-4b0c-9ba0-64b9811f7bf7,Smt. Bhavika Bhargava,6705497984,bbhargava@rediffmail.com,16 Kata Zila,Gurugram,982277
b-338,b904cf80-d9ad-4a1d-92d8-0d178a0c3b05,Baljiwan Gill,6956763568,bgill@hotmail.com,251 Goda Marg,Kochi,855942
b-339,1526547e-4641-4724-9e4b-035b946e4886,Balhaar Rajganathan,9711390104,branganathan@ymail.co,342 Grewal Chowk,Lucknow,
b-340,6e59cda4-2440-402f-8a6c-30e2171d13da,Nicholas Shanker,9796657054,nshanker@ymail.com,37 Grewal Road,Gurugram,951449
b-341,20758b2e-790b-40ea-a4d1-da54a6983903,Mrs. Akshay Nazareth,07970242198,anazareth@hotmail.com,108 Hans Road,Kolkata,884534
b-342,e0086a49-b4b7-4c95-94b1-d222fc14e679,Flaak Chadha,91843-06748,fchadh@yahoo.com,276 Chandran Marg,Mumbai,194959
b-343,f431f91b-0c6d-40a2-b029-739f32c20047,Qasim Dey,7652269769,qdey@ymail.com,253 Naik Chowk,Jaipur,600887
b-344,54347acd-cb0a-4673-995b-5120f06358ae,Apte Chasmum,9691273842,capte@ymail.com,275 Parsa Road,Delhi,
b-345,a32ba6af-3ecc-4bd2-8c5e-9beaf3386168,Prof. Warinder Bhatia,7784811954,wbhatia@gmail.com,145 Shroff Zila,Bombay,696961
b-346,db3a1146-e57a-45af-a613-53288d5bf472,Damyanti Dutta,6451458933,ddutta@ymail.com,346 Thakkar Marg,Pune,246967
b-347,306dda13-1871-46c9-b91b-e8df8d9183b7,Deepa Dalal,6820661014,ddalal@gmail.com,351 Pillai Road,Delhi,
b-348,9b30fd73-5274-426b-8482-48db061e17c6,T. Kanda,06373779330,tkanda@yahoocom,140 Sridar Street,Nagpur,945306
b-349,864b7466-832e-442b-848b-7e7a78efbe3c,Michael Sha,+91-77247-78433,msha@rediffmail.com,210 Prakash,Kochi,104691
b-350,6d452291-cc0a-4c10-8664-9c31e686a4d9,Dr. Yug Bumb,6034742264,ybumb@ymail.com,220 Sekhon Circle,Pune,494937
b-351,b23ac99c-dac2-48c5-a403-f61190df78c4,Janaki Brahmbhatt,8053244157,jbrahmbhatt@yahop.com,483 Choudhury,Hyderabad,
b-352,fdffdf57-fb07-48a3-b8ca-963cff057ee2,David Tiwari,9220674134,dtiwari@ymail.com,62 Yadav Ganj,Hyderabad,739128
b-353,7c265932-5fc6-473f-8903-a1875f0d8707,Riya Dada,6205456389,rdada@gmail.com,460 Suresh Ganj,Delhi,596214
b-354,a8fc9eee-70a3-4652-95e9-6c806d95d2dc,Gavin Uppal,+91 78925 44694,guppal@gmail.com,458 Bhakta hCowk,Hyderabad,
b-355,b157df36-10fe-448c-b515-9cb5f787560b,Deo Sudiksha,9851462560,sdeo@outlook.com,369 Sagar Circle,Ahmedabad,533077
b-356,97b3f814-9e85-47c0-8602-9246dbaa63c5,Tanmayi Bhardwaj,76004-90704,tgbhardwaj@hotmail.com,234 Shere Circle,Lucknow,333769
b-357,5555a351-ea23-46b6-a18a-e5bf3e9fac59,Darika Bains,7699925399,,82 Kumar Marg,Lucknow,
b-358,031e95d0-a487-48f7-aa70-ccba17775c14,Chakradev Samath,9575412403,csampath@hotmail.com,236 Bhat Path,Ahmedabad,711262
b-359,e3e1cbf0-9696-41a8-8141-936d18675e07,Darpan Biswas,+91-84445-15268,dbiswas@outlook.com,194 Balay  Chowk,Pune,756919
b-360,a42037aa-29a4-4460-8475-3bb4742c10fb,Bhavini Rege,6759595374,brebge@yahoo.com,237 Deshmukh Street,BLR,299337
b-361,ea88a34c-59f5-430a-bc89-aaaea20e949b,Osha Prasad,7819487791,oprasad@outlook.com,50 Sen Marg,Pune,365711
b-362,3c7e01e1-27fd-4570-9099-cb6c547690a5,Krishna Prashad,7688040828,kprashad@gmail.com,8 Zacharia sZila,Gurugram,258604
b-363,883782c6-ff2e-4608-9dd3-a133edf5ce5e,K. Pall,7239351164,kpall@gmail.com,374 Gokhale Zila,Delhi,721715
b-364,51a8e43c-8a56-4d34-ac7c-4971f90c15eb,Aarush Bajaj,9229786815,,199 Sheth Road,Ahmedabad,
b-365,127bce38-5315-4e93-a2ba-30aea48c4d52,Panini Wali,7525625752,pwali@outlook.com,396  Karpe Marg,Lucknow,414416
b-366,c9ed6fd8-9a1b-4bd4-a7fb-ea1bf5a0b01b,Yug Sharma,+91 75195 76337,ysharma@ymail.com,64 Dubey Path,Hyderabad,899971
b-367,42b3dde0-d861-4c24-a880-cdb5d8e55afd,Oni Babu,8687774628,obabu@yahoo.com,442 Jhaveri Ganj,Kolkata,988495
b-368,dc2e2c63-cda0-42e8-afc0-f0f0796b38df,E. Chaudhuri,+91 95126 42712,echauhduri@hotmail.com,20 Bandi,Jaipur,406309
b-369,b0d93329-edc2-48ba-a757-984604157d92,Bava Sanya,93716-59149,sbava@hotmail.com,329 vasu Ganj,Delhi,158383
b-370,6a04d5a7-e2aa-43a8-9707-eeb0d9b78394,Bimala Kaur,7699558054,bkaur@rediffmail.com,400 Nagar,Bengaluru,320619
b-371,4a52343e-4791-4114-9f20-645c94100eac,Ekani Khalsa,8628962924,,260 Dhar eoad,Kolkata,356071
b-372,4dddf85a-85ff-4ca9-b1ab-729860c37751,Eiravati Saha,6292140382,esaha@rediffmail.com,245 Dixit Marg,Lucknow,598539
b-373,5e0951c4-b067-4da3-90aa-a82a1d434bf0,Charita Puri,6949356325,cupri@outlook.com,131 Yogi Street,Calcutta,925137
b-374,84a82288-da41-4013-a34f-51346673b1f7,Urvashi Khosla,6676687842,ukhosla@yahoo.com,306 Mital Ganj,Bengaluru,
b-375,4d9a62eb-f681-4f5f-b9eb-05d7cc3cf988,Sheth Maanas,6028574469,msheth@hotmakl.com,298 Sachaf Nagar,Kochi,779479
b-376,25418906-8897-4f1c-a9aa-e8012edfa9d9,Wagle Omaja,8363674437,owagle@ouflook.com,258 tRama Street,Bhopal,521031
b-377,ff926fe2-f038-4df3-8d54-53c33a08fd20,X. Kumer,6753621387,xkumer@yahoo.com,281 Narayanan Ganj,Chandigarh,
b-378,e87ba4d4-4ce2-4ef7-8ff0-bb28a20cd5a3,Farhan Sengupta,6136342195,fsengupta@yahoo.com,405 Chanda Path,Kolkata,296747
b-379,9dfb5083-b3fe-4cfb-b19e-a29f8bfaa80a,Bora Balveer,6517193412,bbora@ymail.cm,142 Kalla Ganj,Lucknow,557405
b-380,c900fcfb-70a0-459d-8cab-2b39d85c0266,Varenya Joshi,72532-43249,,299 Mitter aPth,Hyderabad,448167
b-381,c794fa57-3e70-4073-8981-465df571f51d,Kibe Varenya,9947982840,vkibe@rediffmail.cm,417 Jayaraman,Pune,566049
b-382,e406684b-3dbc-49ac-ad3c-d605aedf98e0,Mekhala Khatri,8069668982,mkhatri@outlook.com,09 Nagy Circle,Nagpur,120352
b-383,a103f82b-9d79-4e6c-b0da-b59ce3fb1cc0,B. Rai,9248182556,beai@ymail.com,175 Walla Chowk,Lucknow,768801
b-384,efec9281-29c5-46b2-87a8-649f0cdd588f,Prof. Jagrati Morar,+91 90109 16879,jmoarr@gmail.com,204 Parsa Road,Gurugram,405964
b-385,5487acea-3425-4a81-af25-01fa1a04172e,Yochana Tank,7257450641,ytank@yahoo.com,390 Chaudhzari Chowk,Delhi,195827
b-386,5ff1350a-465b-4ddb-824b-363a14cd3357,Mr. Upasna Nagarajan,6623428955,unagarajan@gmail.com,117 Prabhakar Ganj,Delhi,937058
b-387,d6ee59e5-f9b1-48c6-aad7-bb7b1c996195,Dhriti Sachdev,08055379233,dsachdev@ymail.com,39 Kant Nagar,Chandigarh,741960
b-388,a727f400-97c8-486b-a7f4-2253c385de86,Madhav Babu,7061094621,mbabu@gmail.com,177 Sahjni Road,Bhopal,
b-389,29d51aa6-c671-4b4e-8b0d-c6bbd8af5580,Mrs. Chakrika Dua,+91-70399-49518,cdua@hotmail.com,306 Narayan Ganj,Jaipur,377588
b-390,63d2fe0b-04e2-45be-84ef-a42cf4c42ae4,Victor Raghavan,8228367867,,471 Korpal,Hyderabad,368122
b-391,40f8bb12-4f21-4ce6-8116-81737a878cde,Qarin Bhargava,7316090391,qbhargava@gmail.com,37 2Bandi Circle,Chennai,367856
b-392,ad02f84a-409c-4012-8c87-671ff4dae47e,Falan Bava,9793454236,fbava@gmail.com,168 Sacha Nagar,Kolkata,227022
b-393,40922301-7bb5-435b-a4c5-663134107217,Laksh Kashyap,8804144749,lkashyapg@mail.com,27 oDra Zila,Bombay,410413
b-394,afcf232f-b394-4a65-aa83-911b4a9644b4,Aditya Kamdar,9092434775,akamdar@outlook.com,364 Shah Circle,Kolkata,
b-395,d02c2fa7-413f-4f0b-9b60-6782210bbc6a,Kashvi Bhasin,8219213929,kbhasin@hotmail.com,431 Subramanian,Pune,673549
b-396,ec2271c0-bd90-4a96-9384-35e094cb3bff,V. Babu,6680460320,vbabu@rediffmail.com,222 Wali Nagar,Kolkata,594988
b-397,fd5142d3-ac82-44da-b3f5-15dc7dc15f69,Anvi Wason,+91-78819-14496,awason@ymail.com,298 Badal Road,BLR,758383
b-398,5c950455-9ce6-45a2-b092-c772e5c2bd8a,Gopal Viswanathan,6721765835,gviswanathan@outlook.com,370 Khosla Street,Hyderabad,953280
b-399,4ef1b117-fc78-4abd-9a38-d48db419cf12,Rehaan Vyas,8979529623,rvyas@yahoo.com,41 Pandya Road,Chandigarh,454288
b-400,0954162f-282a-45f5-9ce1-21487f0c3661,Amara Ranganathan,8531036095,aranganathan@yahoo.com,481 Peakash Zila,Lucknow,777835
b-401,56af2e9a-e8cf-4640-a1c3-d5ebde3f0ac5,pUkaar Mital,67688-30315,umital@gmail.com,461 Balay Zila,Delhi,545295
b-402,a4f18dc6-6022-4c54-a0ac-efb195db64b8,Girik Ravi,7572722414,,140 Purohit Marg,Pune,231856
b-403,15be514c-93b4-4460-a448-c511e797c8b2,Vamakshi Bhalla,9228360687,vbhalla@outlook.com,424 Garg Nagar,Lucknow,342396
b-404,ce42a4a6-6123-45c7-b9fc-83e7c1c6b04b,Fitan Tata,81672-49475,ftata@outlook.com,313 Narula aMrg,Kochi,
b-405,734d6624-ffaf-49cb-b395-72e6e3c53c7b,Wable Girish,8346328360,gwable@gmail.com,424 Karpe Nagar,Bhopal,665075
b-406,a01e3dff-2ecf-4dd2-9b72-bc0765bc7d97,Siddharth Soman,9243708035,,245 Batra Road,Bhopal,484503
b-407,c5071838-d08d-4ace-8953-5bb2a832fce6,Falan Mand,8562267125,fmand@rediffmail.com,101 Bali Circle,Jaipur,161402
b-408,236720ee-bcf1-4736-8d39-d78f38811f70,Er. Praneel Murty,6210760114,pmurty@hotmail.com,145J ohal Nagar,Gurugram,957949
b-409,ed1616b0-a6ba-4318-a333-740a745b4984,Shri Maanas Rao,9041464332,mrao@yahoo.com,187 Mistry Zila,Hyderabad,843210
b-410,38abd529-5239-4fc1-9245-fc39935ca080,Nicholas Khosla,7637115375,nkhosla@hotmail.com,80 Ramachandran,Kochi,332845
b-411,33c90108-6065-4720-91c9-bef5ada2be74,Garima Rajagopalan,7176351772,grajagopalan@hotmail.com,167 Brar Street,Chandigarh,908050
b-412,54e84ebb-304a-4644-815a-831780ffb881,Rajeshri Kata,9160304863,rkata@hotmail.vom,184 Oak Zila,Chandigarh,681698
b-413,5c561fbd-f45b-4c48-9153-e5f58102d179,Mekhala Narain,6097101381,mnarain@rediffmail.com,1 Mahajan Nagar,Chandigarh,529422
b-414,bd8b5cbf-c3fd-46e5-8a77-af2c49de10f5,Mr. Shravya Swaminathan,+91-94375-64000,sswaminathan@outlook.com,257 Parekh Ganj,Delhi,318632
b-415,fd2ff0a1-61e3-45a5-ab2e-1c10cbbbb19a,Frederick Merchant,6381741956,fmerchant@gmailc.om,186 Borah  Ganj,Gurgaon,365347
b-416,5680b5ff-2fa9-4dc2-ad19-a306b4c5ac16,Fitan Loyal,6960192045,floyal@outlook.com,329 Rai Street,Nagpur,807744
b-417,d5b37f69-bc8a-47a0-ba54-f2be11a93e80,Mitesh Ramachndran,7930829788,mramachandran@gmail.com,313 Patel Path,Bangalore,
b-418,ce06674e-8ec2-483a-aef0-050694b1898d,Hredhaan Chand,+91-88283-48329,hchand@ymail.com,156 Morar Nagar,Delhi,924698
b-419,bf56222b-56e9-417a-8209-6866fe921bdf,Mr. Sai Parsa,6556146385,sparsa@hotmail.com,16 Chaudry Road,Calcutta,
b-420,aa861d48-b59c-45da-938c-4dea30da4fee,Saumya Vala,6656421244,svala@rediffmail.com,27 Chauhan Marg,Madras,498466
b-421,05e13299-8bd0-4e6f-867c-929960017f0a,E. Rajan,07264370096,erajan@outlook.com,8 Manne Nagar,Gurugram,507956
b-422,779cefed-e700-4342-8910-255dad31faa0,Smt. Omkaar Rai,8288353362,orai@gmail.om,130 Dewan Street,Chennai,
b-423,7bdcc6d9-bcdd-40b9-8122-8cc0d2cade77,Madhav Bhatnagar,8388301195,mbhatnagar@rediffmail.com,116 Saarn Street,Bglr,716613
b-424,b68f4eea-8518-4908-a2a9-e96965ac1e2e,Faraj Patel,7672550952,fpatel@ohutlook.com,339 Koshy Road,Lucknow,470326
b-425,1a6c7a8e-0d4a-4211-8cfe-bb0e6559cc79,Warhi Hayre,7954028495,whayre@outlpook.com,215 Chhabra Chowk,Jaipur,
b-426,f2538ba0-9d48-4cdf-9548-123a81827e26,Krishna Modi,7276047729,kmodi@outlook.com,219 Randhawa Nagar,Jaipur,595779
b-427,0837b56b-0065-4c26-968b-35124f9b75db,Sani Gaurika,8670063247,gsani@yahoo.com,486 Deshpande,Lucknow,
b-428,305106cc-7884-42a1-be0c-b1c8f26a6d0d,Charita Nagi,8521740151,cnagi@hotmail.com,63 Iyre,Mumbai,477066
b-429,e64425e2-e9c8-4521-9f05-e5714314c9bb,Varenya Murthy,8827580942,vmurthy@yahoo.com,492  Rao Street,Hyderabad,340854
b-430,8a5c29bf-5ebc-4cbd-bfd5-246ba0680086,Eiravati Manne,7329279771,ekanne@gmail.com,391 Kibe Chowk,Jaipur,270131
b-431,fc463ca8-9f99-4db1-8c87-10d530c92ff8,Eshana Puri,8110296925,epuri@ymail.com,176 Ramaswqmy Road,Bengaluru,361925
b-432,48cafb93-aab5-4f49-9a67-22c19de07b62,Janya Comar,9636525695,jcomar@gmail.com,493 Iyenga,Lucknow,624279
b-433,26f1e011-4481-44a4-aeaf-fd3143dda5f6,Mr. Pranit Bala,9538175848,pbala@gmail.com,379 ladakia Chowk,Hyderabad,
b-434,c568854a-e784-4d2c-834b-b71fcf68a395,Raksha Manne,9250125581,rmanne@rediffmail.com,3 Rege Zil,Gurugram,194154
b-435,25a74b89-f1fa-4e16-bed1-1f6a7929c9ce,Xalak Dewan,+91-95038-00809,xdewan@rediffmail.com,332 Khurana Road,Bhopal,700278
b-436,2bcfa0af-53c2-40a4-911d-a91a124ed066,Z. Dube,9706657853,zdube@ymail.com,481 Purohit  Marg,Bhopal,
b-437,e0278d11-97f3-47ac-9e7a-89e3e4f340ff,Ethan Sen,9291091773,esen@gmail.com,154 Srinivas,Chennai,563403
b-438,1d1136b8-a027-4d07-aa5c-eda3031a48dd,Balhaar Parsa,6498696091,bparsa@hotmail.com,119 Chada Circle,Bhopal,775042
b-439,454dc69d-aea0-48a4-85cb-ff59f52737d5,Hitesh Anne,9373984649,hanne@hotmail.com,418 Kuruvilla Zila,Mumbai,322234
b-440,040a34b5-3a7f-43aa-a909-8a8cddc9dc5c,Uppal Tristan,9188295323,tuppal@gmail.com,345 Kant Circle,Gurugram,833761
b-441,cd22d1bc-5e00-45cf-9cf2-14e11a38acf8,S. Prasad,06398914185,,46 Sheth Marg,Kochi,884243
b-442,54757990-ee6b-409d-b627-3e821d55d156,V. Cheema,9565384766,vcheema@rediffmailc.om,368 Sagar Road,Ahmedabad,645497
b-443,e899d3ad-d5cd-4182-9b2d-6fb7c0ccd07d,Frederick D’Alia,8783037857,fd’alia@gmail.com,322 Pall Street,Kochi,890992
b-444,23adc2ab-98b8-4de2-a33c-624cfd4eaed2,Vasudha Pall,7414672355,vpall@rediffmail.com,195 Chatterjee Chowk,Chennai,508207
b-445,9debcc32-5944-4945-bbaa-82607bd365f0,R. Sethi,8752098858,rsethi@hotmail.com,38 Bhavsar Pth,Delhi,400952
b-446,3f81507a-6000-4b8b-b29c-7d9bad309170,Ganga Sandhu,7665251410,gsandhu@gmail.coj,56K ata Chowk,Mumbai,293927
b-447,5778147e-d0f1-4b61-a685-c20a80617463,Nidhi Gour,8922322477,ngour@ymail.com,179 Sankaran Street,Chennai,118800
b-448,6bf8ebd8-239f-4687-a45c-0d07785018b3,Meghana Balakrishnan,6789019853,mbalakrishnan@outlook.com,268 Hora,Kolkata,530850
b-449,7705d41a-679e-458d-9a3d-6d8711185c8d,Jha Tanish,9561652717,tjha@ymail.com,284 Bhatnagar Road,Pune,341041
b-450,887b3b77-1977-4eb3-a6c0-6302a7649423,Harsh Yadav,7556787782,hyadav@yahoo.com,266 Pau Street,Delhi,663477
b-451,ec86c20b-4eb4-411d-a5c6-11fe3507f9a3,Eshana Hegde,7364158786,ehegde@ymail.com,125 Comar Chowk,Gurgaon,
b-452,3ed5d5a7-c0d7-42f7-b2d0-05d65cd66c3a,Adweta Suri,7520225025,asuri@hotmail.com,318 Munshi Circpe,Kolkata,868686
b-453,16a0dcaa-bda2-4088-b891-4d5ecd7274c5,Lipika Ramanathan,8713880421,lramanathang@mail.com,26 9Comar,Kochi,664513
b-454,7a14ca8b-0c62-4f15-82cc-451342fbef6b,Ijaya Pandey,7245480542,ipzndey@outlook.com,400 Gera Chowk,Lucknow,917583
b-455,57779b3d-cc49-4013-bef8-d5c5abe52c23,Chameli Chad,7800194139,,112 Munshi Street,Kochi,
b-456,7007a0f6-399d-4b77-8419-6fe865248dfa,Lipika Sahota,6435994614,lsahota@rediffmail.com,341 Devi,Hyderabad,613566
b-457,f1dd93c2-005c-4bf8-827f-07b4d01c95eb,Oscar Ganesan,6146698370,oanesan@ymail.com,193 Mani Chowk,Madras,558945
b-458,1dbd7eec-0e09-4a34-bde7-7f2c25e2416c,Chatresh Parmer,6681818717,cparmer@gmail.com,284 Sundaram Nagar,Bhopal,
b-459,1420d948-d13e-45bd-a093-58383c74d3d2,Laban Hayer,7212099384,,87 Tiwari Marg,Hyderabad,143624
b-460,8d24c909-c787-44ef-86e3-58222cb8cca8,Sachi Suresh,8741508722,ssuresh@gmail.com,182 Butala Street,Kolkata,491519
b-461,80281955-f4d2-4af4-a004-bade64addb4e,Azaan Kannan,9187684219,akannan@hotmail.com,41 4Bali Road,Jaipur,313173
b-462,dd5cd82e-6f71-4d1a-8c70-95cf5d8b691f,Anvi Kar,6025239004,akar@gmail.com,14 Mani ircle,Ahmedabad,
b-463,febc9c92-f24b-44a9-bd71-5215b62740f1,Om Shankar,86380-18011,oshankar@gmail.com,59 Tandon,Ahmedabad,734756
b-464,74acd11d-fe14-480d-8659-c39dee87f321,Yasti Chowdhury,+91-95412-83076,ychowdhury@gmail.com,26 Comar,Mumbai,
b-465,f8aaae99-4b21-489d-81ee-b7156a972084,Ridhi Kamdar,9748929010,rkamdar@hotmail.com,468 Chaudry Marg,Chandigarh,342991
b-466,a97ff7dc-4274-4776-b452-1b002613dc3a,Mr. Yug Mishra,7295407436,ymisura@gmail.com,267 Sengupta Nagar,Hyderabad,531479
b-467,26316301-e8e2-43f2-b6c7-e888eef1cc09,Adya Pall,7161390235,apall@yahoo.com,485 Srana Zila,BLR,550171
b-468,bca6f6f4-07c0-4ba7-9ce6-c53013f740de,Smt. Jacob Khalsa,07363722238,jkhalsa@yahoo.com,137 Panchal Ganj,Mumbai,192747
b-469,451371a6-02ef-4a65-84fd-f6c56e464ebb,Priya Gandhi,7617170462,pgandhi@outlook.com,434 Dewan,Chennai,245903
b-470,6c8f6764-7d6d-4cc8-b2d8-986dc9809bc8,Mrs. Brinda Mann,8749306693,bmann@hotmail.com,281 Loke,Lucknow,675135
b-471,c8f91e87-0f1f-4c63-bba9-b6cfb37efd9d,Yoshita Chandran,9575393940,ychandran@gmail.com,486 Sabuharwal Street,Pune,302588
b-472,5c52fcd6-1307-4b37-91a2-d52285eee7e0,Daniel Malhotra,+91 60707 12767,dmalhotra@outlook.com,24 Deo Streetr,Lucknow,716903
b-473,378461fd-c17d-4a0d-98f9-838102790a6c,Zaid Dhingra,07701447619,zdhingra@hotmailcom,482 Kota Path,Chennai,582464
b-474,fc470908-454f-4825-b0c3-96d80e383485,Maya Suri,8412186330,msuri@yahoo.com,462 Luthra Street,Ahmedabad,378945
b-475,de814c7c-a7cf-4f27-a6f4-c44ffd9a3a3a,Girik Rau,79225-01556,grau@gmail.com,427 Mall Circle,Pune,464856
b-476,c20e3913-caca-479f-a220-b66bc18462d3,Jyoti Sha,7490498824,jsha@hotmail.com,49 Narang Chowk,Pune,522443
b-477,1604c32a-6bd6-4281-bde2-5617bb847441,Aarnag Chander,9459601401,achander@rediffmail.com,72 Parmar Chowk,Cochin,176655
b-478,c48ba638-5700-409d-bdf2-fd975acfbcd1,Ekantika Mander,9101840108,emander@hotmail.com,34 De Path,Pune,432967
b-479,7f1c0ae4-b3da-4080-8877-3db800ccb5e6,Hardik Sharaf,6981575292,hsharaf@hotmail.com,186 Dash Nagar,Hyderabad,514216
b-480,876e6347-f5e5-4d6f-86f5-13f7c0441dd1,Nakul Sastry,9996117389,nsastry@outlook.com,382 Acharya Chowk,Bhopal,870787
b-481,d96f2d2f-833d-41d9-afd1-b6d8f01e5ebf,Zashil Butala,08922378216,zbutala@outolok.com,188 Gandhi Path,Ahmedabad,677591
b-482,701aa873-226f-4769-9d8f-b848922192e0,Pushti Chand,7415758990,ochand@ymail.com,167 Agarwal Zila,Pune,605341
b-483,8f1b62c3-a8aa-4c64-8593-e56ef7d61bc8,Tanay Sood,94754-76976,tsood@ymail.com,52 Deo Zila,Lucknow,970269
b-484,302db0a3-4f2d-42eb-a114-2285b7019a6e,Upkaar Venkataraman,73349-15845,uvenkataraman@hotmail.com,68 Andra Chowk,Delhi,895267
b-485,ea0c94e1-7dfd-4e47-b128-360d81dce24f,Abhiram Oza,09936422351,aoza@rediffmail.com,229 Sai Zila,Mumbai,950255
b-486,5325ebf9-3e67-4c64-95ac-9e3365b73b6b,Ms. Leela Chakraborty,8476118521,lchakraborty@gmail.com,460 Chauhan Zila,Bhopal,428701
b-487,7faccf27-f68d-4e05-95d7-8e8ec1af188a,Dhriti Pillai,8931136074,dpillia@rediffmail.com,232 Devan Road,Chennai,594690
b-488,0d878414-0208-43e9-b9cb-c30556879e48,Er. Tanay Doshi,9661365664,tdoshi@rediffmail.com,130 Savant Marg,Kolkata,207553
b-489,263aaaea-0060-4285-a4a0-61994563cca4,Chadha Teerth,7149194543,tchadha@gmail.com,297 Dey Zila,Mumbai,308646
b-490,66d685d6-541c-4ccd-a5c8-13d071fd33da,Jatin Rajagopalan,8838825746,jrajaopalan@ymail.com,314 Sanghvi Path,Hyderabad,208539
b-491,cb07c2dd-8e6b-4bcc-a705-ca667786f60f,Avi Mitra,7054832876,amitra@ymail.com,391 Vasa Ganj,Kochi,732856
b-492,2d212f3f-e68e-446c-8108-01593a77ddb1,Yashodhara Gulati,9645100972,ygulati@hotmail.com,242 Merchant Marg,Lucknow,788402
b-493,a23063b4-db61-4bc4-bb7c-f80cf1725680,Akshay Lala,7200520224,alala@ymail.com,154 Baral Ganj,Nagpur,
b-494,6ace0ddd-8bf2-4e5b-854a-833dc7359315,Yachana Sagar,7089005079,yasgar@yahoo.com,147 Ratti Mafg,Ahmedabad,701122
b-495,71afcf3a-053f-4b20-a597-d7736fb6e178,Fitan Yadav,6811348615,fyadav@ymail.com,331 Dua Circle,Chandigarh,933315
b-496,f807d89d-30b1-4dc0-a9c2-f9e56d02554b,Arunima Chacko,6495496757,achacko@outlook.cpm,311 Brar Road,Hyderabad,
b-497,0f04f3c1-6235-436a-85a6-0af8071b9203,Yasti Jani,+91-88626-34261,yjani@hotmail.com,469 Yadav Street,Cochin,128490
b-498,0d0ce500-25ae-4a07-9b1d-7cf7f7bdacd9,Eta Raman,9966721347,eraman@yahoo.com,282 Bhatti,Nagpur,416918
b-499,86de921c-aa94-4b2e-875a-3cfcee5b13b9,S. Bhakta,6513047424,sbhakta@outlook.com,83 Gill Road,Chandigarh,198831
b-500,9b2cbc00-85c9-4603-abc0-8b6d5bf0179e,Jagdish Arora,7189202583,jarora@yahoo.com,125 Apte Street,Mumbai,
b-501,6bb21006-aa11-4fb5-8318-79d1efeb1898,Zansi Lad,9424197380,zlad@hotmail.com,326 Pdrabhu Street,Jaipur,
b-502,8fc7b64f-4e4f-40be-a4ef-20a9b0fee494,Jonathan Luthra,7760090209,jluthra@ymail.com,87 Bala Zila,Kolkata,774175
b-503,f840bdc9-3ce9-4e40-961d-9a6c9253466b,Gautami Sanghvi,8552593157,,271 Viswanathan Road,Nagpur,666814
b-504,99711c7a-db06-4f13-8d85-3931b388f9e2,Lall Devansh,9318892777,dlall@redifcmail.com,476 Bose,Delhi,744545
b-505,1eb8515a-1b36-4d06-a994-2ff1e6b490cd,Cristopher Tata,7461845085,ctata@yahoo.com,160 Ganesan,BLR,190620
b-506,01e0cc74-8922-4806-8860-894799bcf7b9,Jhalak Dugar,8445470188,jdugar@rediffmail.com,185 Chauhan Road,Bhopal,
b-507,a049551f-9f07-4d57-8e46-5f754edbf4e3,Mr. Jack Kari,6475592164,jkari@ymail.com,30 Agate Circle,Hyderabad,532233
b-508,39fe60ce-6043-4b8b-8a9a-ed8a7d48c4c2,Praneel aBnik,7033022170,pbanik@ohutlook.com,333 Saini Circle,Mumbai,391633
b-509,2a3e9974-213d-491c-8dc4-21b14f3cbd2f,Ekaja Madan,6709030360,emadan@outlook.cm,386 Pradhan Zila,Hyderabad,374569
b-510,666f02d5-85b8-425c-afff-cf79870c717c,Varty Udant,6255996638,,13 Rattan Nagar,Kolkata,971300
b-511,53a29a62-009c-49d4-9b5d-1a658f05210e,Ekapad Shroff,7030584990,eshroff@outlook.com,264 Mukhoopadhyay Road,Chandigarh,341132
b-512,0457c5a7-1fcb-4d15-b6db-4581a1705718,Falak Cuadha,7572303562,fchdha@gmail.com,289 Shan Circle,Jaipur,281717
b-513,e0f0397e-c95c-4cd8-b3e9-2c61d7f76605,Daksha Kibef,9911591443,dkibe@outlokk.com,148 Pillay Chowk,Jaipur,
b-514,1eb22949-788d-4714-93c6-8c5615cfa11a,Wakeeta Hayre,9750964877,whayre@yahoo.com,316 Korpal Circle,Bhopal,347052
b-515,ca6f82a8-9855-44fb-843f-bbef4daf1152,Matthew Ahuja,8317661110,,184 Bajwa Marg,Bombay,754334
b-516,9a14a4be-eae2-4bc0-959d-717ef5392995,Viraj Pal,6753570687,vpal@outlook.com,46 Nayak Nagar,Ahmedabad,516736
b-517,2cc8befb-38f7-4ce4-83c9-52e5217af3b9,Aatrav Puri,7792492202,apuri@outlook.com,174 Chawla Road,Lucknow,209011
b-518,baeae36a-27dc-4d94-b560-aa33f434ca63,S. Wagle,9071326706,swagle@yahoo.com,39 Saini Ganj,Kochi,558700
b-519,653fbe3b-9df7-432e-abef-fc53c5365199,Vyanjana Bhasin,9835743310,vbhasin@hotmaikl.com,398 Mammen Street,Nagpur,412078
b-520,d56744cd-bc07-4bba-b4a2-f3ef9ec1fcba,Girish Tiwari,7769190864,gtiwari@hotmail.com,47 Ramesh Street,Bengaluru,908705
b-521,a6085210-c38f-48c1-8ae0-c235b812f738,Falan Bhatia,7727646264,fbhatia@yahoo.com,487 De Marg,Nagpur,898124
b-522,7ee6ef86-0d7d-45b7-8fe0-1eb2e9ade5d6,Warjas Manne,6895086594,wmanne@hotmail.com,390 Murty Road,Chennai,192168
b-523,7d5f41bf-a486-4d3c-a216-509adc879e92,M. Narain,7682788896,mnarain@hotmail.com,218 Sethi Path,Delhi,164826
b-524,97a73598-902b-4d9b-9403-4dc044572b2a,Anita Kaur,8078893060,,351 Jain Zila,Lucknow,479142
b-525,c0a0184f-7d35-450c-a3d3-89f9ad6465b3,Chopra Laban,6455321325,lchopra@ymail.com,54 Cheran Street,Gurugram,
b-526,71893f90-fe6a-44a5-af89-5e11025ddadf,Nitesh Sengupta,8952666070,naengupta@ymail.com,441 Murthy Chowk,Calcutta,472817
b-527,079539b9-7d04-44eb-8653-dcb63c5de5f9,Niharika Dara,8845525937,ndara@rediffmail.com,425 Parmar Circle,Delhi,335894
b-528,ea1d2b7a-4ef1-4543-9a06-c849f22b25f8,Sarthak Seth,+91-99579-31864,sset@hrediffmail.com,17 Shteh Road,Cochin,853216
b-529,e3c78c18-6b77-48ee-a082-999001bc473a,AlkaDar,7292331754,adar@hotmail.com,333 Dugar Zila,Jaipur,226388
b-530,52c63f46-eec6-4163-ad0a-36c42401fdfe,Prof. Manbir Chand,+91 98177 07690,mchnad@ymail.com,286 Parekh Ganj,Bengaluru,
b-531,8083f541-e113-40c3-ae37-2ee824c54140,Meghana Varghese,8158000509,mvarghese@gmail.com,36 Mistry Nagar,Delhi,985343
b-532,492c3fbe-afff-4d16-ba93-cde69ef9fa83,Abha Ghosh,9188753885,aghosh@rediffmail.com,200 Ravel Nagar,Ahmedabad,
b-533,352d3e87-26ed-4889-a43a-d81298e80eeb,Sneha Krish,8087488102,,286 Shere Zila,Jaipur,270452
b-534,2743e506-15e9-4708-96e0-a98df82fc382,Harsh Dey,6377289535,hdey@gmai.lcom,1262 Arora Zila,Nagpur,631485
b-535,f72d4a1a-98f4-46ce-9368-10bd1dbaee42,Smt. Nandini Pradhan,5622241515,npradhan@outlook.com,90 Lad Zila,Bhopal,
b-536,50415cf6-b013-4327-9c6f-c561b3ced153,Falan Bains,9160140420,fbakins@ymail.com,490 Hora Zila,Bhopal,299046
b-537,21320420-b63c-4713-8fce-0062bd830651,Sachi Dave,8429932539,sdave@hotmail.com,20 Narula iZla,Delhi,474942
b-538,d405d40f-ea05-4662-86e6-7360c44e2520,Jason Basak,6953441800,jbasak@yahoo.com,72 Beid Chowk,Chandigarh,901526
b-539,4395b74d-8751-4865-86e8-a287fc87dd3f,O. Sant,8593407067,osant@yahoo.com,306 Taneja Marg,Chandigarh,894315
b-540,3e176556-1186-4c70-aab8-b725023a77ee,Y. Merchant,8807230969,ymerchant@outlook.com,79 Sabharwal Chowk,Kolkata,
b-541,b57fa5b0-e167-40e2-bbe7-d93aec5d224b,Varenya Bhat,8760578585,vbhat@hotmail.com,221 Mammen Zila,Nagpur,607145
b-542,7e472f51-e9fe-4bcd-86d0-7675d8c00bd8,Leela Devan,7602958229,,438 Iyenagr Marg,Lucknow,787213
b-543,5e621cda-f954-4590-ac3f-56b97e18c625,Sundaram Varsha,9816437274,vsundatam@gmail.com,396 Thakkar Path,Kolkata,342591
b-544,e5e11a92-f6c1-486c-9587-4ccc8e9e6a05,Atharv Nagar,+91 98941 11953,anagar@hotmail.com,87 Kanda,Gurugram,439571
b-545,912b9b8b-5262-4629-8125-46bc874f3e30,Ayushman Mand,7376145501,amand@outlook.com,10 Sodhi Nagar,Bhopal,
b-546,af2f4442-821d-4ad7-acfa-b86f66849762,Ishita Kaul,7103189995,ikaul@yahoo.com,223 Chaudhry Street,Lucknow,
b-547,27bea9a8-abb9-4659-ab48-d1862988e579,Yug Khosla,7200492633,ykhosla@gmail.com,282 Walla Road,Kochi,436411
b-548,78926db4-4201-4ac8-ab30-4bb11b0c2317,Daksh Kanda,8043739614,dkanda@@ymail.com,128 Rama,Delhi,
b-549,cefa5f0a-07af-49e5-9563-742c9802d65a,I. Ghose,7805986946,ighose@outlook.com,24 KhalsaStreet,Hyderabad,
b-550,03f5ddb0-a35f-4be5-b6f3-30b710884aed,Parmer Eesha,8979696588,eparmer@gmail.com,455 Bala,Lucknow,617985
b-551,a568e61a-5948-47bb-8d3d-e206a548a73c,Indira Dhar,6224115715,idhar@outlook.com,353 Guah,Delhi,268882
b-552,0cbfefd1-5c86-4d07-af1e-2777e1a778b3,B. Chana,8843895124,bchana@rediffmail.cm,2335 Kaul Nagar,Hyderabad,575963
b-553,c5842adc-86d9-4b97-89b5-19ebb9665858,Kalpit Oak,8109336396,koak@hotmail.cok,134 Naik Street,BLR,781250
b-554,52e461bd-1ad2-4a28-acff-f9b77b6ece0c,Daniel Bains,6872703365,dbains@outlook.com,238 Dhar Stree,Bengaluru,
b-555,5ca54814-da58-429e-b0d3-68e847402766,Kashvi Randhaaw,7187156696,krandhawa@rediffmail.com,17 Chaudhuri,Hyderabad,
b-556,0a5a9512-a749-43cf-866d-7dc9930ea4c5,Dr. Gayathri Mittal,7761894358,gmittal@hotmail.com,16 Deshpande Path,Lucknow,289064
b-557,10b70fbb-16c4-4b8a-bbb8-69595e6aaa2a,Owen Parikh,7632070439,oparikh@ymail.com,408 Gill Ganj,Nagpur,
b-558,70a770a8-b0d2-4590-a398-98634b2a51ee,Kritika Mohangy,7126452084,kmohanty@hotmail.com,143 Datta Road,Nagpur,446405
b-559,52f6a37a-8576-4fb9-9dc8-24c5483aa7b6,Timothy Chawla,7838721023,tchawla@outlook.com,286 Dhaliwal Chowk,Jaipur,
b-560,7665016d-2aac-4468-92b8-bb591014378b,Ekaja Ganesh,8082561009,eganesh@ymail.com,213 Nayak Zila,Chandigarh,885670
b-561,f3c8e720-3f41-487a-a861-d2086fabc87f,Sanya Apte,7692051274,sapte@outlook.com,388 Kadakia Road,Hyderabad,654543
b-562,f267d163-86c3-47a6-9219-c55174ea8b9a,Zaid Bir,7201227889,zbir@ymail.com,228 Kunda Paht,Kolkata,920122
b-563,a2627fa8-9978-4b5f-bfcb-e7d5ea421672,Raksha Saini,8528727701,rsaini@outlook.com,312 Sachdev Street,Jaipur,915401
b-564,6773147f-45cd-4927-9328-aebf2df6537d,Waida Radakrishnan,9742011511,,350 Prashad Path,Kolkata,203606
b-565,8d8c2ab7-6869-43a3-894c-5b2260b637e1,Harrison Srinivas,9513599985,hsrinivas@outlook.com,367 Kar,Chennai,722099
b-566,0f3da6d1-88c8-4eda-b40d-c5b6a6dfc1bb,Nicholas Seth,7904302493,nseth@ymail.com,367 Bandi Zila,BLR,483361
b-567,1bee6b3d-2a70-41a3-9b39-6d508eda8a44,C. Bahri,6767633543,cbahri@hotmail.com,286 Lal Path,Madras,745343
b-568,9f2d33a7-24bd-438b-b09b-6b7bbc52542c,Henry Borah,8792557688,hborah@gmail.com,178 Garde Path,Pune,
b-569,1f234b46-0c1b-4b5a-98b4-af6c2acdb65d,Hamsini Subramanian,9338433450,hsubramanian@hotmail.com,220 Sankar Nagar,Chennai,989543
b-570,cb94aa43-02d7-43d8-983a-010580870578,Nitesh Saraf,8290517320,nsarat@rediffmail.com,198 Bera Street,Bhopal,575666
b-571,ae1d68be-e5e2-45ed-bff9-0d55381ef8b8,H. Narula,6194927020,hnarula@ymail.com,336 Gupta Ganj,Madras,214275
b-572,00e55388-f6ed-4da2-a003-4ebc86b3bb5c,Nimrat Zachariah,8400557513,,491 Manda  Road,Ahmedabad,588393
b-573,db884c76-730f-43ef-9010-b82abe55d24a,Maya Swaminathan,9469360805,mswaminathan@hotmail.com,18 Bhagat Street,Ahmedabad,
b-574,491b4e16-efb5-4737-82e0-2a6475b4c8b1,Jalsa Aggarwal,6576773916,jaggarwal@gmail.com,383 Chahal Marg,Madras,212474
b-575,27de50f2-cd3a-40a6-8575-3062b5292636,Chaitaly Srinivasan,7796538112,csrinivasan@yahoo.com,231 Chatterjee yanj,Bengaluru,331619
b-576,2df7d501-3dc2-4551-9b96-5be24ddd9091,Atharv Jhaveri,9459345202,,338 ManneStreet,Lucknow,327822
b-577,8efd45a2-9dd7-4c21-8280-fbe7634a8567,Mitali Sinha,7110403989,,330 Lanka Chowk,Bhopal,166182
b-578,43bf9c60-4224-4906-abe3-4d258660ae99,Lakshmi Pingle,7126851974,lpingle@outlook.com,482 Sehgal Street,Bengaluru,834855
b-579,e12ebf9d-db82-46f2-a21f-51e3c3d416aa,Chaitanya Lall,8340369980,clall@rediffmail.com,110 Shroff Chowk,Nagpur,765911
b-580,17b7e892-9071-4e6e-a4e1-b6e5702b4404,Adya Kara,8544509190,akara@oulook.com,209 Bhatia Road,Delhi,568794
b-581,4f04fdaa-3781-4461-8dbb-4e6a1819bf46,Matthew Chatterjee,9103378470,mchatterjee@rediffmail.com,50 Padmanabhan Zila,Nagpur,720491
b-582,7a74ecbd-580a-4174-83ec-421b3c4e7aad,O. Karan,93256-17985,okaran@yahoo.com,162 Bhat Circle,Pune,886974
b-583,ef934582-a1ce-4191-80d7-b3b3d22852f0,Lila Virk,7301959903,,248 Wason Marg,Chennai,
b-584,847f2f51-61c3-4bf8-9b00-44b301ae38b1,Farhan Rana,7677602403,frana@hotmail.com,489 Thakkar Nagar,Bhopal,148469
b-585,6271c2c6-f0fc-4f2b-b988-73248271e76f,Zansi Din,6459042172,zdin@rediffmail.com,46 Sen Zila,Chandigarh,
b-586,5f1388c5-366c-4078-8fec-2b5ec6c10b6c,Oscar Ganesh,7199669416,goanesh@hotmail.com,400 Hans Ganj,Jaipur,800508
b-587,fb735287-640d-4445-ab0f-ef43af4f738f,Jonathan Basak,8592179643,jbasak@hotmail.com,27 Braf Marg,Lucknow,
b-588,93131806-1a89-42b1-a380-9bd5a9d77fbe,Radhika Jaggi,9593966555,rjaggi@ymail.com,396 Kuruvilla Strete,Nagpur,285274
b-589,dee88b39-af45-4964-bb93-503f4d59bc4c,Ekaja Bhavsar,8634309045,ebhavsar@hotmail.com,477 Rama Zila,Ahmedabad,401962
b-590,b1a5738d-2fdd-49ec-859f-6da4b0221708,Mekhala Nanda,+91 76821 25910,,495 Venkatesh Road,Jaipur,
b-591,8ff13432-994a-4c91-8451-0ddd2b98b241,Oni Chowdhury,7700528774,ochowdhury@hotmail.com,213 Doctor arg,Kolkata,290130
b-592,43d3eb26-95fb-41c8-b1d7-a9a749c75bda,Chaudhry Manbir,7789391329,mchaudhfry@outlook.com,183 Chaudhuri Zila,Bengaluru,608235
b-593,5f8e05a5-672e-4e01-8e3f-af4953afc091,Aishani Rajagopal,7586927660,,429 Solanki Chowk,Ahmedabad,
b-594,3039fd00-8f58-40d6-912d-41ba33cb851f,Ratti Maanas,8837972624,mratti@outlook.com,147 Randhawa Nagar,Hyderabad,508916
b-595,76001eaf-dac9-4de1-9896-776db969e772,Garima Khanna,9964020706,gkhanna@ymail.com,154 Soman Nagar,Hyderabad,
b-596,5ad31539-0637-4f41-b688-01617b7976db,Amruta Pradhan,9625707224,apradhan@outlook.com,458 Nazareth Nagar,Kolkata,484756
b-597,2d2cdecd-acd7-47e1-9287-aa5a1c2966b2,Guneet Kari,8028803029,gkari@yahoo.com,321 Mital Street,Lucknow,241455
b-598,288f0822-0776-49dc-b4bf-ba9666fb11b0,Saanvi Nagi,6765763299,snagi@gmail.com,395 zSaha Road,Ahmedabad,196602
b-599,a68ca874-c383-4cb5-857c-f1a51bf5db9e,Gaurav Guha,+91 78553 05363,gguha@ymsail.com,340 Kakar Cohwk,Kochi,644426
b-600,fcf6e9cd-a170-4d93-b4e6-8b2fa6d79628,Niharika Sundaram,7425962974,nsundaram@gmail.com,201 Prakash Circle,Jaipur,
b-601,e3b400b8-fc73-4b56-a3db-c9bde5a9a14f,Daksh Varma,83046-36432,dvarma@yahoo.com,128 Bhatti Street,Nagpur,502508
b-602,abf7d681-1d98-44eb-bcdd-4e49403f2674,Deepa Toor,94270-45610,dtoor@yahoo.com,60 Deshmukh Marg,Delhi,931811
b-603,541110bf-a5cb-4cbf-b150-cf7678e1774f,Dalbir Krish,9077680618,dkrish@hotmail.com,46 Shan Nagar,Kolkata,766870
b-604,fa5d6015-d319-4f75-bffc-bc8a80a14ef4,Patel Chandresh,6866680909,cpatel@yahoo.com,423 Mahal Ganj,Bangalore,917165
b-605,e75b5454-42e0-4ebc-bbf3-5eb599163916,Jyoti Shetty,8070959124,jshetty@gmail.com,52 Ranganathan Circle,Mumbai,132832
b-606,db8628e9-f73f-496c-8f4e-671a7f0b7ab2,Jatin Balasubramanian,7723227460,jbalasubramanian@outlook.com,229Pradhan Ganj,Bengaluru,690426
b-607,14a1e55b-39ba-4ab3-9733-a69fedf4e5cb,V. Sehgal,7764510798,vsehgal@yahoo.com,179 Som Street,Madras,
b-608,fd69b75c-7979-46f1-9022-19fc625e5727,Inaya Padmababhan,8593136980,ipadmanabhan@outlook.com,80 KuruvillaS treet,Nagpur,453143
b-609,b888bc70-13d9-4538-b265-370138726537,Chandran Gaba,7889508012,cgab@yahoo.com,362 Kala,Lucknow,707275
b-610,6904f836-199e-4dc5-acaf-953aa6c7220b,Tikothy Kar,7057071260,tkar@yahoo.com,70 Luthra Ganj,Kochi,814863
b-611,97703b40-13ba-42bc-a466-c6ee29610003,Varghese Nimrat,8917306255,nvarghese@outlook.com,68 Andra Nagar,Kolkata,
b-612,1c2a72d6-45ee-41d0-9b84-88ad8be05460,Urvi Do,7499666280,,301 Anand Street,Pune,893253
b-613,870f6386-955d-4fb6-b3a1-9c031bd17b3f,Anvi Sampath,8588030362,,245 Pzlla Marg,Chandigarh,709862
b-614,f403bbf3-ee83-4aff-93ae-2f8fcd02db09,Harsh Amble,9601331441,hamble@yahoo.com,332 Prasad Circle,Mumbai,400023
b-615,fac40fd7-001f-4525-89d4-8096274a664f,Barkha Misra,7408707452,bmisra@rediffmwail.com,202 Subramaniam Zila,Bhopal,955468
b-616,5e1fbab5-8f2d-4a4c-86de-bd54a0fdb593,Devansh Nayar,8061320525,dnayar@rediffmail.com,89 Nair Road,Nagpur,601196
b-617,02791363-12d6-42e5-bc6a-c2ba99ca4b55,Aradhana Lal,6522914427,zalal@hotmail.com,359 Guha Road,Lucknow,689855
b-618,dcff5fee-abd0-41c6-879f-9535f7d867ae,Netra Nagarajan,6285104588,nnagarajan@hotmail.com,211 aBl Street,Ahmedabad,
b-619,25bc4a8b-5603-49a1-931d-85c1c4b8cc70,Nidhi Rama,8338758061,,93 Gupta Nagare,Jaipur,130630
b-620,f0b29a88-335d-41f9-816c-223a5a60d05e,Hemal Kapadia,6014481290,hkapadia@hotmail.com,99 Soni Circle,Nagpur,436217
b-621,6d7d1f1a-ac59-4524-a7e1-d1567f304fbd,Ms. Pratyush Memon,87158-89215,pmemon@hotmail.com,117 Sinha Zila,Bombay,683386
b-622,6a1fbe73-8f1a-4e39-bf5d-7aee30e4aac9,Kagir Kuruvilla,7894008408,kkuruvilla@outlook.com,175 Goswami Cicle,Bengaluru,194677
b-623,d05e03d7-669b-4d31-bdd6-d1990d2dae5c,Chakraborty Gautami,6470726407,gchakraborty@yahoo.com,476 Pan tGanj,Chennai,761411
b-624,d4351695-e78b-4fcc-af3c-5755bccde13c,Udant Mohanty,7629917927,umohanty@ymail.com,113 Narukla Marg,Lucknow,601302
b-625,85232e5b-e87c-4d69-a224-5c6b546b45c7,K. Lad,+91-83395-97819,klad@ymail.com,21 Menon,Hyderabad,401849
b-626,af0d2742-79aa-4310-9504-5e6b9cd68f4d,Ubika Dalal,8949699081,udalal@rediffmail.com,404 Bera Chowk,Kochi,291594
b-627,d9238856-98bf-47c1-80c8-d59ae4c4f6a3,Ekavir Sodhi,6473312223,esodhi@yahoo.com,340 Tella Ganj,Jaipur,173817
b-628,38a1fa92-dbd5-4e85-8bf7-b9e2d25bbc39,Jagdish Rqj,07921880552,jraj@outlook.com,343 iMsra Circle,Jaipur,930577
b-629,4f7d5464-b7b7-49d7-88b4-31418b6b1ef6,Luke Mutti,+91 81098 66257,lmutti@oultook.com,141 Buch Street,Jaipur,265887
b-630,89eabb9f-6e35-4b6a-988f-3acd74f77830,Vinaya Natarajan,8205319836,vnatarajan@hotmail.com,248 Munshi Street,Gurugram,901213
b-631,82ea7a36-c67c-4175-acae-ac7217e19bf0,Dalbri Agrawal,9016989157,dagrawal@outlook.com,388 Mahal Chowk,Kochi,984815
b-632,46921b10-aa9c-4aba-a865-18dae5a9f629,V. Chakrabarti,9741976862,vchakrabarti@yahoo.com,40 Saraf Street,Lucknow,359895
b-633,80939c9b-ab34-49ea-87e2-cbe4adf6f901,Leela Agrawal,6094612526,lagrawa@ymail.com,153 Walla Nagar,Cochin,
b-634,1d8e6d23-190f-49ce-9ede-03bbb108989b,Rayaan Badami,6417043005,rbadami@hotmail.com,65 Kothari Nagatr,Nagpur,423368
b-635,18dfe05d-1f24-430b-a9c1-5f150af60ac0,Shri Upkaar Padmanabhan,8725762670,upadmanabhan@outlook.com,252 Dayal Raod,Chandigarh,162375
b-636,670a6c59-8011-42dc-8ff0-cd7c1b760763,Harshil Rajagopal,9965969916,hrajagopal@rediffmail.com,410Mohan Circle,Chandigarh,477330
b-637,fe7efaec-9c79-46ca-8ae6-495285068285,Oliver Bhattacharyya,9778263848,obhattacharyya@rediffmail.com,386 MisraNagar,Chennai,389081
b-638,6d7139ea-7f08-4311-a587-6f59009509bc,Shah Bina,84315-51611,bshah@hotmail.com,195 fiswanathan Circle,Ahmedabad,158121
b-639,ac0874ac-e199-450b-b96d-1847216b1bf0,Geetika Saraf,8891470467,,441 Oommen Street,Kolkata,983411
b-640,b12a931e-6224-4f74-89a9-16b1f98e436b,Vrishti aPrmer,7971392557,vparme@rediffmail.com,416 Gala Gahnj,Bengaluru,
b-641,3fa86834-541b-4082-91b3-188c821c1c5c,Bahl Netra,7198823201,nbahl@yahoo.com,493 Kapur Gznj,Cochin,672187
b-642,637e48f0-740e-437c-b460-efddcbddc6c1,Karan Kakar,9737490059,kkakar@gmail.vcom,389 Thaman Nagar,Bhopal,183903
b-643,367b2229-0a9d-4dcd-b4cd-fa2bf235b5b3,Jack Saha,6556716815,jsaha@ymail.com,13 Rai Chowk,Chandigarh,765905
b-644,839b1ed6-0d8f-4e6c-b86b-bd68091f7463,Samesh Andra,8228426552,sandra@rediffmail.com,96 Salvi Road,Pune,474332
b-645,85bb2df9-ee12-454f-a1db-2d95e4ddc590,Smt. Harrison Venkatesh,7152183513,hvenkatesh@hotmail.com,76 Devan Road,Pune,698785
b-646,25b0b2ee-caa2-4cf9-808a-47d314b1434c,Barkha Comar,9874561655,bcomar@ymail.com,343 Tank Zila,Gurugram,884768
b-647,e9885c4b-6ef9-484c-8242-bc16c575124b,Rushil Iyengar,8886606153,riyengar@outlook.com,318 Virk Road,Chennai,369379
b-648,a675e3a7-5373-4fa7-a346-79f7e092b725,Saksham Parmar,99813-00220,sparmar@ymail.com,263 Merchant Marg,Chandigarh,
b-649,f0717006-96b9-4673-aae8-d8e17fd45d72,Naveen Baral,8575259551,nbarla@gmail.com,05 Taneja Circle,Hyderabad,
b-650,e49fdda7-6b84-47b3-8693-2a8dc7d5c708,Wakeeta Dixit,62951-50392,wdixit@ymail.com,271 Vaidya Zila,Mumbai,970948
b-651,d33028cb-b2c8-4b74-b0de-04735873550f,Tanmayi Minhas,7288470123,tminhas@yahoo.com,256 Shetty Road,Hyderabad,375525
b-652,53bbe89a-b8a7-49a0-93f4-d886110a3303,Parsa Bina,9173259840,bparsa@ymail.com,448 Sandhu Path,Bengaluru,364502
b-653,176a9d5d-16ba-4abc-a8ff-b6f7cd22b67d,R. Loyal,8692195014,rooyal@outlook.com,122 Pradhan Zila,Hyderabad,108715
b-654,429e5da4-1c56-406c-97ab-bb09643795e9,Hema Goswami,6080826977,hgoswami@yahoo.com,299 Rattan Zila,Pune,425019
b-655,b957cf41-e852-4012-b319-c12e8bef5e92,Mugdha Shan,9076291297,mshan@gmail.com,72 Rajan Road,Chennai,976108
b-656,55035cbe-fcf2-43bd-9ff7-60a9ab1fee55,Vanya Sama,7998355779,vsama@outlook.com,459 Chowdhury Street,Bengaluru,358702
b-657,d177adbc-b117-4178-a199-ca4ce0aff3e8,Kevin Bhargava,8275727813,kbhargava@refiffmail.com,436 Chawla Street,Lucknow,420925
b-658,2d61e7e5-660e-4fea-8f54-8a742bb1f0d3,Omja Subramanian,7429812544,osubramanian@hotmail.com,337 Saerma,Bhopal,907140
b-659,49894a86-ec89-47ad-9fa0-c705886c88a2,Pratyush Raghavan,9367998544,praghavan@ymail.com,103 Balakrishnan  Path,Cochin,277217
b-660,532432d9-d0a9-4195-9526-a75c1ddf7c7b,Kalpit Subramanian,+91-80145-13353,ksubramanian@gmail.com,265 Chowdhury Chowk,Kolkata,352580
b-661,f4c4dd74-cdf8-4d38-bd78-b513babb7551,Nisha Sastry,7549605503,nsastry@ymail.com,179 Bhatnagar Nagar,Chennai,312967
b-662,8effb0ba-1b9c-47b4-bb36-8fa4f8e35adc,Udarsh Nigam,7920762812,,93 Virk Circle,Lucknow,680006
b-663,a104a4ef-04c9-432e-b46e-de99901a2d21,Girish Sant,+91 69675 36818,gsant@redirfmail.com,423 Subramaniam Ganj,Bombay,658383
b-664,cee67d89-7a97-4a2e-93eb-b30343144f21,Advay Dugar,+91 69641 04627,adugar@hotmail.com,6 Singh Circle,Ahmedabad,441241
b-665,39236c3f-cc60-4c6a-b436-d47592b25f03,Warhi Gandhi,9201323936,wgandhi@rediffmail.com,65 Swamy Zila,Delhi,563374
b-666,6471d12f-0be7-44a8-8cda-b07dbf979d09,Ekani Khosla,7698941233,ekhosla@yahoo.com,76 Mlal Path,Lucknow,370623
b-667,bb6903b8-33a8-4b78-bff2-9921320b3263,B. Acharya,7145150601,,307 Modi Zila,Hyderabad,
b-668,dea13820-0873-41f3-a12d-fd5cbaf2451c,J. Bhagat,08276549896,jbhagat@hotmail.com,55 Sha Ganj,Ahmedabad,854814
b-669,ac20cd55-3896-4309-b831-f3c893b0f7c8,Garima Solanki,8537497027,gsolanki@outlook.com,376 Sethi Path,Kolkata,
b-670,6656aeb1-3637-43c7-94b2-49db45d7d000,Ishaan Chatterjee,6766177857,ichatterjee@hotmail.com,348 Agate Ganj,Lucknow,463929
b-671,eed0a1c0-df2d-4b14-87da-feac8f2f0f11,Waida Dey,9156091295,wdey@rediffmail.com,247 Chhabra Marg,Gurugram,927052
b-672,16a251f5-a500-4822-9575-9040bf5e7e7a,Aqchal Hayre,7183802254,ahayre@gmail.com,285 Dara Ganj,Chennai,555620
b-673,21d063e1-bcf6-4cff-833c-b1d24bab2b62,Jatin Seshadri,6372570072,jseshadri@ymailcom,473 Thaman Chowk,Bombay,975071
b-674,a9bf9ac6-cf8d-42bb-98a8-72e55d50c10e,Krish Tara,8095933585,ktara@rediffmail.com,108 Wali Nagar,Nagpur,411281
b-675,a1fbeaa5-a0a8-4d47-87ca-2fbbb23d24f0,Yashoda Goel,+91-66550-55833,ygoel@gmail.com,283 Ghose,Nagpur,
b-676,4ff20e8c-0c07-4d9a-bd0c-2a2fa079054c,Yamini Rajagopalan,9192311217,,195 Kothri Marg,Jaipur,790909
b-677,e1df9098-4b28-4e06-842e-4b1125048b81,Anusha Rao,+91 99232 52739,arao@ymail.com,201 Menon Path,Bhopal,110887
b-678,5ebbf5ef-884d-4bcd-85df-62a23415a91e,Yauvani Mistry,7980661341,ymistry@rediffmail.com,139 Murthy Circle,Bengaluru,830296
b-679,744e99c8-cc18-4a14-8ad6-d5b4913334b4,Teerth Iyer,7727025875,tiyer@gmail.com,147 Mannan Ganj,Bengaluru,231326
b-680,026acf2c-0d1f-4d15-996a-4f301a095c6b,H. Deo,6135152538,hdeo@tahoo.com,435 Thakur Street,Gurugram,295509
b-681,4b006171-878d-44b4-b867-103c5a2bb1d9,Ekantika D’Alia,9633971940,ed’laia@rediffmail.com,434 Srinivasan Path,Bhopal,258623
b-682,a2482e38-0c25-4e32-bf32-16de6869aee6,Omisha Walla,8267474927,owalla@outlook.com,4871 Sami Road,Hyderabad,
b-683,baddacbf-bd00-44b9-ad8c-7af66c1c60d3,Agastya Virk,7672003646,avirk@hotmail.com,126 Bakshi Zila,Gurugram,
b-684,093a60f5-279b-42f0-81e5-c337d41ab7dc,Lakshmi Dhillon,07868201596,ldhillon@rediffmail.com,235 Bhalla Ngar,Hyderabad,734268
b-685,3e7c41f8-3137-42ad-beac-8879d0e500b9,Zashil Dhingra,8344112054,,89 MerchantNagar,BLR,914108
b-686,e947d3b4-7e2f-427b-86dd-b08e2972f7a5,S. Bali,8765066429,,126 Sethi Path,Hyderabad,293975
b-687,64e7e263-a074-4bf6-85ec-d2d37d79a2d8,Harsh Kapur,6954379754,hkapur@ymail.com,428 Ramachandran Circle,Hyderabad,237071
b-688,e1725188-9bbe-4bdb-964b-ce91ac011853,Wazir Vaidya,07700019772,wvaidya@outlook.com,389 Batta Road,Bengaluru,
b-689,0aaff662-47a3-4d28-99ff-cde132000aea,Lakshmi Ram,9459752990,lram@gmail.com,58 Munshi Marg,Lucknow,948822
b-690,6ee514f9-e8f5-4dca-845b-6ca4871b20ba,Chatura Arya,06730489182,carya@hotmail.com,55 Jain Road,Madras,846162
b-691,1e293d8c-1eb6-43dd-9d8b-2db2655b09a8,Kar Saanvi,6044060778,skar@gmail.com,435 Hegde Path,Bhopal,229082
b-692,240590a6-b7d7-4017-a43a-556409b4839f,Rishi Menon,7860802291,rmenon@ymail.com,111 Goel Chowk,Bengaluru,
b-693,69722586-3595-4436-bc58-ccc2c1cda907,Falan Grover,9532969448,fgrover@redkffmail.com,101 Varkey Street,Kochi,885245
b-694,a3116276-ff19-4117-9643-f249335ca88d,kagdish Purohit,6603359430,jpurohit@ymail.com,158 Sangha Nagar,Chandigarh,936147
b-695,2e2c7a9b-e7bf-4c03-8a39-be4efb8d0b01,Arya Lalla,8832091217,alalla@hotmail.clom,352 Dyal Street,Bhopal,
b-696,24886deb-f15c-4c83-aae3-64c9af908d46,Prof. Aadhya Ahluwalia,7044963403,aahluwalia@outlook.com,11 Shukla Path,BLR,525702
b-697,76e0acea-72a3-457d-8650-697a9db1452e,M. Baral,9562910489,mbarl@ymail.com,276 Naidu Street,Chandigarh,430164
b-698,42b7d186-bfab-41bd-8de4-ab6c9505d0ec,Qarin Verma,6828000525,qverma@rediffmail.com,14 Tiwari ila,Hyderabad,867899
b-699,85c99633-7bc8-4487-8dc4-f772ee162450,Netra Chanda,7951427579,nchanad@rediffmail.com,170 Kant Path,Nagpur,439483
b-700,1f4c7bd8-1cb2-4825-b31e-c027ab403924,Mr. Tanay Narula,7690374740,,202 PatelPath,Chandigarh,918430
b-701,0dcaa159-0583-41b0-94b7-a885729c5531,Prof. Balveer Nagi,8422403211,bnagi@hotmail.com,191 Comar Marg,Bengaluru,
b-702,2f5e4b53-6cfe-4bde-b9fc-a6ddd36e2702,Libni Kunda,7097411222,lkunda@hotmail.com,24 Mandal Circle,Nagpur,757090
b-703,1676fdc5-36df-4f56-9cb8-430924a64374,Yashoda Sehgal,6214999140,ysehgal@hotmail.com,288 Bassi Chowk,Kochi,474976
b-704,061aad9b-9f6e-4762-939d-14c11a38ef79,Chaman Hans,6647927194,chans@redifdfmail.com,388 Varkey Path,Pune,661784
b-705,9784dfd7-3e32-43f7-86a6-36a0f040dfed,Abhimanyu Bhatti,7415974330,abhatti@gmail.com,388 Kala Ganj,Delhi,765107
b-706,2ff0a001-4f41-4acb-9fdd-73be6bfe99e4,Chawla Panini,6270973714,pchawka@gmail.com,56 Yogi Ganj,Pune,
b-707,8650f5af-2dd7-4161-8e7c-8e0c3ef4cefa,Radhika Bora,9087119830,rbora@hotmail.com,3 Bajwa Street,Nagpur,968309
b-708,355adf98-1328-41c4-9a6b-cae8d9540fc4,Tripti Narula,9077723906,tnarula@rediffmail.com,399 Chahal Nagae,Chandigarh,914256
b-709,a6f45e7e-016c-488f-87fb-69077b8019c3,Ethan Bhagat,7332617690,,449 Krishnamurthy Street,Bombay,320085
b-710,75d10c6e-003a-4567-805b-1dfc0786956f,Lipika Seshadri,9381235292,lseshadri@hotmail.com,302 Sant Marg,Cochin,908690
b-711,901ae10b-a60a-4d67-a22a-4250d3929ffb,Abeer hatnagar,9991676006,abhatnagar@ymail.com,90 Bath,Bengaluru,752806
b-712,c4865edf-4d05-4911-bd5e-7f8fa86dd5f5,Elijah Parmar,9294401141,eparmar@gmail.com,302 Cherian  Circle,Bhopal,602295
b-713,49546e64-daca-4bc3-a8b7-f31921515bba,Bimala Mitra,+91 69418 87002,bmitra@gmail.com,26 6Chadha,Pune,264664
b-714,2a5b6c03-79fe-4ec8-914d-2477df19968b,Baghyawati Sarma,8502783128,bsarma@outlook.com,251 Rana Marg,Nagpur,217525
b-715,8e6b4492-52b8-48c6-8dfb-f52b7177c537,Azaan Som,9539672651,asom@yahoo.com,455 Walla Street,Chandigarh,606156
b-716,406bb922-5a18-4754-8df0-9dad4002dcf8,Thomas Deshpande,98397-10171,tdeshpande@yahoo.fcom,21 7Merchant Marg,Nagpur,478152
b-717,b9a1130c-e9bd-4ffa-a966-e160290d1706,Maanas Misra,8459050860,mmisra@outlook.ciom,218 Apte Path,Ahmedabad,772048
b-718,7162d205-a667-4110-bc6c-d5c6ab2ba06d,jeera Yogi,6760503389,myogi@rediffmail.com,367 Chada Circle,Chandigarh,416912
b-719,0a810cd1-00be-43ef-b050-dac34f72f509,Nitara Vala,+91-70655-07023,nvala@rediffmail.com,204 Dyal Street,Delhi,238864
b-720,5454aeff-183f-4605-aca6-b72ce2e26525,Qarin Kant,+91 99006 19558,qkant@yahoo.com,278 Krishnan,Gurugram,285579
b-721,088dbe83-cf3c-44de-b699-fde22cb31556,R. Contractor,6843494490,rcontractor@hotmail.com,374 Bhagat Street,Hyderabad,216933
b-722,a391c376-1eef-48c6-ae60-a8b5d353994d,Zasyhil Chaudhari,9079616664,zchaudhari@outlok.com,326 Sur Ganj,Jaipur,886500
b-723,bb32293f-0162-489c-8714-40f65241ec7e,Ganga Parikh,7713786637,gparikh@hotmailc.om,26 Keer Street,Lucknow,780870
b-724,2af3c608-9aad-4557-9e7d-9091a94eb867,Harish Mane,+91-88447-65490,hmane@gmail.com,240 Bosse,Chandigarh,800211
b-725,0268107f-fca4-46b6-817b-c634c5a9edc2,Rishi Nadkarni,8975124263,rnadkarin@ymail.com,135 Seshadri Chowk,Calcutta,
b-726,dbb0732d-07e1-472d-bd81-25905ffdc42d,Falguni Mohan,7971592572,fmohan@outlook.com,276 Dua,Jaipur,
b-727,3602553f-f4dd-4660-88be-0e5925322a34,Janya Mutti,08324732156,jmutti@outlook.com,128 Ganguly Marg,Nagpur,
b-728,c9428933-0d23-48d4-a8ae-f19e6c587ced,Malhotra Rajata,9301211392,rmahotra@yahoo.com,497 Desai Path,Nagpur,
b-729,89ab9af9-7d1a-4ab8-9a61-188c41ca92e3,Garima Srinivasan,6569010709,gsrinivasan@hotmail.com,144 Sehgal vhowk,Jaipur,634130
b-730,d2afa3bf-d477-45f9-bb08-8e4009f5c9f9,Jagrati Mody,+91 79799 53991,jmody@outlook.com,301 Chopra Chowk,Gurgaon,673719
b-731,61652397-eaa7-4faa-a4ad-05150e2d1026,Bumb Parth,8197963491,pbumb@ymail.com,211 Dey Road,Lucknow,174255
b-732,b9b592a1-87f1-4337-a68d-ea344fda4dee,Ronith Lall,6617942467,rlall@outlook.com,291 Borra Zila,Madras,800806
b-733,b17594ea-c528-43d8-8aed-a5a009a10bdb,Er. Simon Bansal,6598843339,sbansal@gmail.com,425 pLad Circle,Chandigarh,
b-734,ca641db5-1777-4836-8f46-af16e30c5b2a,Er. Udant Mannan,9340983482,,121 Shetty Street,Lucknow,548086
b-735,aaf4d4b2-1bec-496f-ba69-6b86ebd92c83,Yachana Uppal,9244505022,yuppal@rdeiffmail.com,448 Ranganathan Zila,Nagpur,
b-736,cf22848e-9030-4972-bb49-ea3e23e051ac,Noah Varkey,8662150468,nvarkey@outlook.com,497 Sehgal Street,Ahmedabad,535459
b-737,da775c0d-47eb-4016-b2eb-198ed431679a,Nathaniel Gola,6066106342,ngola@rediffmail.com,372 Dhingra,Chandigarh,
b-738,b9cacae9-a1d3-434b-97c2-26a3c7e80ff2,Vinaya Kata,7158791774,vkata@gmail.com,53 Lalla Zila,Chandigarh,111462
b-739,8ba2fb31-68dc-453b-a095-bbb0b63257fb,Kala Kaur,7218367551,kkaur@outlook.com,376 Jhaveri Nagar,Ahmedabad,
b-740,b7cd69f1-8175-453c-a3a0-e6b1c0941ce1,Zarna Patel,6594515592,zpatel@homail.com,323 Singh Marg,Hyderabad,845491
b-741,6dfc76b9-8367-4308-b1a9-fe2a1a6a88bd,Suhani Batra,6201410601,sbatra@outlook.com,460 bNaik Nagar,Lucknow,484126
b-742,9e3306cf-1eee-4fa2-9604-469c5900b6ca,Puri Owen,9627336309,opuri@outlook.com,335 Pau Marg,Gurugram,774166
b-743,5dcfbb6d-9191-4d07-805e-2b80b589b63c,Faras Varughese,8118891887,fvarughese@hotmail.com,254 Puri Road,Delhi,845598
b-744,e749dcd1-9ac6-4513-b03f-f66cc1415475,Udant Varty,+91-70888-31560,uvarty@ymail.com,29 Pandit Marg,Kolkata,150319
b-745,f9a2cc88-612f-4012-a88f-ee66df66608e,Yachana Dewan,9398852295,ydewan@ymail.com,278 Gandhi Chowk,Nagpur,956657
b-746,0ab336f5-5888-44e7-aa42-374ac4c8439a,Victor Bose,8274414552,vbose@gmail.com,467 Mand Circle,Bombay,245826
b-747,c33c9710-f3a8-4c9c-bf5a-831d2d2c8b37,Janaki Dani,8338424013,jdani@yahoo.com,17 5Sachdeva Ganj,Bengaluru,912958
b-748,1864d49c-b1d7-4194-8808-30d087624780,Ganga Comar,7533147596,gcomar@rediffmailcom,216 Srinivas Chowk,Nagpur,105317
b-749,c94da0d8-007d-4b16-92fd-0802d196830f,Varenya Kade,9476964226,vkdae@gmail.com,303 Edwin,Pune,163047
b-750,07f82d40-3f92-4d5a-b104-709b0b2155bd,Nirja Bains,9040336980,nbains@yahoo.com,138 Bassi Gahj,Kochi,863009
b-751,815c3606-3727-4d6f-8bdf-302ef6db2556,Dyal Joshua,7137931006,jdyal@otlook.com,322 Vala Street,Nagpur,
b-752,e1b7f1ca-be3c-423e-8a62-30aa7b23defb,Balveer Din,8254315967,bdin@rediffmail.com,20 Ganesan Nagar,Lucknow,348150
b-753,c0254b84-73ab-4e5e-a93d-2ca9fdb189b9,Theodore Roy,06412686384,troy@yahoo.com,378 Dhar,Gurgaon,268790
b-754,fdd99e3c-560b-49d5-9e04-ef1ed6a62e4a,Qabil Vaidya,8064253326,,309 Ganesh Road,Kolkata,205546
b-755,4716d670-1614-4253-86b0-8bc4d116d5c9,Victor Radhakrishnan,8072218562,vradhakrishnan@gmali.com,20 Deo Marg,Lucknow,259292
b-756,d1d85c01-c5a1-4b98-8d32-496643253d18,Ikbal Babu,7666039312,ibabu@gmail.com,399 Virk Ganj,Delhi,
b-757,7417c735-172a-4091-ad23-978d1fadd5fb,Dalal Yahvi,9594582919,ydalal@outlook.com,259 Subramaniam Zila,Ahmedabad,166796
b-758,661e1fd2-face-435c-ab6a-19a845f90842,Pushti Karnik,7503731098,pkarnik@gmail.com,462 Raj Choawk,Bengaluru,944096
b-759,37fd45ea-c510-4a27-a90d-22935c1dcac0,Aachal Sood,7325827577,asood@gmail.com,11 Chacko Ganj,Lucknow,487611
b-760,9ef963b1-a2b4-4354-914a-c4eb67fcf117,Prof. Bhanumati Rege,6683698569,brege@rediffmail.com,208 Gulati Road,Ahmedabad,105547
b-761,1c47a6c9-608a-4881-814a-a151856d53d6,Abdul Amble,6578565070,aamble@outlook.com,499 Virk,Kolkata,411409
b-762,2c967390-3c70-4e4a-a1f7-b169de3d475a,Smt. Jacob Venkatesh,6569722934,jvenkatesh@yahoo.com,197 Pfashad Nagar,Chandigarh,431208
b-763,28a8c0f8-57f0-42ba-907b-1daa8e15e8b2,S. Mutti,9426555700,,78 Pathak  Marg,Mumbai,808025
b-764,9a18b1e0-8f4a-4a1c-92de-974a2d72ba21,H. Dubey,9457076440,,123 Kulkarni Mrag,Bengaluru,291985
b-765,6a1db392-0711-4766-bca0-054fd8220833,Advika Wason,7773769825,awason@rediffmail.com,153 Pau Marg,Delhi,109556
b-766,ff2c5273-0e82-4e8e-9ace-a1247bbdf11c,Dr. Vasudha Gola,7172104132,,389S ule Path,Kochi,
b-767,6c9507b9-e1ac-46ab-a75b-14185bc0c4e0,Zehaan Mohanty,6500356711,zmohanty@otlook.com,434 Padmanabhan,Nagpur,657974
b-768,97a0e956-f852-488e-bb9b-b9558016a765,Sanya Edwin,9359679685,sedwin@rediffmail.com,321 Kala Zila,Bengaluru,421184
b-769,cc2d542a-ea6b-4929-a8d2-975f08ba555b,Yashoda Rattan,7634133940,yrattan@yahoo.com,4364 Ben Path,Delhi,541990
b-770,ce645265-68a1-4639-a16d-b6fa6aa6a147,N. Ramachandran,8275240733,nramachadnran@gmail.com,183 Chand Nagar,Ahmedabad,130743
b-771,5d05691a-bc8c-4dfd-9e70-95a214f8be8d,M. Sinha,+91 74705 00013,msnha@ymail.com,453 Sarahn,Chennai,
b-772,be35ee36-d641-4500-8bbd-132108ab7d2b,Gaurang Bhatt,7576192830,ghatt@ymail.com,294 Kapadia Road,Gurugram,535996
b-773,c0714b1c-b0c1-44a8-9102-ddff930c2289,Kamala Buch,+91-68826-55378,kbuch@reeiffmail.com,451 Barad,Bhopal,259303
b-774,c55caf9f-e627-4d5c-98f8-a0a8d811381b,Leena Rattan,9967535902,lrattan@hotmail.com,170 Verma,Nagpur,413539
b-775,e3a4f505-c3cb-4d51-9e83-b7b075c50ad0,Bhaviin Bhandari,7763499074,bbhndari@gmail.com,317 Talwar Street,Delhi,723529
b-776,3dd10a1b-b547-4aa4-8fd3-568602a2c28e,Bhavika Hayer,6256903291,bhayer@yahoo.com,149 Uppal Nagar,Chandigarh,508697
b-777,e490d4b7-ac38-4c9d-bcb8-b8b67e819960,Zaitra Kata,+91 73851 67255,zkata@yahoo.com,5 Gara,Bhopal,489795
b-778,f9b74409-21a6-44dd-a94a-6ef8352469f5,Prof. Nakul Chadha,87111-56183,nchadha@outlook.com,376 Ratta Road,Ahmedabad,692969
b-779,2077d848-1d97-4fc4-8d80-ae537018222c,IraRana,6497749998,irana@outlookc.om,4 8Iyer Marg,Madras,453391
b-780,cd93b002-5efb-4f00-8325-a16f054505a6,Zarna Aurora,9233342834,zaurora@ymail.comj,219 Chan Zila,Nagpur,
b-781,fd7ccd7b-9e97-44a3-a3bc-43d80b722b52,Upkaar Hayer,6196122987,uhayer@gmail.com,245 Raval Chowk,Delhi,362189
b-782,3cb8e179-7472-47c8-85bc-c5e5714bcb4a,Yashawini Chhabra,8297000447,ychhabra@rediffmail.com,8 Bora Circle,Chennai,703636
b-783,907396be-c4e1-4723-99c2-7e25ed1e8c00,Yahvi Menon,7430324074,ymenon@yahoo.com,453 Dada Path,Bengaluru,237590
b-784,446a8de4-398a-4d26-9556-8d2580d11067,Yochana Kurian,7550179894,ykurian@rexiffmail.com,441 Krishna Circle,Jaipur,
b-785,8d96c3eb-2010-4364-b686-5e19dcd2b76d,Ayaan Subramaniam,+91 61961 63147,asubramaniam@gmail.com,178 Kuruvilla Zila,Kolkata,583542
b-786,a520a0b3-bb14-4d1a-a169-8491a8bfef09,Ekansh Rjaa,8087687245,erajs@hotmail.com,319 Karpe Ganj,Kochi,996689
b-787,03daa490-c0b9-4b2d-ba3a-3bb4e4da3247,D. Sachar,6920370448,dsachar@gmail.com,9 Vartg Path,Ahmedabad,479959
b-788,9a2bbba9-c6a8-48d3-be07-17b50794dfbe,Aditya Lall,08502006482,alapl@rediffmail.com,307 Mani Ganj,Jaipur,133964
b-789,97003bc3-92ba-426c-9f69-af5529216cb6,Rastogi Girik,08876040134,grastogi@outlook.com,450 Borra Path,Gurugram,502302
b-790,77b7ac4c-e392-465c-abff-db0092a45b3f,Dr. Pranav Soni,+91 96268 01537,psoni@hotmail.com,498 Pandya Path,Delhi,895253
b-791,3ceb3eee-e875-440a-a92a-4bca2083441d,Tejas Luthra,7235790838,tluthra@gmail.com,313 Gupta Street,Kolkata,786495
b-792,7b2a3a60-9e19-48c7-8268-00eaa51aaa92,Wishi Iyengar,98346-13082,wiyengar@homail.com,226 Khruana Ganj,Nagpur,769933
b-793,e2ef9d4a-9814-4b84-bcf5-5acaee9a3996,Alka Jhaveri,9100283741,ajhaveri@hotmailc.om,116 Jain Ganj,Chandigarh,
b-794,573c82be-c2b6-4b20-9b08-197866dae26d,Zaid Parekh,8288623413,zparekh@gmail.com,78 Chhabra Street,Kolkata,
b-795,fac58b92-e82f-4b89-8801-c2ffe502fe3f,Yasti Mammen,8412711004,,312 Kapadia Marg,Lucknow,
b-796,0a39a786-1633-4cdf-9b90-5539f1f743cf,Kabir Bhagat,9331539149,kbhagat@rediffmail.com,382 Sampath Circle,Cochin,171650
b-797,7430005c-9a07-484e-99c7-16d4634bdc72,Jai Vasa,+91 69903 98450,jvasa@outlook.com,333 Mutti Chowk,Nagpur,790281
b-798,bd3cc9a8-ea31-4120-b7aa-94ac015a74e5,Abhiram Arora,7258734567,aarora@hotmail.com,158 Raghavan Ganj,Kolkata,
b-799,f6d5caca-6f14-475d-89c1-606f56668806,Shri Harrison Nanda,9558176507,hnanda@yahoo.com,447 Lad Path,Kochi,490277
b-800,ce459cc6-b4ef-47bd-93e2-c3908cab055f,Rachit Lall,9628051022,,445 Luthra Gann,Ahmedabad,152145
b-801,ca335c91-5482-42ac-b9ee-8ca5ba3ca397,Wishi Samra,8619156895,wsamra@outlook.xcom,209 Saini Ganj,Lucknow,870563
b-802,93728681-ea31-46f8-8dbe-b09551121504,Kashish Patla,6436978599,kpatla@gmail.com,320 Manmmen Marg,Pune,276184
b-803,96dde72b-f625-48a9-ae78-14305ab1de0c,Veer Chaudhry,7699460993,vchaudhry@rwdiffmail.com,484 Keer Road,Ahmedabad,385266
b-804,76dcffea-de20-40f2-a3b2-c66b66970f0e,Er. Mason Solanki,7147259222,msolanki@ymail.com,264 Goda Nagar,Lucknow,663525
b-805,3b467415-cbe3-463a-8c61-060c5449fdea,Oviya Tata,8093695606,otata@ymail.com,459 Varughese Street,Delhi,589403
b-806,d787ef86-1bda-4068-8081-ab2cf50902ea,Diya Sur,7683721135,dsur@rediffmail.com,424 Krisyna Road,Delhi,
b-807,5472b6dc-163f-4018-a99b-46620b61ccf1,C. Rao,8997610577,fcrao@yahoo.com,252 Gade Zila,Hyderabad,788175
b-808,50b1cd65-7eac-48e6-ab0d-1a11496cbf7d,Darpan Kale,7627235076,dkale@ymail.com,138 Soni Road,Chennai,385002
b-809,a7fa38f3-6f39-4ea8-bc49-50709f63e5cf,Jalsa Parsa,6202926926,jparsa@hotmail.com,143 Kurian Circle,Lucknow,220224
b-810,045f5f0d-c151-40e9-8a3a-c92b7b7778c9,Hemangini Bahri,9332686571,hbahri@hotmail.com,353 Dara Marg,Bhopal,803333
b-811,6f45b8f3-f749-4649-bf50-0ee8f71739a0,Owen Mane,7484160362,omane@outlook.com,228 Nair Path,Madras,185216
b-812,df61051c-cd34-4fb1-9ba7-5f82d7281322,Y. Sura,6743834798,ysura@outlook.com,56 Bra Chowk,Gurugram,251907
b-813,3ad989c6-4cbe-4a12-9d30-bd84271a2867,Lakshmi Mangat,6833721931,,109 Dhillon Chowk,Kochi,948071
b-814,6f174f96-0027-460f-be47-e3641d379226,Nazareth Oliver,+91-92481-97628,onazareth@ymail.com,147 Ravel Marg,Nagpur,569155
b-815,1f8e04a1-1ca7-4d46-97cf-3d6ec862dcd6,Vedant Murthy,9184395287,vmurthy@yahoo.com,339Manne Path,Mumbai,926680
b-816,d2bdd3ce-b2ce-4477-9c94-c69d0306b6fc,Shri Oliver Gour,8161961956,ogohur@gmail.com,94 Dzass Nagar,Pune,329181
b-817,aa51a6f5-f26d-4002-b201-13c7e40ee4e8,Devansh Solanki,9114503231,dsolanki@rediffmail.com,237 Bhagat Circle,Chennai,266681
b-818,0af85010-dbb8-4b51-9795-e8dad2fe149e,Atharv Ranganathan,7595594166,aranganathan@yahoo.com,364 Chcko Circle,Ahmedabad,729419
b-819,a0d70ff8-6a15-4515-a16b-8de47442f2d7,Hemang Lala,06927926064,hlala@gmial.com,336 Dugal,Lucknow,658856
b-820,73d43b52-890f-4ae7-9d2f-787fbe71e082,Frwado Ramakrishnan,+91 77658 87595,rfamakrishnan@outlook.com,95 Karnik Road,Jaipur,911239
b-821,1234f055-c6ca-49dd-8a32-a2442afd5edd,Mr. Yug Mander,7025734285,,305 Date Chowk,Chandigarh,393466
b-822,c1e225c7-f8fd-496c-a3e3-1d39a8a27ff3,Karan Vyas,09741461375,kvyas@ymail.cok,109 Balakrishnan Stree,Cochin,221830
b-823,57c7bfd4-85d7-4184-8e91-70d01eb3a5e2,Unni Zachariah,81407-60446,uzachariah@hitmail.com,230 Saxena Road,Nagpur,269323
b-824,a414f4df-e12a-4395-9623-ae827027c808,Krishna Zacharia,85528-68742,kzacharia@ymail.com,367 Shan Street,Chandigarh,959990
b-825,4174dcd8-dee4-4401-84b7-a7c327cb57c8,Shri Radhika Viswanathan,6076144064,rviswanathan@ymail.com,58 Mukherjee Circle,Mumbai,736086
b-826,003743a5-4fcb-4473-8c96-75ad8ca00832,Idika Subramaniam,6367105597,isuramaniam@outlook.com,296 Karan Circle,Pune,
b-827,9c173dc4-c7a0-4200-9676-7f0436c2f162,Gaurav Sathe,7448136621,gsathe@outlook.com,319 oPau Road,Chandigarh,875509
b-828,0af447b8-3ef6-4013-9da6-a29c5a6c7153,Nitara Lad,6427081496,nlad@ymail.com,10 Mitter Street,Jaipur,
b-829,e6ada576-8392-4165-a97a-7c5cfd014bde,Advaith Acharya,9455037995,aacharya@yahoo.com,239 Deshpande Circle,Gurugram,211917
b-830,e9fbd9c5-5f9f-4bfc-97ee-3884ce84151c,Hemangini Mangat,8636997505,hmangat@rediffmail.com,422 Wqrrior Chowk,Hyderabad,126332
b-831,d4a4ca2d-4b4e-45d7-afce-0fa57bdcca83,A. Swamy,+91-97431-03229,aswamy@rediffmail.com,276 Mistry Chowk,Ahmedabad,386842
b-832,c6a5f136-fee5-40ea-ad12-c4d21f92650b,Sani Aditya,9746939619,asani@trediffmail.com,193 Kashyap Rowd,Pune,597310
b-833,e8b1624d-4e3c-4d2f-b3f5-3f6c316a6dde,Abhimanyu Prakash,+91-75254-58172,aprakash@gmail.com,223 Sabharwa Ganj,Lucknow,203156
b-834,1e190977-cfd7-41c8-9e82-369fa546ef98,Mrs. Rajeshri Rana,6037814372,rrana@hotmaip.com,425 Gade Ganj,Jaipur,
b-835,48b0acf0-67a5-4f65-b880-47de4a4f4e0e,Fariq Sami,8991135711,fsami@yahoo.com,136 Varughewse Ganj,Chandigarh,964469
b-836,8d1b0a4b-41cc-4d8f-9ff0-a43a464fcaa1,Anit Mane,6051045550,amane@yahoo.com,172 Luthra Circle,Mumbai,823251
b-837,6a6189be-1417-4903-8ce9-06ba70a1d51e,Nitara Guha,74573-07616,nguhs@gmail.com,321 Gopal Zila,Nagpur,694676
b-838,9b6c25a6-f4eb-449e-8646-cbb0cd67e34f,Laban Mann,7999111547,lmann@yahoo.cim,100 Shah Zila,Kolkata,734358
b-839,26d627ce-a558-4c02-acb4-e536dc26879b,Raghav Nagi,8819727461,rnagi@yahoo.com,386 Doshi Nagar,Hyderabad,196562
b-840,16422bc3-1009-49d5-8871-cd4cecd76f54,Harsh Manda,7261686145,hmanda@hotmail.com,23 Dass Road,Bhopal,299052
b-841,39756674-90ec-4de6-84cc-a5253c5d58a1,Raksha Anand,8722000267,ranajnd@ymail.com,273 Chana Ganj,Kolkata,461601
b-842,da798bc7-6df1-4ff1-b8bf-161b0273e93c,Matthew Aurora,8692502741,maurora@hotmail.com,61 Kalla Chowk,Chandigarh,
b-843,412772ad-69b7-479b-a3ab-0e069e8063ca,Faris Dhingra,6536434922,fdhingra@gmail.com,369 Lata Nahar,Mumbai,
b-844,80f35d81-fd63-40df-b17c-976308281de6,Advik Dara,09288312676,adara@rediffmail.com,51 Rajan Ganj,Jaipur,661071
b-845,af4334f0-0d60-42b0-afe4-115dcec63685,Triveni Chandra,9696844220,tchandra@hotmail.com,493 Joshi Circle,Nagpur,358395
b-846,a497da37-3dcb-45f2-b4fb-0130f9178de7,Urvashi Ramachandran,9990965143,uramachandran@ymail.com,170 Naidu Roa,Gurugram,101809
b-847,ccbd9567-71a4-4905-9816-158da326a140,Nathan Basak,8756155598,nbasak@outlook.com,202 Verma Circle,Nagpur,
b-848,95fc8459-c12b-431d-a0b8-8bc30a732e00,Isiaah Keer,8775551480,ikeee@rediffmail.com,283 Nair Marg,Bhopal,592347
b-849,43d39af9-959d-463c-aa6b-2d920cf463ae,Mehana Kibe,7086558767,mkbe@yahoo.com,356 Basak Nagar,Lucknow,802914
b-850,701c84c4-3122-4b8d-8723-143e2a5c4fa7,Vaishnavi Dubey,7218654496,vdubey@ymail.cokm,400 Chakraborty Path,Ahmedabad,971962
b-851,f2ea0c54-f3cd-4609-b7e1-16bd6efdce12,Hamsini Bhasin,+91 93544 15484,hbhasin@ymail.com,149 Parekh Nagar,Chandigarh,
b-852,a9d7f66a-8321-4f9b-adf6-f662f9e892c1,Reva Hans,6523203388,,144 Purohit Nagar,Jaipur,206458
b-853,05772185-e22c-4905-8b66-553a06a7e1ad,Ishita Desai,6184369438,idesai@gmail.com,422 Badral Road,Nagpur,463011
b-854,066de9d0-369e-4a4b-928f-470dae3564b2,Vrishti Gupta,8658296934,vgutpa@gmail.com,462 Grover,Bhopal,500600
b-855,f06d16de-1eda-4337-bf5a-382c09d80429,Naik Ijaya,6947850868,inaik@outlook.com,453 Maharaj Chowk,Kochi,
b-856,e91dd16c-0b6c-4849-ac3d-e8a612868422,Naveen Biswas,7740303756,nbiswas@gmail.com,385 Dubey Circle,Gurugram,316347
b-857,2e7626ad-fda4-4cda-84b3-c2139ecd7e28,Shivani Merchant,6930496690,,161 Peri Road,Ahmedabad,
b-858,32395e48-ab96-4a8e-a633-8a2edba3483c,Sudiksha Acharya,7130210978,sacharya@yahoo.com,144 Raghavan Circle,Nagpur,
b-859,f96dae53-c80a-4d1a-851a-de4a5529515a,Qasim Bahl,9296859340,qbahl@yahopo.com,385 Patla,Nagpur,416955
b-860,4c4c502f-9265-4c50-b17d-ed439eb27cc3,Lila Gupta,6778200892,lgupta@ymail.com,265 Tahnk Circle,Chennai,408426
b-861,0c3ac765-1de1-4939-94ea-a6f0f4224a5c,Ekalinga Bassi,8128046285,ebassi@gmail.com,160 Gokhale Street,Bhopal,
b-862,c1fcaa2d-7aa1-485b-aa93-491efdb8606c,Rehaan Chaudhary,6412087218,rchaudhary@redifvfmail.com,443 Rama Nagar,Bengaluru,328879
b-863,0ac9f94f-a2fc-455d-be3d-6814ebd55b50,Vrishti Vora,8967891268,vvora@rediffmail.com,364 Kunda,Chennai,103738
b-864,c42dcf0f-e565-4650-ac29-71fede744b8e,Agastya Joshi,6321287264,ajoshi@rediffmailcom,124 uch Chowk,Ahmedabad,
b-865,901e1e23-a8a4-421d-b5f6-e9ca01efe9da,Upadhriti Bhat,9571594077,ubhat@rediffmail.com,324 Sagar Path,Bglr,977854
b-866,83a30d40-5210-46eb-ad8b-5a876cf72a93,Jyoti Bhardwaj,8369814928,jbhardwaj@hotmail.com,261 Lata,Mumbai,622921
b-867,64d2dcdc-fa02-40c4-b9f4-e2481287d759,Reyansh Vora,7837026456,rvora@gmaik.com,348 Gol Ganj,Bombay,308480
b-868,34650e96-48c3-4ff3-81c9-958f05c4aa71,Ratti Pranit,8429850129,pratti@hotmail.com,24 Nazareth Circle,Gurugram,326334
b-869,2179f781-0708-42fe-ac05-b3374f2a5b79,Sachar Kamya,79411-50125,ksachar@htmail.com,256 Naik Marg,Nagpur,671757
b-870,e8d0a70e-a6a5-4691-bf87-e46c9264d44f,Wridesh Kala,6032126850,wkala@rediffmail.com,76 Kumar Marg,Lucknow,346550
b-871,d027cd84-0dc4-417b-8024-38ecb4244454,Jagvi Sethi,6548041047,,421 Ranganathan Chowk,Nagpur,
b-872,73f19288-3ee1-4d53-969e-6955002c8ac8,Charita Kapadia,7150236414,ckapadia@hotmail.com,177 Murty Ganj,Bhopal,
b-873,d38adbb3-324d-4ad1-b5cf-8d6d66b7d1d1,Anthony Majumdar,7676142734,amajumdar@hotmail.com,380 Vaidya Circle,Kolkata,396114
b-874,1f43bb27-7bbb-4b32-8a74-5d13b54e320e,Ishani Dugal,8944653350,idugal@yahoo.com,22 Lanka Street,Chennai,943808
b-875,e8112bf1-f550-4cfc-9bf8-c3b8418ccfed,Jeevika Krish,9092767657,jkrish@rediffmaiol.com,190 Kunda Ganj,Chandigarh,264406
b-876,1bc4ea14-d6c2-4a41-9399-cd0d80327661,Radhwa Saha,7183733638,,6 Karan Zila,Pune,789310
b-877,aefdb91f-8447-4eee-b664-efb2f9fd76b4,Advay Raja,6986778564,araja@outlook.com,191 Mody Nagar,Bengaluru,780641
b-878,c258d384-fef1-4db6-84d0-1c855e0155ff,Eta Thajkkar,8839049254,ethakkar@hotmail.xcom,384 Dua Ganj,Chennai,460268
b-879,9eb74f4e-f0d9-4ad3-a9b6-7345d1b1494e,Chandresh Ramaswamy,8982334408,cramaswamy@ymail.com,300 Tahman Chowk,Ahmedabad,816469
b-880,5a933eb9-64c0-4ee9-9f6f-5cc56e5a9286,Meera Divan,6986058078,mdivan@gmail.com,115 Nayar Street,Pune,680319
b-881,48c1b37f-624d-415b-a9a1-062ac93a3da6,Fitan oni,8702077012,fsoni@yahoo.com,260 Bawa,Lucknow,572230
b-882,c84821b2-0760-4ccc-8fd1-d8969a3290a5,Mohini Lala,9986034786,mlala@hotmail.com,394 Rastogi Zila,Gurugram,676266
b-883,43631ab4-506c-41a3-9e64-5d6ed69ccbb4,Yachana Saraf,+91 72631 08459,,468 Deshmukh Street,Hyderabad,459855
b-884,e3967f30-3dfd-4066-8b98-44279df94bb1,Vasana Hora,9279527851,vhora@hotmail.com,16 Rana Chowk,Kolkata,371929
b-885,e0049152-cdd4-4e31-9c7c-e6e620bb0386,Rohan Viswanathan,07771475281,rviswanathan@ymail.com,353 Kibe Ganj,Pune,757492
b-886,31ea78c3-be2d-41fc-bbb7-5355c795c5de,Ekbal Lata,6639206552,elata@hotmail.com,482 Naik Marg,Chandigarh,848511
b-887,9e16df16-442e-4b29-941d-4dd9b4fa19fb,Pall Jasmit,8649293347,jpall@rediffmail.com,383 Nagi Ganj,Bhopal,792438
b-888,c3e18525-319f-43e2-a9b1-6449c614a797,Inaya Sathe,8228708419,isathe@hotmail.com,163 Dhingra,Mumbai,352873
b-889,557c8f35-dfa1-4bf1-98eb-7bfa40e9db27,Ridhi Basu,9536496081,rbasu@yahoo.com,218 Iyengar Ganj,Kolkata,905945
b-890,3247cc82-efbd-4d29-a05d-fbc59f6fb861,Kashvi Dugal,08560522710,kdugal@hotmail.com,368 Chowdhury Zila,Delhi,433669
b-891,32061797-c0e6-4034-9619-732e47b7f75d,Chatura Kibe,9293750041,ckibe@utlook.com,69 Divan,Cochin,281858
b-892,958e2090-926c-4ac6-ab21-8f363535c333,Bhavna Atwal,7334854759,batwal@outlook.cmo,108 Choudhry Path,Jaipur,459525
b-893,1865254d-292e-4add-80fe-46630ee01e2b,Dalaja Sengupta,7566139870,dsengupta@hotmail.com,26 Bajaj Chwk,Jaipur,896037
b-894,49655aa3-058d-461f-b80a-8e79ce14b368,Garima Kadakia,8876834564,gkadakia@hotmail.com,83 KakarCircle,Kochi,783126
b-895,1c9ff8a7-6695-44ac-957f-e43386bc3e0b,Lohit Badami,9183892323,lbadami@outlook.com,206 Vyas Marg,Bhopal,877636
b-896,0a17dbd1-ff79-494d-8c10-1cd0f4dc89ff,Caleb Kumer,6621358978,ckumer@outlook.com,204 Bhasin Street,Gurugram,263431
b-897,8d877514-4590-4059-baca-6d76d202c4c7,Bhanumati Iyer,+91 97295 01741,biyer@outlook.com,300 Madan,Hyderabad,670076
b-898,0cb9560d-d5ba-49aa-9350-20743dd8b2ff,Lipika Madan,9000555234,lmadan@gmail.com,376 Chokshi Path,Jaipur,577190
b-899,27e521d6-4fb0-42e5-a5d9-88e8b47fc501,Anirudh Master,8114883295,,113 Kaashyap Marg,Kochi,527980
b-900,8b3d5b4a-0b4d-4dd5-bfce-c369d8542933,Er. Lajita Trivedi,9831705348,ltrivdei@ymail.com,201 Mutti Zila,Chandigarh,
b-901,2db8d7f2-c118-48c4-afbf-760b5a946a08,Gauri Suri,8425080637,gsuri@hotmail.com,14 Dugar Marg,Hyderabad,890587
b-902,81bddac5-20a2-4726-85b6-3830a0c6cc73,Andrew Palan,+91 80646 30066,apalan@yahoo.com,42 Pant Path,Ahmedabad,960930
b-903,2ded5d9c-12bc-4e1a-844d-b784af57fcb5,David Kurian,9848797562,dkurian@rediffmail.com,354 Balan Marg,Delhi,541730
b-904,7fff0eb2-d707-4cb5-9a50-26499c779be1,Maya Devan,6940703273,mdevan@outlook.com,27 Raja Zila,Calcutta,920466
b-905,8522a1a2-8cb2-46a1-b4eb-e6888799b568,Pooja Muni,8890670692,pmuni@ymail.com,467 Narauan,Chandigarh,
b-906,cb715e40-30fb-4234-89d2-235efb6421b8,Saumya Deep,7873521308,sdeep@gmail.com,163 Deiv Ganj,Pune,570147
b-907,26cc7737-00af-44ef-88da-e70975e73d39,Krishna Sani,9737583779,ksani@yahoo.com,432 Dugar Street,Chandigarh,908852
b-908,0dcd6e0c-7501-44b5-8306-c69e14438676,Er. Eesha Bir,8406553871,ebir@gmail.com,91Walia Circle,Lucknow,
b-909,74b5861b-49e0-4834-a36b-c0cb46ae931f,Jzagat Gour,9455973837,jtgour@ymail.com,404 Dhingra Path,Jaipur,827507
b-910,5e50b557-9fb8-43b3-800a-7c416bd703e5,Ayushman Nagar,7113557906,anagar@gmail.cm,180 Sabharwal Marg,Bengaluru,
b-911,67fff9b6-bb97-4f38-9a03-2b9e62c540e5,Chavvi Savant,9517434229,csavant@yahoo.com,229 Doshi Road,Hyderabad,833569
b-912,109044fc-646c-43bb-b3ed-fed005708b8d,Raghav Chhabra,7063818391,,176 Goyal Street,Chandigarh,125709
b-913,80ff5fc0-dafd-4be2-8960-d530a4f517fe,Atharv Loke,+91 88954 67969,aloke@rediffmail.com,575 Kashyap,Gurgaon,664187
b-914,fca9d323-09dc-4579-a432-ada2c7a60ed6,Vincent Kashyap,7475708472,vkashyap@outlook.com,294 Parmer Nagar,Hyderabad,
b-915,de082f35-378c-4d0b-a58a-2d7d08500e66,Vyanjana Som,9287657011,vsom@rediffmail.com,216 Gade Street,Mumbai,498452
b-916,baffad84-f5e4-4832-ade9-0d55f606c0cf,Reyansh Kara,9824241979,rkara@yahoo.com,436 Rege Nagar,Chennai,120961
b-917,ef42ff77-a9ad-47ca-8876-1040e67612a4,Mrs. Alexander Madan,6690301921,amadan@gmail.com,490 Kapadia Mag,Gurugram,
b-918,11a5b91b-8e97-4380-b934-4b305f1762a1,Samaksh Jayaraman,+91-82254-01415,sjayaraman@yahoo.com,146 Goel Zipa,Bhopal,704019
b-919,d54801ce-4529-478d-a53b-450ff19b1eeb,Dr. Reva Suri,8896258631,rsutri@gmail.com,189 Shankar Path,Nagpur,
b-920,90f8bd2c-2108-4b69-aee5-5b41f6317986,Yatin Sane,9369563802,ysane@ymail.com,242 Barman Marg,Pune,451530
b-921,996923a0-2408-486d-80e0-20c51e540023,T. Basak,8792453955,tbasak@yahoo.com,208 Venkataraman Ganj,Lucknow,581097
b-922,13ff0db4-e8bd-4061-915e-2581a7415597,Ms. Zaitra Bawa,06610746736,zbawa@outlook.com,290  Manne Ganj,Bhopal,385219
b-923,a0657d63-19be-437c-bc6c-57826750660e,Ria Rao,6149975247,rrao@ymail.com,481 Mangal Road,Chennai,290426
b-924,a3cae9f6-cad2-440b-802a-0916ef4ec4f3,Triya Ganesan,8273713245,thanesan@yahoo.com,333 Menon Marg,Mumbai,
b-925,c6f00c6e-6a4a-4e45-812d-71fdf36de82e,Chatura Varughese,7715380059,cvarughese@ymail.com,297 Sheth Street,Lucknow,927678
b-926,5e74da7e-888c-4534-8503-e863147d549f,Deshmukh Pranit,+91-67615-72622,pdeshmukh@hotmail.com,176 Sachdev Marg,Chennai,199461
b-927,85d9fcbb-c4ae-4349-9c2d-c82ab68f97f5,S. Jaggi,8012300741,sjaggi@hotmail.com,346 Chana Chowk,Lucknow,163058
b-928,ce583bb7-638a-4b4b-8b5f-0033acfebbb4,Zashil Naik,7133770536,znaik@hotmail.com,269 Dasgupta Street,Lucknow,
b-929,db1b1884-a443-4513-811e-2b2db65e817c,G. Comar,9189216806,,16 Patil Chowm,Nagpur,499604
b-930,2d00cdc3-8a86-446b-afe0-69627d4a6992,Freerick Viswanathan,09281574470,fviswanatuan@rediffmail.com,345 Vaidya Marg,Delhi,176622
b-931,c0747032-25a5-4b33-881d-b98a2210038c,Nathaniel Radhakrishnan,9019350147,nradhakrishnan@rediffmail.com,447 Rai Circle,Lucknow,932674
b-932,34611bb7-8a13-4e85-ad2e-b61e95cb6d1f,Caleb Garde,9184567612,cgarde@ymail.com,21 Doctor Path,Bengaluru,502457
b-933,40e55e77-4614-4fd0-8167-77fe3c3cbaa0,Nicholas Dhillon,6069177204,ndhillon@gmail.com,57 Behl Sfreet,Nagpur,
b-934,f1572455-9079-4768-99e2-7c70dee5e90a,Oni Morar,8157802251,omorar@ymail.com,458 Sehgal Road,Delhi,395465
b-935,6a39a69f-ee84-4dfd-b746-d76330b51a24,Bhavya Golla,7532318690,bgolla@otulook.com,280 Deep Zila,Bhopal,801432
b-936,92dcf061-c6c9-4268-81f3-bf3fc68f6748,Samaksh Aggarwal,6112145215,saggarwal@gmail.com,369 Kulkarni,Bengaluru,542813
b-937,8d95d2a0-fe8b-437d-9515-5ae897066e45,Advik Shanker,6625567582,ashanker@rediffmail.com,172 Tara Chowk,Chennai,602205
b-938,17c40b9c-7dd4-4925-bd99-0d8088bb5bb3,Fariq Ahuja,8605240753,fahujza@ymail.com,322 Mall Ganj,Kochi,154440
b-939,827442f8-61aa-4f1c-8fbd-edc34cfb9b72,Sarthak Bawa,6603989367,sbawa@yahoo.com,471 Divan Strdeet,Bhopal,643823
b-940,49689bb2-7940-4c78-b650-3b87b28ebea6,Christopher Palla,6058828353,cpslla@outlook.com,265 Dhilllon Nagar,Kochi,598966
b-941,0caf4cbc-6ce2-4865-a5f4-08721a531c57,Neel Mane,6017841921,nmane@gmail.com,167 Goel,Chennai,
b-942,381ab146-d8ee-459b-86f9-d7a0bfa70525,Tamanna Parsa,+91 84586 80896,tparsa@ymail.com,284Chander Nagar,Nagpur,715241
b-943,34359d38-26e0-44e5-b03f-08a15096e529,Chandani Naidu,81719-63360,cnaidu@rediffmail.com,275 Raghavan Path,Kolkata,362260
b-944,e5a34974-b179-46fe-92c5-e7e0b2c9a799,E. Sane,9499042415,esane@gmail.com,311 Bhattacharyya Circle,Lucknow,
b-945,296806ea-f5ba-49db-b474-9e7f3ce22750,Brinda Sinha,8139308966,bsinha@hotmail.com,180 Dara Street,Pune,744286
b-946,0783d4db-d664-4882-87c8-8176113b4661,Anvi Narayan,7568318750,anarayan@hotmail.com,310 Sachdev Circle,Madras,109810
b-947,e6bb4339-ceb3-47bc-b0b9-a38f049d7ca7,Shaurya Kadakia,6738391158,skadakia@gmail.com,251 Bhrdwaj,Pune,114734
b-948,53b3a96d-44b5-4a78-a484-40f0de0c5602,Aashi Vora,6788514763,avora@yahoo.com,326 Pandya,Bhopal,
b-949,aaaa52fd-3dce-473a-82fc-99e5d461ee5a,Kai Taneja,93920-35017,ktansja@outlook.com,303 Tank Circle,Calcutta,927840
b-950,19171d03-8a8e-43a6-8c22-942e196f6f3c,Waida Gole,6255228717,wgole@gmail.com,223 Kaul,Bhopal,804854
b-951,be7f88c6-df2a-45fd-a4a1-b0527cb14850,Bina Hari,6583752070,bhari@hotmail.com,18 Dani Nagar,Madras,265068
b-952,614bca84-02ae-424e-86fe-86c3590a692f,Arjun Shroff,7312577575,ashroff@hotmail.com,177 Johal Zila,Jaipur,
b-953,0fff7a97-0784-4ecf-bdb6-eeae8dbe4618,Inaya Kala,7798755929,ikala@outlook.com,308 Jaggi Nagad,Lucknow,
b-954,f4e53aa3-0993-4f92-962b-b02d4f932eeb,Baghyawati Kumar,9990699598,bkumar@gmail.com,442 Morar Zila,Gurugram,755859
b-955,cb59a8e3-c2c3-4d4c-9e13-6fff34247a99,Charuta Toor,7941092708,ctoor@outlook.com,113 Naik Circle,Delhi,476039
b-956,f016be18-5284-48cb-a47d-a804462fcfcd,A. Comar,7081119970,acomar@outlook.com,374 Om Path,Pune,152663
b-957,38feb929-cf87-4857-8357-c1aa6215137a,Balakrishnan Meghana,7783644721,mbalakrishnan@hotmail.com,411 Hari Street,Jaipur,899106
b-958,eb8c3087-444e-4bef-ae22-40e0021c8e28,Ganga Nigam,9844248564,gnigam@rediffmail.com,356 Som Chowk,Lucknow,575216
b-959,933b5237-41b3-4bc9-adb9-4208b6001397,Triveni Yadav,07212272175,tyadav@yahoo.com,353 Shere Path,Gurugram,409432
b-960,952f0800-1750-49fa-8817-ec41bdc4da9f,Diya Wason,8868164888,dwason@yahoo.com,246 Joshi Nagar,Chandigarh,
b-961,99efc1da-dacd-423f-bcfc-b3aee1f281f1,Avni Balasubramanian,6481530679,abalasubramwnian@outlook.com,163 Prashad Path,Mumbai,237424
b-962,547acf53-44e3-4b7e-8f81-891a50cba63a,Noah Ramachandran,6421745479,nramachandran@outlook.com,78 Daxa Street,Bangalore,932658
b-963,4c86b8b6-8aec-4b70-983c-e702043cddbd,Darika Murty,7855962260,dmurty@gmail.com,38 Magar Nagsr,Kolkata,975659
b-964,a36a16f4-5ec1-4f3c-ac70-684af4eab71e,Odika Chadha,5815523046,ochadha@yahoo.com,269 Khanna Chowk,Lucknow,746772
b-965,ea836f6e-44df-4e6a-84f1-07c215a54a72,Kamya Seth,9261315005,kseth@outlook.com,165 Kalita Road,Jaipur,283457
b-966,ce2503bf-e386-4e2c-9792-acf040eda5a8,Baljiwan Jaggi,6336642524,bjaggi@hotmail.com,444 Sawhney Zila,Pune,932255
b-967,c503eee9-9fa0-43f2-b52d-0aa19dce6c1b,Yashawini Bakshi,6047339940,ybakshi@rediffmail.com,357 Tella Chowk,Hyderabad,577414
b-968,7c6c49c5-3f18-4c03-8a04-eaa3d6e271e7,Dayita Narang,9460340444,,398 Chaudhari Street,Lucknow,368371
b-969,03cff5a5-32da-46db-ba9d-8564650c1f50,Zaitra Deo,9838677798,zedo@hotmail.com,281 Bansal Ganj,Bhopal,
b-970,d2c79d8e-deb6-48d1-b5f5-137a531c8361,Aayush Mukhopadhyay,8919177819,amukhopadhyway@rediffmail.com,56 Chahal Nagar,Chandigarh,586045
b-971,77537595-81f4-4573-9cb5-218530eba7c7,Gauri Sibal,9677747353,gsibal@ymail.com,365 Chauhan Nagar,Delhi,564342
b-972,5555ea18-f1c2-4492-8aca-a2aac6acddb0,Devika Bajaj,07177367798,dbajwj@hotmail.com,115 Myni,Delhi,845617
b-973,c8f71048-717d-417d-b3ef-506a490cd6b6,Prof. Shaurya Nagi,9750465555,snagi@yahoo.com,302 Hans Ganj,Bengaluru,731219
b-974,cbd67c1a-be88-4b5a-979d-4eaa3b8e2e1d,Smt. Bhavini Malhotra,6630194216,bmalhotra@rediffmail.com,177 Nagar Circle,Bhopal,669941
b-975,d1244553-4874-47a7-aa12-cf8e37d5621d,Er. Ridhi Dalal,7111749321,rdalal@ymail.com,259 Dixit Road,Delhi,101803
b-976,18552446-9363-4883-aa22-71ec5e588258,Nakul Mahal,6742056243,nmahal@ymail.com,395 Aurora Zila,Cochin,207268
b-977,1ef7a392-d14b-48aa-b72f-bbfa65a49de2,Yoshita Chaudry,8930240068,,261 PallaG anj,Chennai,
b-978,abf35525-1612-45bf-b14a-09a4f908bf35,Eiravati Madan,+91 69111 14670,emadan@yahoo.com,67 Mander Street,Delhi,978121
b-979,a8df60c0-45e0-4ae5-861b-c7c5ced9d2eb,Yaah Garg,8291265082,ygarg@rediffmail.com,167 Mukhopadhyay Zila,Delhi,932441
b-980,e5ca773c-6c59-4a6d-960c-de27b276aeea,H. Zachariah,8472646432,hzachariah@rediffjmail.com,35 Bedi Chowk,Jaipur,158546
b-981,ef412642-311a-4307-b4e2-8f8552575de0,Balakrishnan Kalpit,7264286456,kbalakriashnan@gmail.com,404 Bedi Chowk,Hyderabad,318159
b-982,4b52ae18-6de3-4bef-b69d-f81fae3e5a68,Rajagopal Hitesh,7528220608,hrajagopal@ymail.com,56 Chadha Nagar,Kochi,377615
b-983,b1a53cdc-bbde-420a-aafa-d7c7a77a93ea,Pooja Ramanathan,8349639593,pramanathan@yahoo.com,321 Sehgal Street,Bhopal,225086
b-984,abbc7b21-7c4b-4b94-83a7-0393b9b3a48f,Farhan Shroff,+91-66893-74132,fshroff@ymail.com,88 Deep,Chandigarh,832032
b-985,af613dd1-6fdc-4a8d-8a42-85908a5a3ace,Girik Sidhu,9071282536,gsidhu@hotmail.com,222 Shah Zila,Chennai,548704
b-986,14f68422-dfcb-448e-8f97-d58c2b81c223,Dayita Shroff,8845111632,dshroff@outlook.com,199 Kata Chowk,Pune,841217
b-987,3bdb1678-90ed-47a0-a626-5bc449d0d085,Udarsh Dhawan,+91 82024 70833,udhawan@gmail.com,318 Kuruvilla,Delhi,313542
b-988,3c2e98c7-ec03-4fa9-a3ad-39c738b86e08,Januja Ramanathan,8655595534,jramanathan@rediffmqil.com,429 Narayanan Street,Mumbai,452284
b-989,e4d93237-542c-434b-b76d-a5edde5f9e38,Soman Dhruv,8291651615,dsoman@outlook.com,37 Panchal Zila,Jaipur,334763
b-990,ee4f0227-42f4-447b-9235-022c50281889,Harini Joshi,6111668027,hjoshi@rediffmail.com,214 Sankard,Bhopal,849762
b-991,a445102e-30ad-418a-91d3-7ba6d61028ba,Radhika Oommen,6709743338,roommen@rediffmail.com,103 Keer Circle,Bhopal,276119
b-992,e5a48552-7b18-446d-8aad-903cd52f42fd,Oscar Brahmbhatt,6463348690,obrahmbhatt@ymail.com,22 Sur,Delhi,534212
b-993,2bf458ed-84e9-43ac-a4f8-2827aee0a734,Ekaraj Chopra,+91 82350 35229,echora@yahoo.com,451 Raghavan,Gurugram,
b-994,4fd8b192-de96-445d-8843-41792d2d99ad,Dewan Teerth,6865090655,,199 Acharysa,Nagpur,497226
b-995,f5a33ead-07ff-4f0f-9baf-2572557d5238,Manan Dixit,9023333478,mdixit@hotmail.com,129 Wali Chowk,Gurugram,238011
b-996,8d37f4d7-453a-4cf6-8597-8c63819d2765,Bishakha Ramakrishnan,9255442752,brmaakrishnan@yahoo.com,219 Sekhon,Lucknow,170460
b-997,fde59133-46c7-445b-8988-590e3b85dbb2,Daksha Saran,8271784678,,147 Chakraborty Path,Madras,917319
b-998,d1687cab-ab1c-46d1-9aea-ff7f36cfff28,Abhiram Uppal,6330858808,auppal@gmail.com,435 Datta Marg,Hyderabad,740407
b-999,268156b1-5bf1-4922-ac3e-50e97e86b7c7,C. Bhatia,95210-27869,cbhatia@hotmail.com,166 Bera Path,Chennai,206849
b-1000,a69f917b-2a57-45f5-aa5a-e86c9158d0d6,Azaan Keer,7486523079,akeer@rediffmail.com,145 Ramesh Marg,Bhopal,310581
b-1001,2f21a2fc-b524-4653-b153-bc42f9e8ebd5,Eesha Raja,8243763849,eraja@outlook.com,442 Raj Marg,Jaipur,549035
b-1002,bcc97371-39e3-4bd4-b2c9-919b58645d99,Radhika Kakar,6865463321,rkakar@ymail.com,374 Soman Street,Calcutta,
b-1003,f1419a01-da12-4f4c-84ef-e059c39a1ab8,Mr. Liam Guha,6605314228,lguha@hotmail.com,202 Rajagopalan Circle,Mumbai,584447
b-1004,93aa59fd-64f2-4f60-a3f3-bff9c77db481,Sahni Jagvi,6608689868,jsahni@gmail.com,322 Mani Steet,Mumbai,936886
b-1005,6ed758fa-823d-4b58-a8f2-b71296e9c90f,Smt. Jeremiah Desai,6874917460,jdesai@uotlook.com,339 Bora agar,Ahmedabad,370109
b-1006,230501c8-4c01-4abd-8119-cfd319fbb823,L. Chad,7992559930,lchad@gmail.com,3 Sagra Street,Jaipur,343353
b-1007,9de2eddd-5506-4f04-98bc-df7d1e2f5fb9,Tamanna Sandal,8067175922,tsandal@gmail.com,352 Gole,Bglr,253371
b-1008,6cde717c-63c0-4931-8216-90ba3a2e8572,Suhani Upadhyay,8999544927,supadhyay@outlook.com,31 Sejngupta Marg,Gurugram,937265
b-1009,3e11cfc2-5fb0-4c86-84b7-df63b2f3b375,Leena Pant,6782853469,lpant@hotmail.com,173 Grewal Ganj,Hyderabad,159062
b-1010,167d5e69-b995-4c01-8427-c9b7982fb225,Panini Amble,6615723907,pamble@yahoo.cokm,452 Tara,Jaipur,226199
b-1011,43573a2f-4fba-4775-8c84-638afad2fc2c,Jeevika Bandi,6385519358,jbandi@uotlook.com,367 Subramanian Nagar,Bangalore,554800
b-1012,3f33b726-c7a4-4bb3-94f1-ad828f4b7774,Udyati Vrughese,6716784604,uvarughese@ymail.com,80 Vir kZila,Cochin,
b-1013,a0bc366a-b77c-4474-9d93-04715c6e9e7a,Gaurang Korpal,8374326294,gkorpa@rediffmail.com,235 Brahmbhatt Cbhowk,Calcutta,254143
b-1014,dd3f0e21-8787-400a-9a1b-551eba92630e,Advay Singh,7627901281,asingh@hotmail.com,269 Vala Chpwk,Delhi,
b-1015,d6a1f72e-caa6-441b-9045-9598537eb706,Dr. Upasna Narula,72299-64190,unarula@gmail.com,339 Pandit Marg,Ahmedabad,942912
b-1016,b506e12e-23a1-4807-8204-bd5a5a0246aa,Chaitaly Mann,6706077722,cmann@ymail.com,365 Banik Street,Delhi,
b-1017,aaf60c00-c2a1-4e87-9e9a-9c885a0742bc,Daksha Lad,8984840349,dlad@rediffmail.com,74 Solanki Nagar,Hyderabad,826974
b-1018,58ca0bba-d023-44cd-8501-e35992ba01bf,Omkaar Behl,7349358057,obehl@ymail.com,31 Bala Road,Kolkata,
b-1019,b8184d84-8afc-46a7-aa7b-f38d99d714e1,Sundaram Bhavini,+91-71821-89653,bsundaram@outlook.com,305 Date Zila,Ahmedabad,692284
b-1020,0f81ff2d-fe39-4517-a385-17bc8125b2c1,Yashasvi Bose,8228503968,ybose@outlookc.om,22 Krishnan Road,Kochi,446688
b-1021,735b9bf6-aecb-4f0d-807a-953a611cf081,Ms. Akshay Choudhury,6339901726,achoudhury@ymail.com,82 Ghosh,Bombay,
b-1022,2f411c04-c481-4f58-97cc-037720bc1674,Matthew Sekhon,6275054029,msekhon@rediffmail.com,36 Gill Pwth,Bhopal,598496
b-1023,eeb5c832-c985-4519-8a4a-b582db4b7fdd,Advika Keer,6681361825,akeer@hotmail.com,334 Golla Chowk,Kochi,256024
b-1024,592ab538-27c0-4838-b2d0-b19e2c80bfdd,Bachittar Oza,07149773566,boza@ymail.com,341 Dhillno Zila,Lucknow,780037
b-1025,6b954fff-94ef-4e4b-9d93-743d7d2cb243,Mitesh Tandon,8890335230,mtandon@gmail.com,225 Rajagopal Marg,Nagpur,648692
b-1026,0e1be2a7-cf12-4577-a7be-cde4c5a649e5,Hemani Bhagat,6927432854,hbhagat@outlook.com,401 D’Alia Road,Chennai,
b-1027,8073a7c2-cf2e-4b9d-a854-7b0a84138713,V. Mitra,6574102739,vmitra@yaho.com,214 Walia Chowk,Kochi,528207
b-1028,34f80dd9-7a64-43a1-a818-07d438d05f4c,Advik Mani,06812010807,amnai@gmail.com,457 Raja Chowk,Cochin,288274
b-1029,8443d8cd-a091-422e-9745-6d8e2fa9e656,D. Wagle,8972788777,dwagle@rediffmail.com,67 Chatterjee Nagar,Gurugram,299422
b-1030,fa614409-c5eb-43c2-94ad-67ad6c72515e,Gautami Madan,7330656608,gmadan@outlook.com,346 Caudhari Road,Kolkata,907302
b-1031,97e96973-4d74-4da1-a683-b438e2cba0b4,Aadhya Raman,9829717491,waraman@yahoo.com,174 Khurana Chowk,Nagpur,685610
b-1032,62f83e36-019e-4900-9747-ac39af30422f,Mrs. Dhriti Anne,6006901431,danne@outlook.com,452 Bir Nagar,Gurugram,842521
b-1033,7f27c01d-a536-4a64-8300-9832229a3eed,Advik Sabharwal,7164004513,asabharwal@outlook.com,236 Vohra Zila,Pune,196584
b-1034,e67b7367-368f-4e33-9a82-754ba67d950b,Jairaj Dar,7611721230,jdar@ymail.com,59 Dw Zila,Delhi,371035
b-1035,66f7db88-d823-4a52-8674-39342446b1d0,Keya Goyal,6184014561,,131 Gour xZila,Nagpur,943627
b-1036,10164690-d98d-43b1-81c9-0244d3394b49,Zehaan Menon,6079504201,zmenon@hotmail.com,214 Borra Chowk,Jaipur,526555
b-1037,b15e95ba-a395-4bb3-9866-2e0d78da26f0,Sudiksha Malhotra,6821751826,smalhotra@outlook.com,414 Naik Marg,Cochin,277432
b-1038,4cc89159-af8a-4f8c-ae3b-c129b7ff86d0,Er. Aarini Edwin,7250436571,addwin@ymail.com,196 Malhotra Zila,Bombay,328194
b-1039,34ef6418-7fad-4be1-ab13-fbb454a340eb,Darpan Kuruvilla,9942664225,dkuruvilla@hotmail.com,229 Gokhale Road,Gurgaon,568664
b-1040,c0c72fc8-bb31-496c-83b4-914590f2cf48,R. Boase,07659201161,rboase@gmail.com,199 Iyer Chowk,Chandigarh,656921
b-1041,dd471457-2bbf-4996-aa93-4f1aa48cab0b,Maya Gokhale,7733735621,mgokhale@ymail.cmo,149 Chopra Chowk,Chandigarh,
b-1042,54b0d019-6ddc-4e9a-8288-65bcde400e81,M. Zachariah,8578805529,mzachariah@yahoo.com,417 Kamdar Marg,Pune,971440
b-1043,e41c7e92-8688-4e01-912f-2b753e00ea27,Mrs. Hitesh Sathe,8851740329,,53 Chauhan Road,Mumbai,211529
b-1044,10112844-963c-45af-a561-ba18763b37a4,Bakhshi Bora,+91-92289-01894,bbora@gmail.com,77 Krishn aZila,Gurugram,164856
b-1045,df558b0f-1c18-484d-a00b-c0f75f24e6d6,Sanaya Bahl,9921322913,sbahl@rediffmail.clom,29 Dxiit Chowk,Chandigarh,229288
b-1046,2b2f8111-c583-4346-9eb4-44cb4938697f,Aadi Barad,6451968271,abarad@gmail.com,320 Lata Marg,Bhopal,877593
b-1047,a109c254-d70b-4b0e-bbcb-091035e9f05f,Max Narayan,8973411249,mnarayan@ymail.co,587 Aggarwal Marg,Hyderabad,361440
b-1048,edeb78a8-1732-4933-abc4-a7841ee868cb,Netra Boase,8267599442,mboase@rediffmail.com,465 Kara iCrcle,Delhi,955233
b-1049,9700efd2-158f-4570-8128-e757f70d468e,A. Rajagopalan,8568157849,arajagopalan@yahoo.ciom,220 Darsa Chowk,Bengaluru,631185
b-1050,63c53621-9166-4ed0-8539-e714bb6a7466,Christopher Chana,7892426269,cchana@ymail.clom,91 Warrior Path,Hyderabad,640245
b-1051,47cf7919-5297-4d75-8528-6ec08e1f567d,Samaksh Goda,7085491382,sgoda@ymail.com,429 Baral Circlse,Cochin,616640
b-1052,6e2f0768-92e5-4572-a92e-0326d96e010f,Leena Halder,06123851013,lhalder@rediffmail.com,2 5Ramakrishnan Road,Kolkata,140537
b-1053,64fe0a44-f891-4e04-9ef7-4f2b63bc9915,Hredhaaj Parmer,9967780945,hparmer@rediffmail.com,247 Cha dChowk,Calcutta,236634
b-1054,70422b9c-701a-470e-86a0-298e7eadebf7,Raksha Gupta,7515934963,rgupta@gmail.com,468 Banik Street,Hyderabad,801008
b-1055,75f48989-07df-49d3-8f3d-7c10f6a7611c,V. Ramachandran,+91-61135-89646,vramachandran@yahoo.com,123 Zachariah Zila,Bhopal,618088
b-1056,a940cd52-1244-4753-88d0-9c647642c020,Darika Tata,6103713919,,362 Sengupta Circle,Chennai,
b-1057,12b70229-8800-4daa-bada-d158c0f3ec86,Amol Bansal,6561152911,abansal@yahoo.com,166 Bhalla Path,Delhi,904896
b-1058,d49a0da6-93f3-4745-8340-fe26e9074b1e,Siddharth Virk,9517286395,,95 Yadav Chowk,Pune,955870
b-1059,834967bf-c339-4b19-afde-1fd9b07f9535,Manthan Kaul,6261065021,mkaul@rediffmail.com,333 Bansal Zila,Lucknow,928983
b-1060,f56d2b99-a426-4c81-b5ee-3ea1fe1e4fe7,Mr. Chakradev Kibe,9643339069,ckibe@outlook.com,319 Atwal Street,Chandigarh,181412
b-1061,0ac9e89e-d8b1-4486-a934-fc85e29d0c8e,Ms. Orinder Bedi,87828-64716,obedi@outlook..com,444 Chattefrjee Road,Kochi,864585
b-1062,c1b69a6b-ef6d-45a1-bc52-c7749ade1136,Tanmayi Garde,6521889337,tgarde@@yahoo.com,28 Bhatt,Bhopal,
b-1063,0d092256-f2ec-40b2-bf70-fe597b0a00e7,H. Comar,7432636061,hcomar@hotmail.com,436 Kanna Chowk,Ahmedabad,948376
b-1064,d35dc1d7-0681-464c-a884-3429b9e9c550,Dev Jain,7368578732,djain@hotmail.com,288 Nazareth Marg,Nagpur,918111
b-1065,72229b8f-a3de-4493-b1ea-723c51ced13f,Neelima Nair,72957-50285,nnair@rediffmail.com,381 Devan Zila,Jaipur,308903
b-1066,14ade5a2-46eb-4840-8150-600ca7e7a1c4,Ekanta iKala,8946862262,ekala@yahoo.com,296 Ghoes Nagar,Chennai,367841
b-1067,bd45fb97-4299-4b67-819d-a805c184e839,Gautami Bhatnagar,6361377310,,34 7Mahal Zila,Hyderabad,669718
b-1068,e7a4d74d-35b0-4708-bec6-9dd81000911e,Mr. Nitesh Sarna,8488208290,nsarna@ymail.com,339 Baria Ganj,Nagpur,779281
b-1069,bd3bfb1c-f55d-46e6-94d7-1f990ed4040c,Nakul Babu,8379873151,nbabu@outlook.com,434 Buch Chowk,Chandigarh,416759
b-1070,88d1b33e-08c9-4ed4-bd36-f37dedbd5195,Abeer Amble,8573137923,aamble@ymail.com,157 Chakraborty Street,Cochin,100038
b-1071,25641082-f714-4134-b135-a4dc21e91a1a,Bhanumati Shaa,7735105199,bsaha@yahoo.com,145 Date Chowk,Ahmedabad,642537
b-1072,3f21ccd3-9d04-46b0-a0ff-a9224f602dd1,S. Dhar,9148411613,sshar@outlook.com,190 Virk Road,Pune,270084
b-1073,aa39042c-6cf7-47f5-9d45-8645b10d5829,Sabharwal Shravya,7344868351,ssabharwal@yahoo.com,292 Ghosh Ganj,Bhopal,282056
b-1074,41efe791-ca33-4f91-b1e9-adfd4d638f82,Gole Baljiwan,7168244635,bgole@outlook.com,6 Chakrabarti Chowk,Gurugram,181026
b-1075,5d6fb32b-4b3c-4d49-b091-20c16712d177,Charvi Pall,08915958486,cpall@hotmail.com,108 Agrawal aMrg,Bhopal,
b-1076,fcd14482-5ba7-49f2-9030-d10d1608a117,Smt. Warinder Handa,7834563065,whanda@outlook.com,272 Wagle Zila,Hyderabad,520122
b-1077,eb3d9edf-a5cb-4b5d-a771-391a9ad56cf0,Girish Pathak,75494-73363,gpathak@gmail.com,87 Tripathi Circle,Nagpur,898148
b-1078,9cb6cb81-a4b7-4c71-83e4-056ec328b1ab,Theodore Shetty,8702553996,tshetty@rediffmail.com,219 Maklhotra Ganj,Nagpur,549740
b-1079,30a422d9-ea36-47f0-9227-b68d2156e30c,Chatresh Hari,8059353173,chari@outoook.com,297 Dixit Zila,Nagpur,799617
b-1080,a7bd99e4-15e9-4fc8-9406-e2c4fd850673,Urvi Tank,75744-48435,utank@redffmail.com,456 Dutta Street,Jaipur,896186
b-1081,fcda116c-a922-4c7c-99ac-54b25a0f1712,Sudiksha Bassi,9526834685,sbassi@ymail.com,377 Ben Zila,Madras,392614
b-1082,47908cd1-c0b9-4628-ae45-d742c0ae4f75,Patrick Dugar,9881230248,pduhar@yahoo.com,430 Sundaram Nagar,Kolkata,314419
b-1083,6db427fa-5773-4ac6-a996-9360d2e3097a,Yutika D’Alia,0399512183,yd’alia@rediftfmail.com,134 Keer Zila,Nagpur,806478
b-1084,05aeb072-e5ea-4398-97d4-8ec9eddd52bb,Vedant Chaudhari,9486999361,vchaudhari@ymail.com,259 Sachar Ganj,Bengaluru,858021
b-1085,698695b3-1ebb-4015-b814-f83f0d3cd337,Prashad Ryan,9549362442,rprashad@rediffmail.com,383 Boran Ganj,Nagpur,741683
b-1086,d292d0c0-06ed-4d18-961e-1b640b6c9259,U. Sundaram,7359325975,usudaram@rediffmail.com,8 Sarin Nagar,Kochi,903199
b-1087,1621dfef-43e3-42c9-89ec-1f6e42ba2025,PranavRam,09775898320,ram@ymail.com,366 Deshpande Path,Jaipur,560891
b-1088,2b4f8084-bf83-4b5a-a69a-5a603937ad3d,Tanvi Hari,7384958131,thari@gmail.com,495 Madan Path,BLR,812901
b-1089,e8842f99-aaf2-415d-bd4e-cbf57ce49276,Samaksh Naya,6319237535,snayak@hotmail.com,145 Balay Street,Mumbai,922030
b-1090,034e2476-4d78-4b18-8400-1c65178f7cfe,D. Mand,8574705740,dmand@outlok.com,390 Choudhry Strete,Gurugram,310990
b-1091,50c9f5ee-a5b4-49fe-be15-d4a72368078e,Kannan Hemal,6003421342,hkannan@outlook.com,191 Dugar Road,Delhi,774123
b-1092,0ceb09f8-51d1-463c-9b4c-6f70e174fd80,Vrinda Kalita,9132752131,vkaltia@rediffmail.com,424 Solznki,Nagpur,554528
b-1093,80dbf145-26df-49e6-874e-e27950e12724,Turvi Mallick,6240058508,tmallick@rediffmail.com,152 Sangha Nagar,Ahmedabad,507886
b-1094,3c43d7e6-9144-4a67-bba1-4c4a1d2ae056,Yatin Kota,7353649730,ykota@outlook.com,169 Saraf Path,Delhi,337984
b-1095,e82177f9-2001-490a-906f-49407838d9d9,Tristan Dixit,9285527644,tdixit@outlook.com,236A hluwalia,Chandigarh,201276
b-1096,c490a95d-8523-4a45-a0b8-ece982a1ddc7,Er. Omisha Basu,8019607458,obasu@ymail.com,69 Singhal Nagar,Gurugram,413155
b-1097,acf6c2c7-29e9-4099-b8a3-6abe91546eae,Yamini Bandi,9534429909,ybandi@hotmail.com,4900 Wali Marg,Lucknow,
b-1098,23c99e8e-a83e-4ff8-a576-313aa1c9954c,Warhi Khosla,9257728128,wkhosla@outlook.com,271 Arora Zila,Jaipur,642595
b-1099,1dcc3d92-97d2-47d0-8c26-a151d0ea9328,Niharika Kamdar,8788440047,nkamdar@ymail.com,204 Parmer treet,Ahmedabad,860916
b-1100,0adcc2ca-0852-4e57-9b8c-74b89ebf3075,Chakrika Khare,6232487983,ckhare@gmauil.com,76 Babu Zila,Bhopal,591446
b-1101,3639ec89-ab52-40a0-91ef-6bea0dc8c7f7,Mr. Varsha Mody,09275123192,vmody@outlook.com,285 Sharaf Stret,Bhopal,557317
b-1102,13851939-1edc-4a3c-a883-41cbe093709b,Arjun Sha,8181187191,asha@gmail.com,477 Devi Chowk,Bhopal,513691
b-1103,eb8923bc-b09e-4afa-8f54-79037b72cd5c,Nidra Goyal,6926323581,ngoyal@outlook.com,430 wShetty Path,Ahmedabad,989244
b-1104,5ba0e7f1-ac7b-49a6-9a60-e0951671c15d,Bachittar Minhas,9623752214,bminhas@hotmail.com,271 Madan Marg,Hyderabad,838987
b-1105,84dd259c-bc09-43ad-b807-7e950d108a19,Sarthak Buch,6302058926,sbuxh@yahoo.com,158 Nayak,Lucknow,959846
b-1106,103373e8-90c8-43cc-bec4-35f3f382e1ce,Christopher Varma,6041702975,cvarma@gmail.com,22 Behl Path,Pune,357123
b-1107,be9ae6e1-52e5-461b-9a6d-effece023234,Smt. Banjeet Pau,9283625699,,279 Gill Path,Lucknow,
b-1108,a12a28e2-3733-447d-b346-626aa895a363,William Zacharia,8914531432,,209 Sridhar Zila,Kochi,
b-1109,8d15998f-3bfb-4e7f-a66f-10f5e8da83c0,Shaurya Kar,9440841137,skar@gmail.com,61 Pandit Path,Jaipur,348031
b-1110,a1d9516c-afdc-4ef2-ab8e-1a5fe174daac,Amara Thakur,8524954722,athakur@ymail.com,401 Malhotra Marg,Lucknow,402296
b-1111,8fe150b8-91c2-44fe-bcdb-059f816ef49f,Bhatnagar Chatura,6282499492,cbhatnagar@outlook.com,169 Pai Path,Bangalore,727848
b-1112,e7747050-2f6d-4253-82b6-c42d9f7e70c7,Sneha Sunder,8967833947,ssunder@outlook.com,62 Vyas Circle,Ahmedabad,267845
b-1113,cf348e1f-39fb-4269-b6d8-df6d344c378a,Jason Singuhal,6420680608,jsinghal@gmail.com,218 Walia Circle,Nagpur,969633
b-1114,06ae8557-3a65-46ea-98bc-6d6341584fa0,Brinda Seth,7941773541,bseth@hotmail.com,214 Pillai,Chandigarh,996847
b-1115,d2d81b18-9176-4d15-b4db-cfeec8fc319b,Dominic Guha,9890820075,dguha@outlook.com,441 Chahal Chowk,Bengaluru,381984
b-1116,eb1dc2f7-72b4-4c60-bba3-76927917586f,Faris Raman,7591134619,framan@gmail.com,100 Mani treet,Gurugram,572329
b-1117,f4e4ab57-9357-4dd5-9800-f2ece8e29ca2,Faraj Chopra,9081999698,fchopra@outlook.com,446 Majumdar Street,Kolkata,556062
b-1118,9476ca8d-6d08-4ece-b77d-526ceec73dc1,Er. Isaac Divan,6548216190,idjvan@hotmail.com,474 Dora Chowkm,Bombay,292699
b-1119,ad40430d-a77f-4da8-bced-38ae72f9f9ac,Samarth Verma,6903675449,sverma@hotmail.com,427 Memon Nagar,Kochi,562268
b-1120,6d2bae31-74b5-4668-917c-d2b6a4ac5843,Omaja Deo,+91 75867 92566,odeo@gmail.com,380 Pslan Chowk,Pune,721709
b-1121,cf7ce3a1-7f3e-48ab-b033-f260d5a6ec3b,Osha eawhney,7883729287,osawhney@yahoo.com,412 Manne Nagar,Mumbai,707827
b-1122,615f97db-d40c-4443-87cf-b8bd34eec7a5,R. Bhatnagar,7100097909,rbhatnagar@outlook.com,397 Kata Nagar,Cochin,147011
b-1123,b771742b-b04b-4f38-b160-4d9de72f0add,Sai Shankar,8939722961,sshankar@gmail.com,413 Deo Road,Madras,775539
b-1124,76af9c14-9989-4288-8609-5192a01bed66,Damini Garg,8662607770,dgarg@ymail.com,217 Karan Road,Hyderabad,699133
b-1125,f4aa389c-d713-41fe-a87b-38a8f13a7966,Veda Prabhu,6621295338,vprabuhu@outlook.com,387 natta Road,Gurugram,589351
b-1126,f3c13f78-0faf-4bc8-86c5-7dc96aed53b5,Ojas Dyal,06140754488,odyal@gmail.com,342 Mangal Circle,Chennai,489628
b-1127,201b6a3e-55a1-4d80-8272-0e793492d90c,Wazir Dada,8482882462,wdada@ymail.com,96 Nadig Nagar,Gurugram,136761
b-1128,f09d889b-0419-474a-bcc2-b39c61937161,Q. Jha,9390916669,qjha@outlook.com,66 Banerjee Circle,Lucknow,866331
b-1129,9a3bdef6-7dfe-4488-9dbf-b4a0247f089e,Edhitha Padmanabhan,6368323515,epadmamabhan@rediffmail.com,41 Pradhan Street,Bangalore,673756
b-1130,d2c05b48-d3c3-47ee-93e8-b4e99f8a871f,Saumya Zacharia,92261-12207,szacharia@outlook.com,100 Walla Street,Nagpur,698193
b-1131,be7fb799-25c6-4eb6-98fb-48e15ec41227,Charvi Dara,7595987772,cdara@ymail.com,459 Ravwl Nagar,Lucknow,390776
b-1132,74e9b20d-192d-4708-af31-546c6d35bdc9,X. Dhillon,8755020408,xdhillon@yahoo.com,370 Nagarajan Chowk,Bengaluru,
b-1133,cd9a4c84-e4df-43b2-ab0c-14ee681391b1,Dr. Nachiket Agrawal,8667048416,nagrawal@yahoo.com,25 Tripathi Circle,Chandigarh,
b-1134,008e11fc-b32b-4314-970c-c8fa7b1e6c96,Garima Merchant,9470506210,gmerchant@yahoo.com,479 Mann Chowk,Nagpur,117062
b-1135,cd3dc832-bb1a-41e0-ae68-e7466ca01e9c,Darika Bakshi,9396729210,dbakshi@outlook.com,314 Kannan jarg,Pune,707169
b-1136,0ab842d1-81ff-4d5d-bacd-890b72b51055,Christopher Hayer,8797033639,,219 Vyas,Ahmedabad,478444
b-1137,c42c60b8-ac4a-4d75-91fa-f0a685a0e86e,Yauvani Ramesh,8975513488,ryamesh@outlook.com,53 Swaminathan Ganjh,Chennai,590190
b-1138,3db2181d-ff52-4a03-9f4c-8a370bb7b919,Libni Pradhan,+91 91510 64209,lpradhan@rediffmail.com,467 Mane Ngar,Ahmedabad,698652
b-1139,db1b6cb8-cdde-4ffb-a529-ac20572f51dc,Hemani Panchal,6353459308,phanchal@outlook.com,236 Sehgal Road,Pune,680888
b-1140,2afbb039-2a3d-49dd-b483-6d95d9ceaa1a,Gagan Kale,9375947433,gkale@ymail.ocm,519 Sagar Chowk,Lucknow,626837
b-1141,51beff32-dd03-4c9d-8efd-cc068a7321cd,Oeshi Dewan,7156916550,odewan@gmail.com,303 Chadha,Chandigarh,926807
b-1142,c3ac5c2f-9b70-4f2c-bffe-b9a87f71cbba,Maanas Johal,7456691863,mjohal@ymail.com,353 Soman Road,Delhi,
b-1143,8a4e0eb9-ddd4-49e0-83a5-bb9c3a7afa0d,Mrs. Gautami Bhatti,8979073588,gbhatti@yzhoo.com,120 Prashad,Bengaluru,665331
b-1144,6034bb37-c915-47f3-9570-1e23515ffcc7,Gaurang Ahuja,8854279043,gahuja@rediffmail.com,382 Mahajan Marg,Chennai,
b-1145,6179e59d-e041-4425-b256-dc81a939d4d9,Oeshi Gill,8220785745,ogill@rediffmail.com,215 Shere Circle,Gurgaon,246083
b-1146,7e1d2ce5-a813-489b-8f89-f1302acccb24,Iyengar Laksh,8698873344,lieyngar@ymail.com,437 Raj  Street,Gurugram,370117
b-1147,c0e56a08-a6e0-4a0f-93d9-3c6c96b8e4e5,Bimala Swaminathan,7683958029,bswaminathan@ymail.com,285 Mittal Nagar,Delhi,
b-1148,81fe477e-b09b-42bb-a8bd-0f31c02aa0c4,D. Tak,8153262977,dtak@hmail.com,480 Sheth Circle,Hyderabad,895664
b-1149,6fa5176a-13d0-48a9-a73b-56a6b3754fca,Bhavna Sahni,7450717589,bsahni@ymail.com,227 Swamy Street,Bhopal,149620
b-1150,5e5dbb11-d3f8-40ae-be69-499b909e5155,Yash Balakrishnan,6189630066,yalakrishnan@yahoo.com,95 Malhotra Zila,Ahmedabad,516400
b-1151,ec49fade-3243-4896-a698-190364e1f231,Waida Bhavsar,+91-82075-30894,wbhavsar@yahoo.com,310 oPathak,Cochin,860721
b-1152,381aa96c-dc72-4ac4-a0f3-ad902afe34a8,Jagdish Parkash,+91 73788 00340,jprakash@ymail.com,448 Badal Circle,Bhopal,
b-1153,90fe9d0c-9ce9-4463-b3e0-b410ecd0c06d,Aashi Gaba,6485305239,agaba@outlook.com,70 Bhardwaj,Bhopal,182800
b-1154,1f90303f-fb5a-496c-9ddc-3d23eedf9cd8,Madhav Nagarajan,7266001729,,466 Deshmukh Chowk,Pune,
b-1155,733c7d36-6495-4cc7-ada9-013e036c61aa,I. Gade,+91 88682 48667,igade@outlook.com,64 Mahajan Nagar,Jaipur,168108
b-1156,0f769370-e999-42b1-983b-c700d5131c84,Jalsa Saini,6361391517,jsaini@gmail.com,1287 Bava Path,Ahmedabad,658279
b-1157,84e991d8-d04e-4be5-97d0-626ab502eb63,Naidu Oliver,9485489436,onaidu@yahoo.com,193 Mitra Path,Jaipur,344925
b-1158,115c1179-d263-4ee2-b98c-40c53b9f162c,Ms. Zarna Manda,6916712486,zmanda@hotmail.com,424 Sundaram Path,Pune,637209
b-1159,4b08316a-3eb0-4371-b791-814ccae38e30,Nisha Oak,6010644785,noak@hotmail.com,4325 Chaudry Street,Hyderabad,122632
b-1160,115594c7-2ca4-430d-9ea2-24360a480501,Tejas Dubey,9306950058,tdubey@gmail.com,377 Kant Circle,Madras,
b-1161,20d48a2b-81cf-41c1-a314-245211cf1c7a,Omisha Sharma,9572403970,osharma@hotmail.com,435 Dzda Zila,Pune,262544
b-1162,b8fac9ba-a64e-4cfa-ba96-e1c511574126,Karan Badal,7024180593,kbadal@outlook.com,37 lall Chowk,Bhopal,
b-1163,f1e7782e-18ce-4c85-9dd3-c958abb6cd35,Jagat Kapadia,9138408690,jkapadia@gmail.com,255 xDhar Street,Chandigarh,741965
b-1164,5293511a-1d4c-4a1b-a75b-544df0d3669a,Utkarsh Mohanty,9159193782,umohanty@hotmail.com,430 Kadakia Street,Gurgaon,
b-1165,c6912f27-4bdc-432c-9a45-f74d86ff717b,Kalpit Brar,7819329643,kbrar@hotmail.com,396 Choudhury Marg,Chandigarh,606310
b-1166,76f623a9-9a18-4e52-923d-7a96b6ce845c,B. Hegde,9268847326,bhegd@hotmail.com,113 Bali Zila,Bhopal,954727
b-1167,8e92f717-12ed-43b1-9588-ae56190d0743,Zehaan Bassi,7381105051,zbassi@ymail.com,126 Mitra Zila,Chandigarh,819027
b-1168,4cc89fde-b253-461d-addd-61cddb68de5c,Advaith Char,9482895550,achar@ymail.com,369 Jha xila,Lucknow,960072
b-1169,0441c880-7893-4834-991c-52a5e76f29d7,Ryan Goyal,9913259658,rglyal@yahoo.com,340 Balakrishnan Path,Chandigarh,
b-1170,bbc9f79f-7c26-4725-ab0b-14921072fa79,Gautam Dhingra,8409460889,gdhingra@yahoo.com,421 Pall Road,Chandigarh,
b-1171,74234053-e920-4262-bc0b-a5c2889a62a2,Indira Dyal,8677670735,idyal@outlook.com,488 Khurana Circle,Lucknow,175297
b-1172,7f5928a3-c808-4bce-8e27-763637169daa,Er. Yashasvi Bir,9813811154,ybir@yahoo.cmo,68 Atwal Zila,Delhi,409886
b-1173,f068fba1-ab57-4d3e-b681-f163d7c7677e,T. Handa,8199796670,thanda@yahoo.com,102 Garg Roqd,Gurgaon,601384
b-1174,5f160971-59f3-464e-bfaf-1e6b10f4a352,V. Peri,9695085007,vpdri@ymail.com,348 Goyal,Hyderabad,919137
b-1175,f8e8652f-cc29-41d1-82cc-d82ce908fd13,Ria Chhabra,+91 82127 54554,rchhabra@ymail.com,365 Pant Street,Delhi,215529
b-1176,1aec7b99-0e15-47cb-9558-5dcc2334620f,Shukla Jatin,07495029189,jshukla@yahoo.com,279 Venkatesh Zkila,Nagpur,401417
b-1177,bc7664cd-8b3d-45ab-bace-a2ca090213ed,Jack Rajan,9925015222,jrajan@hotmail.com,77 Shan Road,Bglr,854212
b-1178,952bec11-4a4b-4749-ae40-f153312d7dcb,Devika Sawhney,9544098629,dsawhney@yahoo.com,121 Reddy Ganj,Lucknow,425524
b-1179,34ebff96-7a47-4046-8e6a-1f199012eef6,Bina Sangha,7558789104,bsangha@gmail.fom,247 Boase Ganj,Delhi,960157
b-1180,81c15150-200b-4cb0-bc05-06c05c2c665f,Vamakshi Pillai,8672296253,,254 Arya Street,Hyderabad,855172
b-1181,1bb904c6-0a1b-4e8a-994d-2d00a2a3d7a1,Vyanjana Cheema,6860632448,vcheema@hotmail.com,149 Sarma Marg,Gurugram,
b-1182,e9079ae9-c30e-4a9d-ab74-e6aca71eec3f,Nandini Chaudry,9467822459,nchaudryg@mail.com,123 Bhattacharyya Street,Bombay,426960
b-1183,88b152e4-26b9-4a0f-bd66-88f68d5fa40f,Janjua Issac,8026688003,jissac@ymail.com,239 IyerPath,Lucknow,432848
b-1184,003d937c-75a0-4e90-89e5-c842588da378,Smt. Xalak Mallick,81121-81232,xmallick@ymail.com,105 Mahajan,Bombay,543778
b-1185,819a38c0-9d18-4b0c-8e02-2611ef87b92e,Mugdha Parekh,6433190119,mparekh@yahoo.com,216 Ravel Chowk,Chennai,534543
b-1186,3917fdce-2f82-4bcd-9645-af1f0458aabe,Vaidya Vedhika,8882117685,vvaidya@ymail.com,447 Din Road,Kochi,980641
b-1187,0b12bf67-9271-48f6-874d-4bb9a61281e8,Suhani Chokshi,9327149119,schokshi@rediffmail.com,231 Krishna Zila,Nagpur,362940
b-1188,e8831d14-0439-4c28-9625-ebfa0916c762,Vrishti Tank,8050961518,vtank@yahoo.com,304 Desai Ganj,Mumbai,577434
b-1189,3af6e1d5-aae9-40a9-ad9e-65a318718d1a,Ayushman Chaudhary,+91-65862-22665,achaudhary@hotmaiol.com,31 Bir Nagar,Mumbai,729896
b-1190,d8c3d3bb-348e-4349-88b8-7e0f9699d3c9,Wishi Bala,8785347347,wbala@outlook.com,234 aRja Street,Delhi,373411
b-1191,d84deae4-9a03-4f29-8cc8-58bc482a1e17,Yamini Lal,7042472017,ylal@outlook.com,489 Oza Circle,Nagpur,186346
b-1192,10da357a-b943-45ec-8e9a-4eab8a57d210,Andrew Balay,7905396728,abalay@ymail.com,392 Dani Marg,Mumbai,813834
b-1193,c4b215e0-f477-4c7f-9c5b-cb0dade93ed3,Leela Sengupta,8287865825,lsengupta@yaho.com,57 Puri Path,Bhopal,118843
b-1194,0d31ea43-1930-4dcf-aa6e-07f67eb1d5fd,Raagin Desai,8088532390,,152 Ramachzndran Road,Ahmedabad,338565
b-1195,b0ffa93d-cdf9-4fb6-9a40-942bd9139f23,Vinaya Choudhary,+91 71301 56257,vchoudhary@ymail.com,284 Swaminathan,Delhi,631989
b-1196,cc120224-ba32-46d4-ba5b-ef6dcea5b0c7,Upma Soni,6097707374,usoni@yahoo.com,131 Dugar Circle,Hyderabad,395970
b-1197,f0fb4382-26e9-49cc-9586-c36494f1d918,Yashawini Bhalla,7109642552,ybhalla@gmail.com,235 Lall Marg,Chandigarh,250294
b-1198,ef05a2cd-6ac9-4c9a-adbe-0938b2d6531a,Purohit Warda,8000727969,wpurohit@mail.com,361 Pandit,Bhopal,472250
b-1199,c2fd44b3-c815-4075-aada-1d4496d57769,Bhavani Nagi,7154996839,bnagi@ymail.com,6 3Bala Nagar,Hyderabad,527640
b-1200,bf1f7eac-acf8-4730-8c63-a08fadec01c1,Avi Om,5796743638,aom@hotmail.com,249 Chatterjee Marg,Mumbai,701491
b-1201,2090202e-7f45-43a3-a6db-19392e845e8c,Priya Pai,6182058201,lppai@gmail.com,1903 Sabharwal Path,Gurugram,302454
b-1202,50d3481c-acae-43a6-9919-154dc3d45754,Indali Bhalla,+91-85815-35139,ibhalla@rediffmail.com,213 Kota Ganj,Pune,688920
b-1203,6462a99b-800c-435b-a667-1d5ab9ae163d,Wahab Muni,6059101583,,48 Chad,Mumbai,360180
b-1204,942ccdcb-398d-406b-a480-98ed5c04228f,Omkaar Bahri,6853944098,obahri@yahoo.com,473 Nanda Circle,Hyderabad,728427
b-1205,2cc4b629-3b05-477c-929a-c54461870a40,Baljiwan Sharma,6539076898,bsharmsa@hotmail.com,348 Varma Marg,Cochin,
b-1206,cba47a18-86c8-4de7-8762-32f256bc31e5,Anthony Nadig,7073542191,anadig@ymail.com,57 Ramakrishnan Marg,Kochi,380996
b-1207,68423582-0f09-4d9e-bd64-413a8fff8563,Ekantika Chaudhari,6557005885,echaudhari@hotmail.com,235 Chaudhry Chowk,Gurugram,543367
b-1208,ffe0e3b2-c1e9-4eac-87b4-b7603a7c896d,Samesh Nayar,9724593976,snayar@rediffmail.com,396 Thakkar Chowk,Jaipur,865702
b-1209,58a066f6-f6c2-4c9d-993e-8c0fba965b5d,Harinakshi Ganesan,8964568222,yganesan@gmail.com,337 Mistry,Jaipur,859195
b-1210,58c6025d-a271-425a-a85e-bb00c2205cab,Sarin Januja,08495578578,jsarin@outlok.com,358 Taneja Ganj,Bhopal,
b-1211,4783060c-8be1-450e-9801-0395bb061d45,Faqid Wason,+91 98267 55435,fwason@ymail.com,110 Mani vanj,Kolkata,832493
b-1212,3e8aeb08-b30d-4fc9-a9aa-1109d49469a6,Upkaar Chanda,9056075346,uchanda@outlook.com,388 Chandran,Chennai,
b-1213,385a898e-1286-47db-85ba-916cb122baef,Gayathri Mahajan,85632-62869,gmahajan@bmail.com,293 Wali Zila,Hyderabad,157321
b-1214,fe8e1d08-b8ca-4ceb-8ef7-579c77cbaa42,Vaishnavi Sane,8922551641,vsane@outlook.com,349 Palan Gajn,Calcutta,
b-1215,fd5b424d-d22b-4b98-9206-bebdac9ae443,Faraj Mittal,9721283382,fmittal@hotmail.com,148 Mtial Circle,Gurugram,859253
b-1216,e7673a86-4db2-4c57-a4b6-4b22cb44766d,Rachita Zacharia,8647677435,rzacharia@outlook.com,286 Iyengar Pah,Bengaluru,675457
b-1217,4da02b09-bcfb-4e7a-8aaf-1969c91dc46a,Oeshi Ratti,0792702041,oratti@hotmail.com,68 Varma Road,Bhopal,745005
b-1218,4aba0cae-7223-4c87-9e92-efc52591733d,Dr. Rachit Tata,9839036511,rtata@rediffmail.com,438 Sibal Ganj,Gurugram,658463
b-1219,45b0e147-94af-48fa-aa5d-60f2f403eed2,Turvi Divan,8360450082,tdivan@gmail.com,296 Dora Ganj,Gurugram,851750
b-1220,f05865e2-7c41-4f9c-bc57-71c10328f1e7,Charita Saran,72960-81640,csaran@rediffmail.com,343 Nagar Marg,Delhi,887871
b-1221,e1b4e4d3-4211-4bc1-b7bd-59a196e665fa,Devansh Jani,6361139398,djsni@yahoo.com,116 Loke Marg,Nagpur,604574
b-1222,209c516e-bb53-43a6-a9bf-6db6d9a031f7,B. Dyal,8095320590,bdyal@hotamil.com,331 Keer Road,Mumbai,447206
b-1223,a4d1747e-cafc-44a2-9813-fa8d24a971e5,Ucchal Sunder,8989773995,usunder@gmail.om,22 Sarin Cjrcle,Chennai,567432
b-1224,6c964110-2720-4244-8935-25b5d4392dc7,Anjali Deshpande,+91 91415 64725,adeshpande@yahlo.com,254 Kuruvilal Nagar,Bengaluru,
b-1225,196f7f01-71a8-497d-a9d4-d9da8aa04cff,Mrs. Arunima Goda,7296345539,agoda@yahoo.com,14 Sunder Nagar,Delhi,332372
b-1226,e0b5c6d8-41ce-4330-8d8d-4d12cbbcfc3b,Anmol Bhakta,8695096814,abhakta@hotmail.com,134 Murthy Zila,Ahmedabad,225508
b-1227,55f56d30-6b9a-43e7-8b3e-f1638ce8c8d0,Gautam Ranganathan,7743707387,grwnganathan@ymail.com,65 Keer Street,Nagpur,402121
b-1228,4174cc6d-5d74-488b-b430-effcd25032e6,Isaac Tella,6070029676,itella@outlooo.com,128 Vig Zila,Cochin,549754
b-1229,01f985c5-2d96-4a85-9132-a7517c8d9774,Jason Munshi,6474434607,jmunhsi@rediffmail.com,70 Ramakrishnan Path,Nagpur,982603
b-1230,15ba491c-f3f7-4f97-93cb-b2ccc966b10e,Warinder Sampath,8634654983,wsampath@rediffmail.com,405 DhawanG anj,Ahmedabad,289481
b-1231,68c6c5f2-844c-451d-9f49-fcb18cea76ec,Hredhaan Gill,9960087111,hgill@ymail.com,382 Mharaj Ganj,Hyderabad,818021
b-1232,17a9fa30-c32b-4f06-8d77-0efed4a3d27d,R. Rege,8042059036,rrege@yahoo.com,59 Bhalla Road,Ahmedabad,796636
b-1233,35676bc2-6eb3-4f28-bd47-0517ee17d11e,Vritti Walla,7921854592,vwalla@ymail.com,455C howdhury Path,Nagpur,717099
b-1234,292b37f7-7e33-4fbe-8d9b-76a793f8875a,Arunima Dhillon,7193249806,adhillon@outlook.com,443 Soman Path,Bglr,707829
b-1235,5fcffdd2-e7a0-4f86-acc0-75ad3f8cf751,Jhalak Morar,9969720948,jmorar@yahoo.com,180 Banerjee Nagar,Bhopal,948751
b-1236,07fc6a57-0c65-4c9b-91b2-baae8e1f8927,Chathura Khatri,0407981938,ckhatri@uotlook.com,486 Rajagopalan Road,Lucknow,538232
b-1237,8a928f51-9d1f-4ec1-9bb4-26d73e8bc707,Dayamai Patil,+91 91141 00240,dpatil@gmail.com,306 Warrior Zila,Gurugram,229050
b-1238,c49064f1-c91e-42ad-97b3-3ca2896e31dd,Warjas Savant,9408501234,wsavant@hotmail.cim,434 nand Marg,Nagpur,715268
b-1239,73241ce6-a281-4252-bd34-79003527fb6e,M. Kumer,8292038328,mkumer@gmail.com,80 Chana Roda,Delhi,602338
b-1240,1f916b61-f227-4e6f-a991-992a61d1d538,Warinder Mishra,6266638089,wmishra@rediffmial.com,215 Dyal Ganj,Gurgaon,
b-1241,419bb993-576a-41e1-82dd-a9bb57d89e45,Reva Nadig,7408923601,rnadig@ymail.com,87 Bandi Marg,Lucknow,595168
b-1242,44d5f902-29da-42d0-9b0a-2b487919ef7c,Anusha Buch,7960277722,abuch@yahoo.com,348 Sinha Chowk,Chennai,
b-1243,819a61e3-3e8c-4744-b42c-21b8ca7f2428,Nitara Natarajan,9150165622,nnatarajan@hotmail.com,65 Chaudhry Marg,Calcutta,482739
b-1244,508f2b59-b08c-4e48-82ca-fdcc15c1f46b,Naveen Lal,7411735666,nlal@ymail.com,315 Bhattui Circle,Lucknow,283473
b-1245,dfa953b5-1938-4754-9ff4-bf1562ffc5ae,Sudiksha Bala,+91-70830-79509,sbala@yahoo.com,120 Gour Nagar,Lucknow,428714
b-1246,55ac27a9-d89e-4ce9-a2bb-9b5d21650cc1,Ryan Mody,+91-79569-93275,rmody@hotmail.com,349 Butala Path,Jaipur,667073
b-1247,b0f4d7b6-8a29-4fb3-87ec-3f5a571e446d,Indrajit Dugar,6718987429,idugar@outlook.com,408 Varty Ganj,Calcutta,943317
b-1248,514f0fb5-7ea8-4f5b-8aae-e7feee451fbf,Kalpit Roy,8120562708,kroy@redirffmail.com,341 Steh Path,Pune,642228
b-1249,8933d1ff-eb0e-43c3-a108-36a010d3fd10,Vanya Deol,8392660592,vdeol@rediffmail.com,123 Ghose Road,Chennai,930161
b-1250,b0f7b53b-b49c-464b-92e0-d54d8b8d6dbc,Falak Manda,9389173125,fmwanda@ymail.com,4346 Chad Ganj,Ahmedabad,229625
b-1251,a93f4ea2-05ed-44e8-aabb-f176a4398b3d,Oeshi Pillai,6095471022,opillai@rediffmail.com,409 Ramaswam Street,Ahmedabad,121516
b-1252,83ab726c-47cc-4cee-9dbd-e6f5fe66784f,Krishna Kapur,9672734695,kkapur@rediffmail.com,297 Bajaj Ngaar,Delhi,227484
b-1253,d5d9b25e-5c7f-40b3-95b7-f158595c6c08,Veer Chakraborty,8578475727,vchakraborty@outlook.com,226 Issac Chowk,Bhopal,506099
b-1254,c98c5774-fe52-422c-9bfa-fb51d6a17721,A. Ganguly,6283240508,aganguly@hotmail.com,109 Rattan Nagar,Nagpur,503082
b-1255,d6e958b3-4d77-4b5a-b229-2db2d4362f0a,Pushti Lad,7008321609,plad@yahoo.com,35 Chakraborty Street,Cochin,978518
b-1256,987ee3f8-fb9b-48e4-b646-abb123134397,A. Vora,6494303505,avora@hotmail.com,163 Setty Marg,Chennai,916684
b-1257,419295de-77be-4abd-bf40-cbe6584815aa,Warda Dani,7034632711,,293 Jani Ganj,Ahmedabad,163310
b-1258,373d2cff-302d-43d9-ba09-f8ed10cb982e,Rayaan Lata,8974930740,rlata@yahkoo.com,36 Talwar Road,Chandigarh,252246
b-1259,387be7b5-5662-4412-8b52-f4def0c061b9,Shri Tanveer Mandal,7306883616,tmandal@hotmai.lcom,463 Sahota Ganj,Hyderabad,744388
b-1260,e14a777c-4994-4598-938e-8d746f77ba12,Bina Lala,6626162519,blala@hotmail.com,302 Seshadri Ganj,Bombay,112455
b-1261,dd78b39f-f0b5-48e5-9c79-1124417b8ca2,Yuvraj Pingle,7083979610,ypingle@yahoo.com,220 Shanker,Chandigarh,678223
b-1262,b8c3752f-dff9-4499-be99-064c3145fb76,Daniel Ben,91754-75351,dben@yahoo.com,486 Keer Path,Bengaluru,959347
b-1263,6a6e8952-4954-48bf-b60b-a1a2ff6e566d,Urishilla Pandya,08635775255,upandya@ymaiol.com,189 Bath,Kolkata,
b-1264,8c4ba36f-2f96-4829-b2ee-01fc0e62f361,Chasmum Rana,08723565185,crana@hotmail.com,439 Deo Path,Lucknow,615297
b-1265,bc49e2fb-f3fc-489a-b832-d818a4e37a57,Benjamin Gola,5399198615,bgola@hotmail.com,63 Gara Road,Bhopal,565166
b-1266,8f17bf03-836e-4377-b099-cc43448851c1,Yahvi Tailor,71199-05685,,61 Sidhu Path,Chandigarh,
b-1267,ee25d875-ce3e-4851-8dbb-19124268f008,Kevin Chakraborty,8905308917,kchakraborty@rediffmail.com,352 Wali Path,Hyderabad,466316
b-1268,139574fa-f8e8-4935-88ac-16fe03442d0c,Dhriti Basu,99236-91980,dbasu@ymail.com,321 Tata Street,Bengaluru,612545
b-1269,96a80f0b-5706-405c-9480-298001463885,Adya Lalla,7847776843,alalla@ouftlook.com,162 Munshi Circle,Chandigarh,432866
b-1270,0e881685-f6f5-4b93-ac8a-f5773b6a4cec,Matthew Sarraf,6478404688,msarraf@rediffmail.com,83 Gulati Nagar,Pune,725833
b-1271,e5f7e451-4adb-491a-9323-5e029efefa63,B. Sathe,6381531256,bsathe@rediffmail.com,66 Sundaram Path,Delhi,870541
b-1272,b0813d33-c89d-4ef0-b791-2450004c385b,Jatin Palla,8544723359,,272 Jani Zila,Bhopal,692575
b-1273,d987f30c-637d-4c04-97dc-8159720f3a4d,Anjali Kala,9964518514,akala@yahoo.com,175 Agrawal,Lucknow,846220
b-1274,fe96ad6a-f441-4e51-9aed-2b951b689eda,Wishi Chandra,9090499002,wchandra@yahoo.com,140 Bal Pth,Ahmedabad,946167
b-1275,b75ba64c-78d8-4c96-bb73-d74dff389402,Bhavani Dara,8689298151,bdara@hotmail.com,23 Prakash aMrg,Jaipur,398731
b-1276,bcae8787-de0d-40a2-a335-88a7a365fe7d,Hifesh Naik,9141117963,hnaik@ymail.com,249 Balakrishnwn Street,Hyderabad,587054
b-1277,e9633e7b-82cc-43d3-8936-20b6af4a0786,Sharma Finn,8647149778,fsharma@outlook.com,331 Setty Chowk,Ahmedabad,386132
b-1278,15bc53e7-3ae7-432b-87e3-e63964bed160,Nair Sneha,8043994537,snair@yahoo.com,372 Daysal,Chennai,228903
b-1279,ea4843c4-e6e5-457a-9ecf-9bbaaea7bc8a,Siddharth ava,6369401014,sbava@yahoo.com,151 Naidu Road,Chandigarh,676860
b-1280,381c8056-d068-4459-9a21-2941f8ca0b7a,Christopher Bobal,7808727782,cbobal@ymail.com,381 Raj Circle,Kolkata,
b-1281,a5a0937a-1809-4d04-8983-cabd274af256,Wriddhish Rastogi,9521985873,wrastogir@ediffmail.com,938 Bail Zila,Hyderabad,941523
b-1282,288fac9e-79da-4e82-91a0-dffb430bde8c,Sathvik Gaba,9082582293,sgaba@ymail.comj,169 Rau Marg,Hyderabad,
b-1283,abd76e41-6914-4134-9685-9fb80bf0667a,Bhavani Dube,+91-74470-55764,bdube@gmail.com,186 Misra Zila,Ahmedabad,
b-1284,1f2fcd27-d39e-45eb-8246-07cfefe8167d,Vamakshi Loyal,8918070008,vloyal@outlook.com,345 Sampaht,Ahmedabad,332061
b-1285,decf6d7a-b99c-4190-b7ff-bb3a07bc2750,R. Sandhu,9391443848,rsandhu@yahoo.com,175 Baria Zuila,Hyderabad,465893
b-1286,bf7bf141-bdca-4f9f-ae70-ad03786b422f,Yochana Om,9492840721,yom@outlook.com,393 Kapu rChowk,Lucknow,
b-1287,22e0a883-0d6b-4bd6-a548-d7e6c3a80793,Dr. Mohammed Tandon,+91-75095-39560,mtandon@gmail.com,23 Vohra Circle,Gurugram,111592
b-1288,1af73e0d-346a-42f1-97f7-4d15ec1f1138,Mannan Fiyaz,8575741094,fmannan@yahoo.com,147 Sarkar Chowk,Bengaluru,663547
b-1289,3235c607-3b03-4f4f-8e74-97b9e6302710,Sridhar Fariq,63728-30184,fsridhar@ymail.com,394 Dixit Roard,Pune,422299
b-1290,fc1b3683-dc2d-4664-964e-7c5f27eb6499,Joshua Mital,9858877328,jmital@yahoo.com,207 Virk Ganj,Nagpur,249658
b-1291,a0eb5d1e-7ebb-429b-856b-11a93c8d89ff,Faraj Bath,9522028530,fbath@hotmail.com,192 Chokshi Circle,Mumbai,268677
b-1292,aeb5b26a-e594-41c5-a41a-546e54ebbaed,Thakur Finn,6850419583,fthakur@gmail.com,118 Comar Nagar,BLR,666885
b-1293,7b38e1d5-1d61-45fe-9216-e1f630765bca,T. Gola,7161633679,tgola@yahoo.com,406 Ramaswamy Street,Hyderabad,309916
b-1294,bb284435-7e97-4ce1-8e26-6ca0d2416b46,C. Chacko,9287480670,cchacko@hotmail.com,258 Mishra Marg,Delhi,
b-1295,dbfa49bd-e04b-4a85-ba41-f6a5caf4ea3c,Dipta Sha,6792265162,dsha@gmail.com,232 Lanka Cgowk,Pune,200818
b-1296,7b8983eb-fa4b-451e-9b4b-0ad1271ea8d4,Harita Grover,8290971239,,129 Goyal Ganj,Ahmedabad,741643
b-1297,1d655526-f205-4fbe-904b-44de8ecb4ad3,Andrew Ahluwalia,7457771677,aahluwalia@outlook.com,45 Dada Marv,Nagpur,155261
b-1298,948acf19-5c15-44ec-90e7-8ba7bed130eb,Agaatya Garg,6517700734,agarg@gmwil.com,468 Sharma Chowk,Pune,
b-1299,8a128238-38ba-4621-a57d-09a8178c17c2,Megha Mittal,6518592161,mmittal@hotmail.com,157 Das sZila,Jaipur,969177
b-1300,b58ca2d8-6c3f-46df-b785-2fd1683097c2,Guha Amol,8244369973,aguha@ymail.com,499 Kadakia Nagar,Ahmedabad,356257
b-1301,5fa2b340-a315-432b-8f1a-9786088ad7f0,Rayaan Chadha,6553376462,rchadha@hotmail.com,281 Sheth Road,Jaipur,591657
b-1302,f371f328-e8c2-45a9-a900-9b84650a787b,Sinha Vedhika,7657036086,vsinha@gmail.com,7 SenguptaNagar,Cochin,927978
b-1303,92674b6e-4280-4ec0-bf36-1d970daf91ce,Xavier Jaggi,7006722465,xjaggi@outlook.clom,19 Ramanathan Road,Jaipur,545232
b-1304,47ea6370-d131-4ae7-9fd0-da353fa394d5,Charan Nath,8552414149,,369 Chauhan Nagar,Kochi,909758
b-1305,d51437c3-005b-4eb1-8c4f-c5a60a24e070,Yochana Sura,8399035565,ysura@gmail.com,83 Bhat Ganj,Nagpur,940773
b-1306,db08ed66-3299-4da5-9cce-675849e00569,Er. Anirudh Sami,8513858549,asami@outlook.com,86 Mutti,Delhi,377249
b-1307,36ce3641-230d-4864-83cd-a61af1353dc6,Devansh Loyal,7147246982,dloyal@gmail.com,335 Solanki Marg,Bhopal,
b-1308,4b4eba64-a7d1-4700-9625-b93eb6bb7ac9,Jackson Talwar,7976510067,jtalwar@rediffmail.com,400 Palan,Madras,442585
b-1309,e54bfcf5-bfb6-4f79-989c-42b0f9cd678a,B. Handa,8406669762,bhanda@hotmail.com,217 Padmanabhan Choewk,Hyderabad,317950
b-1310,8336329e-03f4-424e-a1f1-2d4940ad9079,Mr. Raksha Kata,8209306028,,376 Kanda Circle,Bengaluru,942060
b-1311,88b72522-57b6-4382-983c-bd0228927e18,M. Saha,6173779198,msaha@hotmail.co,68 Sodhi Path,Kolkata,588576
b-1312,87b603b9-6acf-4d3e-a21e-6876b108d98c,Neel Johal,9923124989,njohal@hotmail.com,328 Chadha Road,Ahmedabad,606863
b-1313,a8c35900-5a6d-4352-af72-fe1c2166081d,Vasudha Dayal,7079794028,vdayal@gmail.com,274 Iyengar Street,Hyderabad,525791
b-1314,762bd344-0671-4eef-9d52-2525a474dc77,Swamy Naksh,8283657995,,350 Sagar Zila,Chennai,584433
b-1315,370452c9-3844-4b42-9e7d-5a92afe26dcd,Wakeeta Mitter,9812315065,,456 Kadakia Ganj,Chennai,805959
b-1316,0024c1e2-ffbe-45ba-bdd6-3f99f6633a15,Azad Bhatt,7270149767,abhatt@yahoo.com,224 Sani Path,Chennai,748997
b-1317,5cfa68e4-1543-4767-940c-4516e04aa200,Ishaan Karan,76350-15974,ikaran@ymail.com,138 Kapur Zila,Kochi,429136
b-1318,cf76cf90-3ff4-4416-bb7b-4e98f93bd716,Prof. Hemang Bedi,8829019876,hbedi@yahoo.com,246 Shankar Chowk,Lucknow,127535
b-1319,91d1257c-4644-48ee-b49d-51aaed31a786,Benjamin Tripathi,6890608507,btripathi@rediffmail.com,462 Ganesh Zila,Bengaluru,884513
b-1320,baceabb2-1857-4a68-b162-a5feb3377af0,Hardki Dube,+91 67744 97615,hdube@gmail.com,126 Natt Path,Madras,708594
b-1321,8644af49-abc9-449f-84b3-507bc88cc03c,Lakshit Das,9139005927,ldas@rediffmail.com,73 Sadrna Ganj,Mumbai,895087
b-1322,42b001cf-d517-46d8-b32b-39911c6bb73e,Ojasvi Ahuja,9496474797,oahuja@gmail.comk,36 Som Ganj,Calcutta,601476
b-1323,fe17bb3f-fcc2-4f83-b349-1905b964b469,Dr. Harita Mangat,7322360316,ghmangat@ymail.com,394  Garg Circle,Bhopal,503611
b-1324,2d8491ae-4b84-4831-b911-b91758debd70,Jalsa Korpal,9385394128,jorpal@outlook.com,280 Wagle Street,Pune,673508
b-1325,db8531dc-8d88-4597-b114-d7f7f3a96b3d,Oviya Kari,8901817732,kkari@outlook.com,253 Sanghvi Street,Bhopal,214431
b-1326,8e8f636b-c894-4a2f-bcb6-fc0a0486a9b0,Janaki Balan,8276067825,jbalan@rediffmail.com,292 DhingraC howk,Jaipur,920445
b-1327,f1aa5644-e6dd-4102-b5a4-c1eb35708444,Smt. Hamsini Murty,7501921808,hmurty@gmail.com,419 Gala Mrg,Cochin,528735
b-1328,aac43f10-42e4-47cf-9102-edb1b8c811d8,Radha Bhat,6859188901,rbhat@outlook.com,58B ansal Marg,Lucknow,
b-1329,2cf3faa0-6829-4f5f-aa3d-055eea501b78,aMtthew Bhardwaj,9032271886,mbhardwaj@gmali.com,298 Merchant Circle,Nagpur,
b-1330,dc1280a2-4162-4725-a71d-6a6ddc3eaa0d,Oni Ratti,83509-49156,oratti@rediffmail.com,5 Modi Circle,Nagpur,103281
b-1331,501ee1b0-e41a-477f-ab5a-cdb7271c2881,D. Padmanabhan,+91-88751-72175,dpadmanabhan@gmail.com,275 Mammen Nagar,Bengaluru,789686
b-1332,0693ad07-e023-42c2-a948-ffb953229369,Manan Raval,7837356479,mragval@ymail.com,460 Jha Chowk,Hyderabad,301081
b-1333,cd505f1b-2628-404c-99ed-ea22285e4d5a,Riya Pai,0805515837,rpai@ymail.com,227 Hora Mag,Delhi,147842
b-1334,917aad3e-6dea-4ded-8739-b76475d8ee02,Charvi Chad,8928361285,cchad@outlook.com,255 Yogi Nagar,Lucknow,282382
b-1335,51312be5-32b0-4868-a24c-2b1519458a52,Gaurika Ramakrishnan,9202651326,gramakrishnan@ymail.com,128 Venkatesh Street,Bhopal,141899
b-1336,bb08c7be-871d-44c0-b0f3-5384b828139a,Arin Bala,8493731382,abala@ymail.com,333 KuruvillaC ircle,Pune,119923
b-1337,db1fc01c-3602-4c15-b685-c9a7c78a3eef,Wyatt Modi,8155300222,wmodi@outlook.com,211 Tiwari Marg,Mumbai,729147
b-1338,89e22dde-85b3-4201-b7c6-92feebeb0eba,Indrajit Bhasin,7701113087,ibasin@outlook.com,88 Lad Path,Chandigarh,781969
b-1339,a2f0ec9e-f979-4981-b373-89518666f241,Yashica Pandya,8840443932,ypandya@rediffmail.com,309 Batta Zila,Kolkata,277099
b-1340,7cfd5c56-b9c2-4891-9bee-3c078bd4622a,Sudiksha bNori,+91 79671 46594,snori@hotmail.com,472 Walla Ganj,Ahmedabad,531722
b-1341,c0a49aad-d737-4d33-8b45-eb5b53faf020,V. Palla,0098009519,vpalla@outlook.com,317 Mane Road,Bglr,476052
b-1342,f0e94ce9-ec57-44f6-a010-31516bf4f16b,Henry Narang,6128305640,hnarang@ymail.com,429 Hans Crcle,Delhi,784657
b-1343,34bbcd81-d6ed-4a61-9aaa-f5e33696fd51,Jalsa Sha,9690781719,jsha@ymail.conm,2 Din Zila,Nagpur,504781
b-1344,ce5fa91a-dd81-45be-a052-a1450f8101cf,P. Sabharwal,6937990279,psabharqal@ymail.com,360 Chanda Zil,Kochi,205043
b-1345,d8db3c38-ca49-4859-86ad-12d76c9cee8f,David Sandal,9958021234,dsandal@yahoo.com,272 Soni Sreet,Jaipur,265488
b-1346,d86d0b60-de6a-46e2-9201-a33a05029130,Prof. Tanish Sehgal,9192646713,,131 Pingle Zila,Bengaluru,395442
b-1347,881c32e1-96c0-4381-9703-2df2d2ff9332,Wishi Sampath,6966995752,,456 Suri Chwok,Jaipur,304298
b-1348,0782409a-61e9-4eb3-9429-8c46bf56f54f,Omaja Gaba,6915710590,,462 Tiwari Street,Bengaluru,462929
b-1349,cd9f963e-0649-4f88-8cfb-70a8215a1c07,Imaran Dara,7699797095,idara@gmail.com,310 Man Path,Kolkata,628908
b-1350,a7e2cc50-3ced-45be-96b6-0a0646803a68,Banjeet Virk,6274075152,bvirk@outlook.com,473 Dalal Street,Pune,149957
b-1351,357b402b-dbbe-4cdc-bdaf-e32d4ee8ffa9,Kamya Mody,9041035734,kmody@yahoo.com,365 Mitter Path,Bhopal,167147
b-1352,fcd3080e-c824-4abb-98ed-513d74e864a7,Sunder Chaitaly,7984434413,csunder@ymail.com,489 Dhar hNagar,Delhi,996849
b-1353,052f4059-3ea6-46b5-b1fb-fd53465f471b,Mrs. Lucky Sama,8886433323,,135 Mody Nagar,Lucknow,890998
b-1354,c1192ba9-e6af-4894-b8ed-d818108017ff,Bhanumati Kale,9605239875,bkale@outlook.com,458 Suresh Street,Bengaluru,788633
b-1355,7ccbe85c-145a-4934-8ecd-02c81a2e8658,Aarnav Das,7994276955,adas@gmail.com,301 Palla Circle,Chandigarh,428268
b-1356,ff0e5bbe-f671-4309-8efa-769e9075b4f9,Ekansh Basu,9421666746,ebasu@outlook.com,398 Srivastava Marg,Kolkata,964506
b-1357,63b17382-003d-4478-b1ea-0343df31df45,Vaishnavi Deo,8674797272,vdeo@gmail.com,222 Thaman Street,Kolkata,922702
b-1358,1ba36691-548a-4e9e-939e-5e571e04a9d3,Triveni Sengupta,9210284690,stengupta@gmail.com,460 Dixit Chowk,Bhopal,362396
b-1359,3dabee96-2081-4da1-8e4a-e958c0ac011a,Ms. Eshana Chakraborty,8022770984,echakraborty@yahoo.com,210 Rout,Lucknow,
b-1360,4c93cf7f-a163-4cca-9ea8-1f9fae7aea99,Lila Kaul,7655033888,lkaul@hotmail.com,164 oNri Marg,Lucknow,734626
b-1361,6c7e37ad-cd0f-4100-b8c8-5bc1b23f2c31,Chakradev Savant,09648978242,csavant@hotmail.com,367 Chakrzbarti Road,Pune,726827
b-1362,6f07c48a-25ac-4624-b312-0f2973590764,Jatin Chada,7632621511,jchafda@rediffmail.com,264 Bera Ganj,Chennai,842583
b-1363,bbe73ce3-3452-44b2-9802-a900840ef133,Ranbir Soni,6838441607,rsoni@ymail.com,181 Bahl Circle,Hyderabad,506465
b-1364,c832dd3f-76f6-4b0f-8b36-d07fe3a664be,Jai Wali,6680856064,jwali@hotmail.com,390 Bahl Street,Lucknow,731489
b-1365,1923442b-ed29-44a9-a196-6dff58c40ad8,Frado Walla,8240109840,fwalla@hotmail.com,217 Nagi,Bengaluru,491781
b-1366,cc199a8e-4f9f-45c0-9a0a-22e989c8a330,Neeklima Bath,6551157240,mbath@gmail.com,290 Bajaj Chowk,Chandigarh,847840
b-1367,4f0f1912-2929-4cbd-96da-5431caa22f62,Aarini Chand,7260952790,achand@yahoo.com,72 Chaudhary Zila,Lucknow,363884
b-1368,b72e9cf5-07d3-450d-bffa-10dfcd7871ad,Aadhya Chakraborty,6492916614,achakraborty@gmail.com,183 Mohanty Street,Chandigarh,570367
b-1369,665a1f55-96c5-4703-af95-b96e1d6e32ed,Nikiat Gara,9250871614,,465 Nanda Nagar,Gurugram,
b-1370,85688597-e4e1-437e-a221-b862656a300b,Pratyush Bala,6775028124,pbala@redfifmail.com,414 Misra Naar,Gurugram,153165
b-1371,c4e22039-acc8-4f2d-9cca-295749e970f7,Chaudhary Madhavi,6735251673,mchaudhary@yahoo.com,390 Dhar Path,Delhi,293272
b-1372,93ccbeb5-eea9-4887-bbc4-47511414dc7b,N. Naik,8364544439,nnaik@yahoo.com,402 Prashad Road,Pune,
b-1373,16999ce4-5be9-42a5-922e-db9a3c7c5913,Ben Jai,8761519348,jben@hotmail.com,97 Khatrki Ganj,Chandigarh,263750
b-1374,4bd3c35c-cc64-42af-8dd4-b5b30dc39c2e,Dominic Sule,8263684058,dsule@yahoo.com,479 Reddy Nagar,Nagpur,827309
b-1375,3679d9ae-833e-46fb-8b40-4b770e213e33,Yatin Dass,6074139491,ydass@gmail.com,282 Ray Road,Pune,452425
b-1376,8280faeb-1e12-478d-b79a-e9bc3ab84787,Sanaya Chacko,6076158840,schacko@outlook.com,258 Jani Circle,Jaipur,
b-1377,e1ae39c7-6dd8-467f-b07e-455d8a7d9d7a,Lucky Prakash,7249349124,lprakash@hotmail.cm,171 Ganguly Circle,Jaipur,
b-1378,0b0bb622-ae19-4b79-9a34-6a54f905552e,Yatan Yogi,+91 60046 05396,yylgi@hotmail.com,293 Seth Marg,Bhopal,985555
b-1379,0919993a-8ff6-4bdf-abc4-23cd16889116,Bejamin Agarwal,8926589745,bagarwal@outlook.com,403 Mann Chowk,Hyderabad,675092
b-1380,49332344-3ca7-4a29-b2cc-73f9c67d4dae,Oliver Acharya,8231043522,oacharya@myail.com,402 Subrzmaniam Nagar,Delhi,312226
b-1381,3d38c10b-f7d2-4a8a-bb1a-b34c51ab6196,Krishna Anjali,6437148118,akrishna@ymail.com,215 Panchal Marg,Ahmedabad,729447
b-1382,92275a94-07f0-4d94-97cc-d2d36312cb9e,Simon Uppal,8652923991,suppal@rediffmail.com,184 Bath Road,Chennai,824637
b-1383,7a7152c8-842b-44bb-9409-7bdc56d6ba81,Neel Walla,8314911081,,345 Boase,Pune,594328
b-1384,98583772-70a5-48ca-8b33-945e64c4599b,Charita Chakraborty,7645895062,cchakraborty@yahoo.com,440 Das Marg,Bhopal,636404
b-1385,4c819d70-aaad-4402-9147-1b80a2af3c39,Logan Mammen,06544815382,lmamen@yahoo.com,46 Kade Marg,Lucknow,903930
b-1386,c5861e05-c518-4293-b0c5-f9743a6b6b72,Y. Nadkarni,8013581069,ynadkarni@rediffmail.com,283 La lPath,Pune,644661
b-1387,b5be2f5d-9288-4626-87dd-8aeba1a2b18d,Sneha Mahajan,8100457459,smaahjan@rediffmail.com,335 Nagy Ganj,Ahmedabad,
b-1388,06a5c5bf-12c4-4f23-8b1f-b14a9738ce29,H. Kade,6957406627,,346 Narasimhan Chowk,Mumbai,
b-1389,c8b02a8a-895b-43c9-ae77-d0e9d92c02f6,Amol Deol,8408728781,adeol@gmail.com,31 Soni Nagar,Kochi,
b-1390,0e332453-d16d-4ae7-8db7-a889aa5c8f4f,Vrinda Ramaswamy,6106041545,vramaswamy@hotmail.com,266 Bumb Circle,Mumbai,685242
b-1391,79621224-9c2b-4e71-aca2-ab6616673ece,Faras Yohannan,7244857680,,357 Saxena Nagar,Bengaluru,
b-1392,d19a036e-6132-40d1-a2d9-017e09eccaf0,Jatin oandit,6714999121,jpandit@rediffmail.com,90 Parma rMarg,Nagpur,195699
b-1393,e0e3f2c0-b728-4694-91de-0bed2ef31f5e,Lila Goel,9516780167,lgoel@outlook.com,192 Dsh Nagar,Ahmedabad,441776
b-1394,f3422b63-8ade-4464-8a5c-baea010d1e11,Aditya Kant,6097964199,akant@hotmail.com,113 and Nagar,Hyderabad,154629
b-1395,4949887e-4fa9-425d-8919-571dbb01d362,Ishita Handa,9143400094,ihanda@yahoo.com,399 Mitter Zila,Lucknow,791686
b-1396,9ac56eb9-ec8e-4651-ba80-19d4bbee1423,Kaur Timothy,7679521105,tkaur@yahoo.com,113 Patil Chowk,Lucknow,
b-1397,d800e76f-3c2e-4b9e-85c7-91fd6c045919,Balhaar Manr,8127859779,bmand@gmail.com,116 Kadakia Chowk,Hyderabad,146422
b-1398,cb0a3c9f-05df-40c4-a6f5-56432fa75475,Arunima Tella,9893523402,atella@rediffmailc.om,83 Garde Chowk,Pune,996137
b-1399,e0c229fb-f8db-4174-8e93-7e8c1e7b63ed,Rishi Gill,9683669385,rgill@gmqil.com,328D ave Zila,Bhopal,851931
b-1400,92352ea4-4ad0-43d4-8725-e5e2fa6ad910,Setty Zayyan,9270976502,zsetty@rediffmail.com,107 Sane Nagar,BLR,896009
b-1401,35eae559-17da-4719-bfe9-3eb93a12bd3a,C. Naidu,7872213232,cnaidu@gmail.com,355 Ray Marg,Pune,735568
b-1402,e491c813-dd3f-46c1-b608-26b971cd1e55,Dara Anusha,09043326800,adara@hotmail.con,350 Shukla Circle,Chennai,589912
b-1403,9d8252a2-6026-48fa-b303-130f3224db39,Warhi Pathak,9925806767,wpathak@yahoo.com,231 Bassi Circle,Pune,
b-1404,b7899463-5654-4ff6-9c85-e8ac82076b31,Mr. Udarsh Batta,9972546002,ubatta@gmail.com,186 Salvi Road,Delhi,
b-1405,8b75ee89-de15-4cb8-9aed-747e782d7755,Saumya Mtti,7753553340,smutti@outlook.com,295 Ramanathan agar,Kochi,835349
b-1406,cab1e1c1-44c3-42e2-addd-e482a755cd14,Robert Natt,8532648088,,349 Bakshi Zila,Cochin,304844
b-1407,8b1afe1a-a45e-474d-b90e-447ccf7f22e3,Upkaar Sampath,8382890767,usamptah@rediffmail.com,467 Krish Zila,Gurugram,
b-1408,7f085312-4f4a-4444-81cf-b159c9293162,donith Gala,7214223144,rgala@hotmail.com,391 Mukhopadhyahy Path,Calcutta,978149
b-1409,9c2f2a09-aa2e-4b2a-8b7f-42d226772d51,Dev Chatterjee,7126612805,dchatterjee@hotmail.com,370 Srinivasan Nagar,Mumbai,461246
b-1410,92c3ddbb-8f26-49ec-9e45-8f2b6b88ebac,R. Bajwa,7877800047,rbajwa@ymail.com,316 Natt,Lucknow,369554
b-1411,efd6103c-7154-44b5-aaf1-49eade77afce,Zashil Kota,9262515153,zkota@ymail.com,3 Solanki Zila,Bglr,606310
b-1412,1f0f9db0-62a8-475f-80c7-75863cabb49a,William Oak,8342963596,,432 Nath Nagar,Delhi,407526
b-1413,0348223d-b14e-4262-83ee-a1a590455673,Khalsa Zinal,9358084696,zkhalsa@yahoo.com,401 Sarna Zila,Madras,427795
b-1414,9257e443-28a3-4d31-b676-519069559b3f,Girish Sekhon,9192776415,gsekhon@gmail.com,314 Dash,Kolkata,852038
b-1415,1978c42a-a9af-4be2-b4ae-ac53f81a0fd0,Frederock Bhat,9984486197,fbhat@rediffmail.com,494 Purohit Nagar,Bhopal,
b-1416,c59e3f68-2af8-440d-bbae-b5625bd72b2c,Dhriti Bhattacharyya,7430278455,dbhattacharyya@yahoo.com,335 Bhatia Street,Pune,661456
b-1417,1c3e15b4-2353-43c9-9f1c-5859a14d6d0e,Riya Bhakta,79463-70915,rbhakta@gmail.com,49 Sankaran Road,Delhi,407226
b-1418,dab75017-192f-48df-abe3-94bf8d1c1f2b,Dominic Chaudry,0392045328,dchaudry@hotmail.com,350 Ben Nagar,Bhopal,
b-1419,3316bf0f-8f48-492f-b18e-8d15ee321b57,Shri Chaitaly Raj,8581510979,craj@hotmail.com,288 Char Marg,Ahmedabad,803789
b-1420,4a9ee3ec-9ad6-4e56-ab27-ecb2f6c719b5,N. Kaul,6542745030,nkaul@yahoo.com,39 3Anne,Chandigarh,472980
b-1421,30e5a564-7734-42a2-a02b-35268f2fb60b,Rajagopalan Sudiksha,6230931518,srajagopalan@mail.com,456 Sangnha Chowk,Jaipur,199788
b-1422,353bcc42-360d-4b3a-8d0a-10eb4ecce95d,Harrison Nori,9828588274,hnori@rediffmail.com,69 Setty Nagar,Nagpur,329540
b-1423,583fb48b-885d-4b39-8982-1b16aa90f4e2,Zansi Narasimahn,7369220102,znarasimhan@hotmail.com,414 Hans,Kolkata,620051
b-1424,269f5c63-848b-4455-a6d5-21ad0075655b,H. Chauhan,+91 91670 24381,hchauhan@rediffmail.com,217 Bir Nagar,Bombay,209276
b-1425,5d712918-acd5-44d3-92ce-ebacd0216b2d,Rishi Date,07938149738,rdate@hotmail.com,471 Kunda Circle,Jaipur,857020
b-1426,3d8e06a2-1fab-4fa1-a8e0-905099f09342,Isha Sama,9037673057,isama@rediffmail.com,788 Saxena Chowk,Delhi,
b-1427,47047fd6-ae8f-461a-99f4-327aa59629f5,Quincy Kibe,7417738399,qkibe@hotmail.cmo,284 Basu Street,Bombay,895042
b-1428,0d74c077-5083-4a6a-96f4-1595c3451ed9,Darpan Datta,9456414967,,181 Sarin Road,Calcutta,245608
b-1429,6f09fcca-0416-49f3-b3c0-ae6a5f383829,Y. Parmar,9221625071,yparmar@gmail.com,31 Dhingra Road,Chennai,567979
b-1430,30ec8d02-3a51-4366-9ada-0542cfd9b3de,Manan Singh,9748821472,msingh@ymail.com,485 Oxa Road,Bhopal,734772
b-1431,133b4392-4f8f-4d3c-976f-f8bb679a6d98,Bishakha Pillay,6656463416,bpillay@outlook.com,161 Vasa Nagar,Chandigarh,291632
b-1432,c30367bd-dc56-4f28-b34b-7ff8c3031009,Bhandari Maanav,7933079594,mbhandari@rediffmail.com,432 fripathi Ganj,Kolkata,588320
b-1433,61a7a098-0f6d-4376-bcd4-ec14a509baee,Chatura Sami,8201649530,csami@rediffmail.com,179 Hayre Path,Bangalore,448662
b-1434,0cb1a307-c9b0-4ad3-aa4b-732ba65744bb,Sai Jaggi,8385730669,sjaggi@rediffmail.com,315 Om Zila,Jaipur,168058
b-1435,ba42dcab-2864-492f-9887-66afc8908205,Ranbir Soni,8759473331,rslni@rediffmail.com,216 Narula Chowk,Chandigarh,600271
b-1436,c5e34701-2ec4-440f-90a3-b9b8b929a710,G. Mistry,6969598818,,416 Narasimhan aMrg,Lucknow,790388
b-1437,14b25dd2-0b95-45af-bcaf-6f74876432b9,Nicholas Cheema,6990218836,,497 Basak Chowk,Calcutta,
b-1438,c632e6b7-8193-4cce-b530-9b00d1b3eeab,Shri Warhi Kanda,7084553208,wkanda@rediffmail.com,327 Kapoor Nagar,Ahmedabad,294978
b-1439,1a4a59fe-ce25-4d0e-978a-6f2d161d3fd3,Victor Shukla,7432308867,,264 Kala,Kolkata,806751
b-1440,7ecec4cb-f874-4f5e-869f-48cd6672f70c,William Srivastava,+91-85826-30319,wsrivastava@yahoo.com,466 Prashad Path,Mumbai,
b-1441,ad899980-4810-4f9d-8d3b-c9df3561b2dc,Samesh Ratta,8790338442,,310 Ahuja Srteet,Ahmedabad,628565
b-1442,18a8ede3-ccb3-4351-9491-704cfa6cccd1,Janani Anne,7909932013,janne@rediffmail.com,386 Parmar Zila,Jaipur,
b-1443,9f41dc6a-0bba-4f9f-957a-76269720d681,Ayushman Contractor,6359057384,acontractor@gmail.com,133 Mannan Street,Ahmedabad,200488
b-1444,16f66065-a071-485a-abde-a6034700b19e,Ria Hayer,7279485937,rhayer@ymail.com,457 Parsa,Chennai,246870
b-1445,d3f477f5-3cba-42ec-b741-fc616fccefbb,Caleb Balan,6597669543,,111Hora Ganj,Lucknow,185796
b-1446,af5cca43-8202-4cfd-8879-1a5404a6a815,Bhanumati Ghosh,8858954387,bghosh@yahoo.com,325 Lalz Ganj,Delhi,467873
b-1447,1bca80da-8056-4924-a467-838754d41980,Dr. Owen Nori,8594158175,onori@rediffmail.com,158 Korpal Circle,Nagpur,300031
b-1448,7eee342b-35fb-483a-aedf-d033624c80f8,Pranav Hayre,9810007783,hayre@hotmail.com,129 Goda Nagar,Ahmedabad,601066
b-1449,f19e1601-693b-450f-8c35-36685b7b4940,Adweta Chaudhuri,6423713648,achaudhuri@gmail.com,204 Devan Nagar,Pune,531743
b-1450,016f5fc0-2315-4adc-a1d0-dd6657d3bdd4,Ladli Choudhry,6696672376,lchoudhry@yahoo.com,30 Kade lath,Chennai,295703
b-1451,a612fcc5-d7a0-4789-a3d6-ccc1203da089,D. Shan,92410-60312,dshan@yahoo.com,273 Pingle Ganj,Pune,898203
b-1452,2f906ff0-4433-4e07-ae11-ed8ee6678973,Kashish Garg,+91 64762 27714,kgarg@gmail.com,147 Saraf Circle,Kochi,618494
b-1453,5bbb5fcf-089f-4db9-946a-4065ebd7925c,Dhruv Dani,+91 82533 80813,ddani@rediffmail.com,456 De Street,Bglr,462897
b-1454,4da1a044-ab99-4874-bec6-2e8fceb87906,Handa Ranveer,9143676795,rhanda@outlook.com,275 Radhakrishnan Circle,Nagpur,256048
b-1455,ae9aea90-f88c-419b-8cce-1fec1ed36e93,Kavya Nadkarni,+91 96294 67657,knadkadrni@ymail.com,82 Sanhvi,Hyderabad,471223
b-1456,9d6a73d4-6763-4826-a78d-5069708c731d,Yash Batra,6817448818,ybara@yahoo.com,188 Gulati,Mumbai,582138
b-1457,0a94b0c8-1875-4d22-9f78-cfd191162d26,Chaitaly Dixit,8406585609,cdixit@yahoo.com,123 Kota Path,Kochi,
b-1458,32119802-d1a0-456b-84bc-b7e009a6fa41,Shri Chatresh Mammen,8596092586,cmammfn@gmail.com,176 Trivedi Street,Pune,478621
b-1459,1f48fb56-41f8-4dd0-9ab6-1f5d92adc177,Vrinda Kadakia,9681481291,vkadakia@hotmail.com,36 Singhal Zila,Pune,323239
b-1460,7b3af26c-637c-4805-ba33-89ef6c22ed06,Dhruv Ganesh,6405719899,dganesh@gmail.com,224 Rama Circle,Gurgaon,882148
b-1461,ab780c7a-84ef-44d6-ab6f-b7a8d220b54d,Prasad Yashodhara,+91 82696 56005,yprasad@hotmail.com,492 Venkataraman Chowk,Jaipur,976714
b-1462,d590965c-7e87-438f-9fbc-d921221fd0af,Ucchal Gola,6813714648,ugola@yahoo.com,286 Prakash Path,Delhi,159625
b-1463,399b2f2c-a84b-4e6b-a67f-591377739f1d,Vasudha Talwar,78048-28059,vtalwar@hotmail.com,320 Loyal Chowk,Calcutta,
b-1464,4a96feb6-37f8-4ae7-b2c7-239bbbebdd68,Nandini Bansal,+91 82504 12607,nbansal@yahoo.com,430 Kanda Ganj,Nagpur,300324
b-1465,65295102-1ad0-48ee-a79c-032ffbc346e9,Seth Samaksh,+91 85121 17441,sseth@outlook.com,415 Randhawa Ganj,Gurugram,741154
b-1466,18dddf20-218d-4fcf-b7f9-d8ce90868e00,Tejas Mohan,9042210987,tmohan@ymail.com,411 Purohit Marg,Delhi,435374
b-1467,054f189b-5d21-4f94-b17b-e9ccce883a94,Mr. Naksh Prasad,8822037841,nprasad@yahoo.com,247 Chad Road,Bengaluru,374142
b-1468,c1f62c82-8941-4223-95ab-11330994f7a0,Krish Chad,9901192939,kchad@outlook.com,142 Saxena Road,Kochi,289102
b-1469,480020b7-804c-42df-a6bf-f890f260b17d,Zilmil Pandey,7096770907,zpandety@ymail.com,253 Barman Ganj,Jaipur,649323
b-1470,d2906ec9-40d8-43c3-b7b4-44dec730a318,Udyati Vala,8734491290,uvala@yahoo.com,159 Nayar,Bombay,760039
b-1471,1f4acbef-af93-4ecb-b5e1-c15b08d517be,Pooja Seshadri,7801974221,pseshadri@ymail.com,169 Sankaran Cohwk,Delhi,715567
b-1472,72259523-b61b-47a3-bcf6-564fbab8baac,Mrs. Nilima Pillai,6785586015,npillai@outlook.com,131 Nadig Chowk,Lucknow,809988
b-1473,e690a5ff-2aff-48b4-b7c0-4d577062fddf,Anjali Raja,+91 87846 45288,araja@ymail.com,243 Gola Nagar,Lucknow,837023
b-1474,3dd11420-768d-4287-9392-234c1ea1722c,Riy aKaur,9146440498,rkaur@rediffmail.com,40 Borra Road,Madras,596378
b-1475,6805377b-c6c3-42d0-a5c6-94c9d00f136a,J. Butala,8669459844,jbutala@rediffmail.com,283 Thaker  Road,Kochi,138729
b-1476,bb6510cc-6f2b-4576-a0b7-e7c7804ed8c8,Yochana Brra,+91 64884 90000,ybrar@gmail.com,28 Kari oRad,Pune,439205
b-1477,ab4affe4-8384-4911-93e9-a3a958770105,Guneet Dani,9055925519,gdani@hotmail.com,218 Parsa Zila,Delhi,457465
b-1478,fcb5862e-7e0b-461f-ba4c-3c759f1a894f,Balvan Iyer,8725835217,biyer@hotmail.com,103 Hegrde Path,Nagpur,898529
b-1479,5b86ef2b-b04b-4201-94d8-f7f92776d73f,Forum Krishna,7821628777,fkrishna@gmail.ocm,330 Maharaj Road,Gurugram,163033
b-1480,e34f0810-b502-4b7b-add3-42ea0f955b90,Rayaan Devi,7940520206,rdevi@hotmail.clm,475 Lal Circle,Jaipur,560156
b-1481,63b57d3d-ea0d-4555-8791-b4cc34923c65,Abhiram Mistry,9103021461,amistry@yahoo.com,369 Pal Road,Nagpur,
b-1482,edf75c2a-ecde-4944-b2ac-ba8d5104a2c5,Dr. Netra Ravi,72595-59699,nravi@fmail.com,469 Arora,Kolkata,259264
b-1483,a206b25c-1c07-4a6f-81bb-3eaadc2f4019,Urmi Vala,8010689771,uvala@gmail.com,158 Rao Street,Lucknow,172228
b-1484,51a58ece-9839-49b4-b43a-0d5b245b8b42,Karan Vedant,91040-04319,vkaran@yahoo.com,103 Som Ganj,Lucknow,
b-1485,32e819aa-af3d-4e92-9484-1c5f8fd7c11e,Varty Vivaan,9218228758,vvarty@yahoo.com,398 Sudhu,Delhi,
b-1486,4e27145c-44f5-4482-a577-a877a275c3fa,Triya Oak,7777233770,toak@rediffmail.com,194 Munshi Zila,Hyderabad,244330
b-1487,d0fb2edb-8864-4b06-b87a-dd15871183fd,Mrs. Raghav Sanghvi,8245411069,rsanghvi@outlook.com,279 Kadakia Marg,Jaipur,
b-1488,5cbb449a-ef28-4f85-bbea-748ba2cc948b,Ms. Reva Sengupta,8959703500,rsengupta@hotmail.com,447 Balan Circle,Gurugram,
b-1489,0c22f86a-6761-42f9-a72a-0625052a7523,Kavya Dewan,8638037217,,93 Dave,Jaipur,138500
b-1490,5cbea599-dc71-47c7-9102-a1da3009fd94,Dr. Dalaja Andra,6719462275,dandra@ymail.com,460 Pant Chowk,Kolkata,
b-1491,a4f25c67-96d2-44a1-85b7-df6b65ffeea2,Harinakshi Kar,9264957119,,332 Sandal Marg,Mumbai,943915
b-1492,d46dbc45-b9f2-4e05-9dbe-c6339193ac1e,Yogi Netra,8346740457,nyogi@rediffmail.com,395 Nanda Roqd,Lucknow,
b-1493,e0c7faab-c38f-43cf-b6ec-97aef4a24fd7,Arin Balay,8494339178,,43 Dube Street,Madras,131389
b-1494,e24df3f9-3293-4342-85bf-fc6d98f405f1,Ganga Raman,9967973224,graman@yahoo.com,338 Jayaraman Marg,Nagpur,414963
b-1495,6654669e-5d10-4efd-9e27-91dfc9b1269c,Mahika Bhatt,6130008478,mbhatt@gmail.com,335 Rau Circle,Nagpur,851003
b-1496,69854d52-38c8-405a-a81b-6368c1a8a66b,Soman Raghav,7006260355,rsoman@outlook.com,298 Narasimhan Zila,Pune,268533
b-1497,76660ca0-cdd2-4e6c-8f87-365c03ef2716,Siya Modi,7218998472,smodi@outlook.com,126 Garg Zila,Gurugram,282361
b-1498,8736544f-9887-4a91-80b8-1ea8898c299d,Hemang Goel,7871093174,hgorl@outlook.com,318 Suresh Nagar,Calcutta,609951
b-1499,b5c2463e-ffc5-45b3-b67d-03c37f1263ff,Grover Avi,7476127243,agrover@htomail.com,372 Boase Ganj,Mumbai,467848
b-1500,8df5666f-55bb-4039-804f-5315ad1a9f21,Mander Libni,9635407152,lmander@hotmail.com,237 Kaul Gnj,Chennai,199627
b-1501,ff13c613-040c-4127-ac87-81d681d4abdb,Bishakha Viswanathan,9368584241,bviswanathan@yahoo.com,103 Sha Zila,Pune,505746
b-1502,374c6422-e03d-4531-86d1-79ff4b32b62d,Dakshsh Pillay,9852767966,,246 Apte Circle,Bhopal,686279
b-1503,4227a7db-3355-43fc-a81e-0aabac885439,Onveer Narain,7423523986,onarain@yahoo.com,420 Raman Marg,Bengaluru,890168
b-1504,eba499af-22e1-4d99-842f-6466c34327d9,Choudhry Naksh,+91 87276 23350,nchoudhry@ymail.com,279 tadav Street,Madras,243914
b-1505,f2c1e229-3063-4024-9ed7-b0cc9b3b38b6,Omya Sridhar,8732144682,osridhar@yahoo.com,144 RamachandranZ ila,Delhi,532254
b-1506,82726a87-f4fd-48ef-bf09-8bae27ac13f0,Samuel De,73443-52761,sde@ymail.com,123 Mukherjee Ganj,Jaipur,897139
b-1507,230d535b-a281-4ddd-b977-2d3eb18df0a6,Rachana Soman,6159762071,rsomn@yahoo.com,220 Mukherjee Street,Chandigarh,919770
b-1508,de7508c4-f112-43d3-b40d-32e7e0752ecd,Samaksh Thakkar,+91-87201-28063,sthakkar@rediffmail.com,299 Majumdar Chowk,Cochin,530724
b-1509,f1aa0171-102c-44ce-b92e-db682ff40f96,Saksham Amble,7540513660,,128 Sehgal Street,Mumbai,227470
b-1510,7fed3bef-b54a-4b54-8db1-96f543df6fb8,Devansh Rastogi,8097226284,drastogi@gmail.com,345 oKshy,Bangalore,712627
b-1511,712b8f25-297c-4b26-bbc3-6c5502382913,Falguni Swaminathan,8823468594,fswaminathan@outlook.com,347 Shere Chowk,Ahmedabad,770593
b-1512,c36e2b1b-70fe-4cd8-a800-803c27f95f9b,Balveer Chand,8270701987,,345 Shan Road,Hyderabad,486437
b-1513,c8c46413-b593-47e4-b966-fcc843d889e1,Idika Mishra,7873724989,imishra@gmail.com,157 Gill Marg,Mumbai,848980
b-1514,07d1ded0-cd8c-42c7-bcca-1c58c0eecd2a,Ojssvi Krish,6034380169,okrish@yahoo.com,429 Sankaran Street,Ahmedabad,878404
b-1515,8018f611-a756-456d-8abb-ad9cb632b8a0,Tanvi Rajagopalan,8915264435,trajagopzlan@yahoo.com,144 Chandran Street,Lucknow,347016
b-1516,6f48d965-df55-44ba-b254-b7a03f54465e,Maya Bassi,+91 88131 12939,mbassi@outlook.com,10 Dugr Ganj,Lucknow,613608
b-1517,8dcdf5ff-1991-4ee6-8c15-9f3a7663718d,Anusha Yogi,9916781295,ayogi@gmajil.com,97 Bhavsar Road,Hyderabad,913138
b-1518,7fb2edaf-1d87-4604-9c93-f480e6645a44,Teerth Tak,9224792648,ttak@rediffmail.com,87 Dara Marg,Ahmedabad,539794
b-1519,ea0a210f-5a19-462d-b160-a9af57b36815,Jyoti Bose,8579188062,jbose@gmail.com,341 Thaman Zila,Hyderabad,253172
b-1520,39d35831-abb2-4858-bcb8-fd9ebde218dd,Eshana Rout,+91-88792-17917,erout@outlook.com,443 Glaa Chowk,Jaipur,323985
b-1521,af583b0a-70f9-4c19-8d64-59d95b6c87c3,Z. Johal,7154746704,zjohal@outlook.com,317 aBsu Circle,Calcutta,
b-1522,0ad99d95-2df0-4c13-a5ad-db67ff6aacf9,Turvi Bala,9915499823,tbala@rediffmail.com,304 Shenoy Zila,Chandigarh,787413
b-1523,a5161d88-2b0f-4de2-aa12-d8fa98d68850,Lakshmi Oza,+91 86063 93753,loza@yahooc.om,130 Hayer Marg,Pune,858325
b-1524,d9cd506b-b263-4468-8e49-f1194c1e9db1,Mekhala Barad,7924883253,mbarad@rediffmail.com,338 Krishna Nagar,Delhi,
b-1525,bc1c3928-4b5d-4e63-b3cf-88a5fe6b07e6,I. Deshpande,9187728618,ideshpande@yahoo.com,249 Shetty Path,Bhopal,684211
b-1526,5b75dc1e-7f9e-47ca-9a64-30bb2da3bd4b,Vedhika Shenoy,9204137941,vshenoy@otmail.com,143 Butala Zila,Gurugram,505732
b-1527,083975d2-2b86-449b-82b5-e52b78a44345,Xavier Sarma,6584757763,xsarma@hotmail.com,239 Sinjha Street,Pune,298340
b-1528,0fa2ebbf-ca5c-40a7-b432-a1e57e75ea28,Arya Edwin,8831064476,aedwin@ymali.com,437 Badami Street,Jaipur,680912
b-1529,52b1ef52-2436-4b68-be08-cedac52d5b44,Ms. Harish Goel,8285052438,hgoel@ymail.com,78 Dash Road,Chandigarh,429565
b-1530,c37896e9-b281-4dcd-bee8-90baf74d4e32,M. Ganguly,8568487224,mganguly@gmail.com,276 Apte Zila,Lucknow,209947
b-1531,1e1abb49-dd08-41b9-8ec0-2b22d5bae57d,Anjali Dube,+91-84607-01732,adube@ymailc.om,300 Parmar Chowk,Bombay,254948
b-1532,325139a8-7bc5-48cd-b237-67461c4ef66a,Pranav Kalita,7836118479,pkalita@outlook.com,54 Walia Nagar,Gurugram,867319
b-1533,b23412b4-4c69-4e8b-a0c7-ce1cbee3d2b5,Tarak Sathe,7080101941,tsathe@ymail.com,208 Virk Nagar,Delhi,886514
b-1534,5ee2c46f-7544-4c65-8fd6-5a0fa7211994,H. Ramakrishnan,6451635083,hramakrishnan@hotmail.com,56 Sawhne Road,Nagpur,
b-1535,e7a3fedb-b776-4953-a3fe-0abb5edc33bc,Charles Agrawal,8377622514,cagtrawal@ymail.com,321  Purohit Nagar,Chennai,629907
b-1536,2c5cbe76-5bd0-4aec-88a6-916a8869a118,Saksham Krish,6664617204,skrish@yahoo.com,260 Kbhare Path,Chandigarh,496661
b-1537,5aeebb5d-1bed-423c-91c7-652ad7aa5a25,Ryan Chand,7154620102,rchand@rediffmail.com,274 Sama Nagar,Pune,117765
b-1538,226da0d7-5f93-4d78-88d0-a2d910863e3e,Ayaan Atwal,9708832767,aatwal@ymail.com,185 Handa Pqth,Calcutta,895984
b-1539,df96d92e-a69a-4d46-a9e4-0b18863e50d9,Dev Kannan,7036876833,dkannan@gmail.com,315 Ganesh  Zila,Nagpur,762102
b-1540,060f7d07-595b-487f-bfe9-93c191764b78,Olivre Basu,8479307361,obasu@yahoo.com,378 Vala Marg,Gurgaon,775277
b-1541,4080385c-ee58-423b-a4f8-ececa3293f9d,H. Narain,99056-69929,hnarain@hotmail.com,9G upta Path,Hyderabad,473842
b-1542,7c7acf59-d9f5-4c2e-ac1b-762e820b022c,Sarthak Rana,6686995760,srana@gmail.com,498 Dara Marg,Jaipur,185349
b-1543,41f39076-9aa4-466b-a56d-da97213ca057,Vincent Kala,8307565810,vkala@outlook.com,435 Parikh Zila,Ahmedabad,333549
b-1544,79ff97fc-a4aa-4f81-96cf-699e7b2e409b,E. Ghose,9672034412,eghose@rediffmail.com,451 Ratti Nagar,Jaipur,382639
b-1545,d90f7c03-64ab-4c3f-91fa-175428ce89fe,Diya Arora,9006328200,darora@ymail.com,266 KalaMarg,Pune,432249
b-1546,281fbcdf-81ad-496a-aade-9f142dc6e8b3,Tara iannan,65357-55712,tjannan@rediffmail.com,121 Mallick Zila,Delhi,147493
b-1547,c1999cfa-a759-4b30-b67e-ad92368dfdb3,Jyoti Bassi,9179329918,jbassi@ymqail.com,152 Kamdar Zila,Pune,617099
b-1548,260a09b2-df95-4711-a736-c134c70e0143,Nirja Mitra,88411-64583,nmitra@outlook.com,107 Tata,Pune,553374
b-1549,3ad8b915-9df2-4382-bb78-4ddcd5ee60e1,Harsh Yadav,6703876617,hyadav@gmail.com,160 Garg,Bhopal,
b-1550,7ddace24-f94d-4086-b583-a2b47a370584,Zayan Chandran,09572805515,zchandran@ymail.com,347 Nair,Pune,958430
b-1551,57d66f5b-6659-4677-9e67-be69bb697efe,L. Deol,7042835148,,153 Gill Path,Pune,134165
b-1552,7007e9f9-623c-437f-a322-57a99e154562,Eesha Subramaniam,7103898986,esubramaniam@yahoo.com,405 Nayak Zila,Lucknow,
b-1553,4508ce48-4769-489b-9716-8b9e3804db80,Andrew Sen,6444577073,asen@outlook.com,459 Vaidya arg,Jaipur,
b-1554,cea6a365-cc87-42b7-b858-58047f78731c,Viraj Thakur,8820224733,vthakur@hotmail.com,488 Ary,Cochin,486389
b-1555,1c2277af-2827-455d-a8f8-7cbdd44ed735,Viraj Bail,8069193042,vbail@hotmail.com,876 Dash,Jaipur,510132
b-1556,02fa612f-2296-4785-8df3-07e728af8838,Dayamai Khalsa,9212714605,dkhalsa@rediftfmail.com,307 Kohli Marg,Mumbai,443495
b-1557,78d0f050-176b-4abf-8902-b43a0c414217,Fariq Bhasin,9213132096,fhasin@hotmail.com,191 Prasad Street,Lucknow,272963
b-1558,b9f0a715-e76d-4639-85c1-80ba4e8fe231,Prof. Wishi Minhas,8783615718,wminhas@homail.com,463 Doshi Ganj,Nagpur,162378
b-1559,507b4346-8b4f-4ed5-9385-8a711dc24bcd,Keya Jayaraman,0100345146,kjayaraman@yahoo.com,275 Khanna Nagar,Pune,316141
b-1560,c776f5b0-4b52-4720-b1d6-e2165940852e,Sachi Narasimhan,7248217279,snarasimhan@outlook.com,273 Mall Street,Gurugram,451038
b-1561,9f9bdc5f-e275-4b7d-ace6-9c75335d2b05,E. Baral,8208890614,ebaral@rediffmail.com,127 Sachdeva Cjrcle,Pune,738767
b-1562,e6533532-82ac-4642-b78b-4cc16a7140cf,Bhavya Bajwa,9189829983,,428 Narul aGanj,Mumbai,573220
b-1563,eedd8501-86e8-40ef-bfdd-77acdbaef92b,Prof. Hema Kibe,6039823707,,356 Zacharia tanj,Ahmedabad,392812
b-1564,30957f6d-4c44-4000-ae9a-6d5f20f0eb65,Chatura Korthari,6985555608,ckothari@rediffmial.com,478 Raj Ganj,Delhi,301726
b-1565,8defab38-a001-42b7-87fe-ad4bec5de49e,Ekanta Goswami,8381411542,egoswami@hotmail.com,188 Ahuja Chowk,Calcutta,109694
b-1566,e2892997-794b-4278-b9a3-01c329fa0eef,D. Swamy,6930878657,dswamy@gmail.com,52 Hans Zila,Ahmedabad,112097
b-1567,793616f9-abd5-454d-b33f-f34bc70470e2,Charles Dhaliwal,6650525667,cdhaliwal@outlook.com,237 Dass Ganj,Bhopal,884805
b-1568,075d0d4f-bbee-4163-ad0f-510a40822069,Gavin Ghose,7774654017,gghose@ymail.com,36 Jayaraman,Chennai,977215
b-1569,434e7ef2-3200-42a8-816d-ac19586855c8,W. Tripathi,7900892098,wtripathi@rediffmail.com,390 Sandhu Zila,Bombay,372011
b-1570,de0d48bc-7205-466c-beaf-0ad3d65b9c4a,Unni Mukhopadhyay,9980941168,umukhopadhyay@hotmail.com,301 Hora Sreet,Hyderabad,322753
b-1571,98786377-896c-4551-a088-76c7b16858d4,Yash Samra,8569933364,ysamra@ymali.com,357 Kothri Street,Hyderabad,684328
b-1572,5731b4ce-391e-4fcd-809f-0ed82b28542e,C. Mangal,7285807674,cmangal@rediffmail.com,268 Sen,Kolkata,
b-1573,f0b7bad8-23e9-4059-88be-b84195b8a0e9,Saksham Magar,86385-23298,smagar@outlook.com,385 Buch Chowk,Pune,909706
b-1574,2e7f2ffa-1910-4b36-aadb-4ece264655f7,Jagvi Rao,7197167865,jrao@ymail.com,126 Gansh Marg,Nagpur,157223
b-1575,77c2352c-80f3-4ad0-ad2f-05997626b5c0,Urishilla Sastry,7966120092,usastry@rediffmail.com,262 Tiwari Marh,Chandigarh,776316
b-1576,6ff2335b-9ce2-4ea0-a57f-c33ba9b5a461,Rachita Dugal,+91 71392 84957,,33 Bahri Chowk,Lucknow,361404
b-1577,8cd91e25-087d-49a7-ab34-e0f45982e438,Lakshmi Sane,9207933612,lsane@uymail.com,378 Mital Zila,Bengaluru,195416
b-1578,01603284-7cd0-4173-96ec-64970d4aa5bf,Michael Gill,8510078559,mgill@ymail.com,357 Rai Road,Bhopal,495658
b-1579,4de4f5cd-c816-4ca7-afc1-700e27adb3e0,Ubika Mohan,9884467929,umohan@hotmail.com,332 Mander Chowk,Ahmedabad,
b-1580,702cbe8a-a97b-47df-8484-222d2916aa13,Keya Srivastava,9857490633,ksrjivastava@rediffmail.com,384 Nath Zila,BLR,284784
b-1581,69e90482-8e2e-4a45-8918-7082f21ecc7b,Laban Singh,9077397287,lsingh@outlook.com,445 Dubey Ganj,Kolkata,979290
b-1582,9e12cdba-a75e-4aaf-bccd-7c1a452a504f,Agrawal Ranveer,09867858721,ragrawal@outlook.com,1 Tella Nagar,Chennai,444399
b-1583,88015de2-ecbe-42f5-b6b8-74cd4d8f6fe7,Kavya Swamy,6275073610,kswamy@gmail.com,233 Sagar Marg,Bombay,115370
b-1584,2c283134-4097-480c-a81d-77027049515c,Megha Prakash,8699834461,mprakash@ymail.om,322 Suri Marg,Pune,306918
b-1585,9fe11d05-654c-4562-bf99-fad7956e86f5,Darika Bobal,9647590570,dbobal@ymail.com,175 Barad Marg,Lucknow,
b-1586,1edf5390-add2-4e04-92fd-85882d215426,Jeet Rajan,91159-81646,jrajan@outlolk.com,286 Gaba,Madras,845760
b-1587,1ce20f05-987f-4747-8aac-8b043eff36e1,Rishi Sarin,6900472639,rsarin@hotmail.com,222 Pall Road,Kolkata,722041
b-1588,9cc6a8f7-d4f8-4b41-9ddd-ee77c00ab8fc,Yashodhara Suresh,9030888371,ysuresh@gmail.com,293 Bhardwaj Path,Bengaluru,840176
b-1589,4fc0aaac-e1a1-43e0-af7b-f093bf73efef,Lekha Samra,08609983075,lsamra@yahoo.cmo,138 Kibe Ganj,Mumbai,916283
b-1590,5a6029c5-4797-4dbd-8866-c20fb5f9c442,Vanya Banerjee,6162221290,,270 Blaa Path,Ahmedabad,847155
b-1591,485daba4-3cb4-454c-a697-6822d54f901d,Manbir Lal,8240676606,mlal@yahoo.com,309 Shah,Chandigarh,214412
b-1592,0554f9ea-92d5-43be-9583-dccacf7c1f89,Manan Kumar,7970610544,,170 Edwin Ganj,Jaipur,
b-1593,15ac7cef-0cd2-41dc-8951-da581e23ec00,Advik Dada,7209396836,,182 Rajagopalan Zila,Lucknow,331630
b-1594,98e52c86-07a6-42f7-a27d-dbd9cdfa2a4a,Mitali Buch,8515249943,mbuch@yahoo.com,105 Gulati Circle,Jaipur,963585
b-1595,b0bffc96-6c5d-422c-8dee-74d6e9b4abfe,Pallavi Gandhi,9233428693,pgandhi@hotmail.com,285 Krishnan Marg,Chandigarh,331039
b-1596,401d600a-12ac-44ff-b231-2ee5133a5380,Chasmum Tella,6500594288,ctella@ymail.com,190 Raa Circle,Madras,165154
b-1597,9b8a5f27-82bb-44f6-bdee-1d67c259461e,Darika Sabharwal,86221-18664,dsabharwal@gmail.com,209 Chopra Zila,Jaipur,
b-1598,9d8d5607-beb0-4259-a2b2-f00f727ec9ec,Hemangini Dhar,6296425544,hdhar@rediffmail.com,293 Kadakia Road,Cochin,347225
b-1599,44a25609-b71b-4d78-8812-47ca651f2e90,Mitali Morar,7898369607,,248 Ganguly Nagar,Ahmedabad,439859
b-1600,6cddd90d-665f-4646-a4c6-42ae91775e7f,Vyanjana Agarwal,6858843734,vagarwal@hotmail.com,031 Boase Zila,Kolkata,443569
b-1601,9651d9f9-face-435c-b91d-39145e5bd389,Omisha Vohera,6462275489,ovohra@ymail.com,138 Mani Marg,Pune,
b-1602,2f6055de-c9be-491a-bf8b-d45a6a7c9438,Raagini Garde,7095210523,rgarde@outlook.com,479 Prasad Street,Bhopal,
b-1603,fdf7e950-4066-4787-8692-e2f54e8af1ca,Quincy Desai,9149039197,qdesai@yahoo.com,104 Sur Ganj,Hyderabad,720486
b-1604,dc32872c-c241-443b-ab72-d4cd052ff89c,Qabil Thakkar,+91-95061-16933,qthakkar@rediffmail.com,157 Seshadri Zila,Bengaluru,708586
b-1605,26ab32a3-5749-4bc8-9891-95fc0d13dfed,Simon Grewal,7586007558,sgrewal@yahoo.com,128 Bhargava Ganj,Calcutta,612465
b-1606,49fa2f95-6b18-480e-b4f1-5881d2fb090e,Qadim Handa,9039511424,qhada@outlook.com,233 Rege Road,Hyderabad,773357
b-1607,a02c0912-a0d5-4a88-b6d1-6f3fdf0c41be,Ridhi Chopra,69483-99649,rchopra@outlook.com,95 Buch Street,Bombay,
b-1608,d5e9e14d-00df-40cf-bb1e-cf2c7b68c9b7,Chaaya Chada,9744223824,cchada@rediffmail.cok,398 Dash Marg,Bhopal,193723
b-1609,69054d2f-da6b-482c-974e-73634ac8a65d,A. Bhatt,7729898899,abhatt@rediffmail.dom,399 Balsn Path,Lucknow,586645
b-1610,06b6ec5f-244e-446b-85a7-a32e7891126c,Wahab Sridhar,7522961478,wsridhar@outlook.com,12 Chaudhuri Chowk,Cochin,869273
b-1611,1bb78dcf-0f5b-40d4-82b1-3a71224d20bd,Shri Aditya Bhat,8235210099,,228A mble Road,Bglr,192148
b-1612,0243bf51-cdea-4dc8-9328-974d36e54b3b,B. Chatterjee,7170066370,bchatterjee@hotmail.com,453 Vig Ganj,Kolkata,570073
b-1613,6d481c4f-8820-4896-8eee-176fdd93bc47,Abhimanyu Prashad,8781974723,aprashad@yahoo.com,194 Veknatesh,Bhopal,368087
b-1614,23bb8410-fb22-49c6-a277-d8b74dc0d9d1,Sunder Amaira,8620848478,asunder@rediffmail.com,431 Nazareth Chowk,Delhi,121266
b-1615,72283302-e04c-44c3-b57b-f36548222bb7,Puhsti Nayar,9819159496,pnayar@hotmail.com,438 Oza oPath,Kochi,627912
b-1616,56fc93ea-e376-4dd4-b43d-38adb400f492,Divya Khatri,6031190894,dkhatri@ymail.com,254 Rastogi Path,Mumbai,500770
b-1617,b3c470ab-1fc4-4ce6-abed-648e91e7f3b4,Kritika Bhandari,9494718057,kbhandari@hotmail.com,478 Narayanan Path,Bengaluru,249351
b-1618,b12ca2d1-c127-43a9-b855-f8e0c0f7c737,Harish Aggarwal,9512508395,haggqarwal@yahoo.com,21 Ratti Chowk,Bengaluru,845967
b-1619,4a4ba7ef-b402-418c-95de-b0d082ccf102,Laim Bal,9826740711,lbal@yahoo.com,42 Das,Bombay,413609
b-1620,4dd232d8-2c0f-4cbd-92f0-80ae5b66c503,Ati Kothari,9005277403,akothari@yahoo.com,198 Seth Path,Hyderabad,753056
b-1621,f3a79e25-b20b-4338-9962-ee37893feb32,Vaishnavi  Varma,9877423944,vvarma@hotmail.com,176 Guha Marg,Lucknow,568909
b-1622,022db228-fd16-403f-ad8b-0047cb2ca77d,Aarush Nagy,9767524577,anagy@gmail.com,50 Paras Nagar,Kolkata,772914
b-1623,1fa52aa1-5501-4d9c-bff5-481322407040,Chakradev Nanda,8079345100,cnanda@gmail.com,392 Kaur Chowk,Bhopal,583885
b-1624,75c080ff-c982-4322-89b0-8419798f6b25,Vedhika Ratta,6140412184,vratta@gmail.com,454 Bumb,Madras,919313
b-1625,3cfb0955-fd3a-438d-9076-bb3155866f23,Sangha Ijaya,9056862522,,166 Chaudhry howk,Gurugram,
b-1626,91767654-6a98-4057-9a55-fa31ff03d9c8,Lekha Memon,9041578922,lmemon@rediffmail.com,388 Hayer,Nagpur,613256
b-1627,7ac73a24-1a90-470a-8741-e3a1ab97b44c,Luke Vejnkatesh,7844558975,lvnekatesh@gmail.com,169 Thaman,Chandigarh,959540
b-1628,66bb3f00-0a03-49ea-9bf4-07e49e2eeedd,Azad Datta,9703979709,adatta@ymail.conm,330 Chahal Chowk,Mumbai,647867
b-1629,726c556c-4a2a-4fc9-8bc7-7cad7f18ce69,Charvi Sibal,07367483741,,419 Sehgal Street,Nagpur,288034
b-1630,27b26d78-af1a-4948-b652-aded31a85d3d,Jack Subramaniam,8666885000,jsubramaniak@ymail.com,228 Khosla Circle,Bengaluru,510448
b-1631,1835783a-bc9d-410c-902b-4336050b03e4,Yagnesh Kakar,6464732625,ykakar@outlook.com,58 Chkraborty Street,Nagpur,
b-1632,3c39c565-4e98-4677-996b-c6e1914aab4b,Hitesh Saran,9578633659,hsaran@rediffmail.com,445 Dyal Nagar,Bhopal,
b-1633,e6f7f3c6-c508-4d69-b83f-8a74d7558eeb,Eta Rajagopal,8930766394,eranjagopal@gmail.com,284 Kannan Road,Nagpur,
b-1634,b30055f2-5a53-4511-9d19-8a6cd6097412,Aarini Soni,9862938162,,391 Deshpande Zila,Kolkata,533002
b-1635,2e55b9d0-790e-4b47-9a46-4931dd1f6361,Vyanjana Chana,6345211268,vchana@hotmail.com,424 Kaopur Path,Bengaluru,700314
b-1636,2720bd0e-ffa9-480b-a49f-38ee1c510591,Dhruv Oza,7737352047,,389 Raj arg,Hyderabad,413983
b-1637,a96f7ace-0ff0-4887-a536-94dd6242d194,Rajeshri Kaul,6600587434,rkaul@yahoo.com,9 Lad Gaj,Bhopal,
b-1638,701361e9-33c0-40e5-8fbf-69eb41a11510,Jack Mannan,9980688491,jmannan@rediffmai.com,134 Choudhury Zila,Hyderabad,
b-1639,b7d91070-f687-4afb-86cd-4a207b0a4de2,Gaurav Oak,08242146796,goak@gmali.com,199 Guha,Kolkata,
b-1640,e12d0f3a-46c2-46d6-b86d-38ad14bb5b68,Jack Pillai,6058945547,,233 Munshi Street,Chennai,690060
b-1641,89efe654-7942-4d5b-a608-0fd5f6f92134,Lajita Agarwal,8614711752,lagarwal@hotmail.com,440 Bhatia Road,Kolkata,684628
b-1642,f3dae409-9a22-4cda-b276-2d663bde7122,Ranveer Rzama,6514440737,rrama@yahoo.com,105 Nagaraman Marg,Pune,147335
b-1643,ae147443-543e-400a-b792-71f1638de201,Janya Date,8700833755,jdate@ymail..com,171  Kapadia Circle,Lucknow,697854
b-1644,e2a97982-fe6b-4538-a99b-0744e0aa9d91,Rana Hredhaan,9649413120,hrana@hotmail.com,269 Yohannan Nagar,Calcutta,986098
b-1645,b8c08515-2cb4-4dc5-95f8-87cd5f306cf0,Triveni Mutti,8821749717,tmutti@gmail.com,228 Minhas Street,Ahmedabad,325379
b-1646,3d99fc21-0d5d-4bc8-860c-138bfc7ba9e6,Theodore Tata,6772901552,ttata@outlook.com,419 Din Chowk,Bengaluru,148314
b-1647,ba481662-aef6-401c-a8fa-3d740406c6de,B. Dhingra,6627863720,bdhingra@hotmail.com,307 Nagarajan Ngaar,Calcutta,857779
b-1648,90bb49ba-2be3-439f-b8ae-ffedeb0c2c4d,Dayamai Thakkar,8825017857,dthakkar@ymail.com,39 Mhaal Zila,Nagpur,569171
b-1649,fae2c121-256f-4333-8e01-5f261beb5df2,Kale Vanya,8640953449,vkale@hotmail.com,492 Manne Chowk,Jaipur,485176
b-1650,b71f6a70-2b4f-4f16-80f5-b105027172be,Krisha Bhargava,9991017165,kbhargava@rediffmail.com,59 Dua Path,Madras,722033
b-1651,5c40be9e-0e07-418a-b098-0e0a139030e8,Shivansh Kar,7473571427,skar@gmail.com,158 Gola Nagar,Mumbai,357577
b-1652,4b5d0603-874d-45a5-bb50-974d411e2625,Vinaya Ramanathan,+91-99786-18683,vramanathan@outlook.com,207 Dutat Road,Nagpur,850172
b-1653,92498424-523f-463a-b095-e4f89aa4665d,Anthony Ramanathan,7850607292,aramanathan@hotmail.com,281 Sami Path,Calcutta,800903
b-1654,7ed06050-8c18-4d93-af5f-f83ff859f1fe,Urvashi Pall,8425998212,upal@yahoo.com,9 RamanM arg,Bombay,
b-1655,ab78ad53-4aaf-4731-b7d1-b7aa3b7738ac,Ekbal Wable,9186024675,ewable@rediffmail.com,177 Mandal Road,Gurugram,305355
b-1656,cfdb62de-53b0-4558-83f6-6da545b2387a,Robert Ramesb,6908322721,rrameeh@hotmail.com,455 Deep Zila,Jaipur,
b-1657,4a9054c5-7117-4ab7-91c2-9f2aca71abe6,Ekiya Bhagat,99509-13852,ebhagat@gmail.com,91 Shankar Road,Nagpur,
b-1658,e1fc0357-cb4e-49e6-8f47-2880c07e73a1,Nihal Devan,7385069142,ndevan@gmail.com,215 Subdamanian Chowk,Gurugram,530639
b-1659,23c79381-cb68-40dc-a905-513483a43051,Prof. Bishakha Dhillon,8742450872,bdhillon@rediffmail.com,38 Kamdar Ganj,Delhi,297094
b-1660,ae8518d4-bf37-4f7b-8526-c237974e6fd4,Shri Rohan Andra,6239831159,ransra@outlook.com,198 Chaudry Path,Hyderabad,552069
b-1661,ae88b053-6c16-4094-ac80-2c98d2c2b397,Manbir Puri,6117748912,,294 Ganguly Marg,Chandigarh,236877
b-1662,2a191207-9a91-4a9f-8eca-8f60b7f4fb04,Daksh Char,7402305090,dcahr@yahoo.com,261 Som Path,Jaipur,563858
b-1663,a4245265-1da7-44f1-aac4-1094dcecef76,Praneel Ben,9009061584,pben@yahoo.com,82 Varam Zila,Ahmedabad,566665
b-1664,63e19bc4-ffe7-4c56-8fcb-3ef989dcaba2,Hamsini Saraf,9833195205,hsaraf@ymail.com,191 Raval Street,Chennai,234176
b-1665,f5ce8e88-09db-46d8-ac7f-2e25b7a59f5d,Mr. Yash Bandi,8949105399,ybandi@hotmail.com,127 Khosla Zila,Chandigarh,197820
b-1666,3979a0ea-3d14-45b4-a571-1800d46fad4c,Mekhala Suresh,8638374977,,90 Gera Road,Kochi,550475
b-1667,4e456367-4c68-450b-91fa-fa4467c44952,Mrs. Keya Chakraborty,6600291635,kchakraborty@yahoo.com,460 Raja Chowk,Chennai,238584
b-1668,dcab4d3f-8b6a-430a-a1f7-12edea325762,Mrs. Anvi Saxena,8931390207,asaxena@gmail.com,134 Apte Path,Chennai,442224
b-1669,46d21e3c-b302-486a-8dd8-dfbd88324465,Jagdih Dada,6788474274,jdada@hotmail.com,38 Dara Zila,Bangalore,
b-1670,e69c7961-e768-4510-b8a1-0eca2698ad40,V. Upadhyay,7504852167,vupadhyay@rediffmail.com,62 Bajaj Gamnj,Bhopal,
b-1671,74eda12a-74f0-4822-9ad8-2222aaa9d8f0,Mr. Varsha Mahal,76444-92054,vmahal@yahoo.com,48 3Golla Zila,Kolkata,
b-1672,39ec209f-35a9-4a1b-a98d-51832446de3d,Leena Sule,8078922672,lsule@yahoo.com,174 Misra Marg,Nagpur,508295
b-1673,ad613c1f-da5b-4c12-a754-52d82d4d2db5,Chaudhary Jeremiah,8751091814,jchaudhary@hotmail.com,318 Bhatt Pathb,Kolkata,729538
b-1674,73e214f4-ed20-4bf7-b0e0-1419f9a0ccf7,Qasim Ravi,6430760923,qravi@yahoo.com,404 Ramesh Nagar,Pune,141830
b-1675,1647490d-5368-4d9b-966b-12613e71c405,Vroinda Bhatt,8360146716,vbhatt@ymail.com,312 Yohannan Circle,Lucknow,
b-1676,d1aba840-af0c-46ed-ac0c-3a87395ed2af,Jeet Johal,7655792809,jjohal@hotmail.com,361 Golal Zila,Bhopal,187407
b-1677,84d07603-123d-4fd2-bfc5-521c25770fe8,Prani Ahluwalia,9356554166,pahluwalia@hotmqail.com,14 Sekhon Circle,Kolkata,643409
b-1678,27278ca5-d067-4994-a16b-8841c90d57ac,Dipta Das,97343-41072,ddas@ymail.com,185 Dave Nagar,Bhopal,553146
b-1679,2d74e683-2b1b-469e-b19a-3a23da0863f5,S. Edwin,8040521961,sedwin@rediffmail.com,32 Kunda Zila,Bhopal,457523
b-1680,b0105586-337d-43c2-bf25-f3e799eccef4,Bakhshi Chad,+91 60439 74556,bchad@outlook.com,58 Toor Zila,Kochi,603148
b-1681,17a718fd-e8c1-41c6-bc5c-6c7f2bf46756,Dr. Chanchal Patla,7259713928,cpatla@ymail.com,26 Garg  Circle,Mumbai,
b-1682,92d54a11-51ad-4969-8f71-439d4522970c,Pallavi Acharya,6055566782,pacharya@gmail.com,3402 Mital Ganj,Gurugram,267666
b-1683,ce1767b9-3def-4be5-9ec1-412ac7deccf1,Chakradhar Venkataraman,6361341080,cvenkataraman@outlook.com,209 Walla Road,Jaipur,769862
b-1684,c0a5e323-20a7-4f42-ad8f-81f9613f089d,Sai Dey,6847586335,sdeh@ymail.com,95 Swaminathan,Bombay,401982
b-1685,3ee8ac4b-7d56-434a-82b8-ea68244dad33,D. Virk,8929164755,dvirk@hotmail.com,330 Yohannan Path,Hyderabad,579553
b-1686,37cdd6d4-57ab-47d5-bfef-6ec893c37ba6,Yashvi Kadakia,8288495905,ykadakia@rediffmail.com,13 Basu Zila,Bengaluru,142186
b-1687,94983ffd-19f7-4f75-8e7d-1b4257d4ba8a,Warjas Bansal,9083513991,wbansal@outlook.com,59 Dhar Ganj,Bombay,
b-1688,93317693-6e1b-4999-8716-9749fe51ef22,Chandani Kale,8424101050,,367 Kalita Street,Gurgaon,521894
b-1689,6382fe65-31dd-4896-83c5-1801587e3ae7,Jagrati Mall,9757097128,jmall@outlook.com,491 Sami Street,Lucknow,975999
b-1690,bf1b673f-521c-4973-9c90-5fa5748be9ee,Falan Kumr,8040243071,fkumer@rediffmail.com,484 Raj Road,Nagpur,142347
b-1691,1051677f-3687-416c-9a0d-692e41a91ec1,Nihal Ratta,+91 95511 01470,nratta@gmial.com,189 Chacko Chowk,Kochi,940078
b-1692,2efe6c34-cd82-41de-8fa4-0f0221a7dc9c,Aachapl Sandal,6033501777,asandal@hotmakil.com,336 Wason Street,Ahmedabad,761155
b-1693,d5742289-63b7-4900-988f-d3251a136bcb,Samar Bobal,6446791280,,357 Hans Road,Chandigarh,504599
b-1694,b812c176-bb9e-4d9b-8d3d-3aebbb488bd6,Mrs. Kashish Vaidya,9401254384,kvaidya@hotmail.com,13 Gade,Hyderabad,512503
b-1695,4f636690-329d-4640-85e2-7c29f3afd236,Oni Dube,6096822567,odube@outlook.com,232 Saraf Path,Ahmedabad,450052
b-1696,603566fc-ad4d-435d-91dc-e79877932299,Ladli Bal,7854856134,lbal@hotmail.com,171 Kota,Kolkata,450693
b-1697,7e375056-803c-4b13-bec6-6416bb681f2e,F. Madan,9118322827,fmadqn@hotmail.com,233 Wali Zila,Delhi,917251
b-1698,a38c2c6e-9ea8-4399-a5bc-c55aca721553,ImaranRay,8263557941,iray@gmail.com,179 Narayan Zila,Gurugram,725469
b-1699,92a78c34-9383-46ed-9286-e4abb389634c,Gaurav Patil,7022522630,gpatil@yahoo.com,276 Mahajan Path,Chennai,
b-1700,86af81ba-726a-4f5b-b661-5b54ec1bd7be,Madhav Kara,8115359680,mkaera@yahoo.com,445 Anne Road,Pune,764077
b-1701,aba9110a-65cf-4184-a54d-387b39a1c63e,Guneet Purohit,7317495170,gpurohit@rediffmail.com,189 RadhakrishnanGanj,Kolkata,618005
b-1702,11aa73fc-c482-47b1-83f3-c4832f517ef3,Henry Dasgupta,6874167023,hdasgupta@yahoo.comn,3278 Vyas Street,Nagpur,279327
b-1703,e2e07c6e-eddc-4fe5-a757-7414ba695bad,Damini Suri,9583862630,dsuri@hotmail.com,32 Wadhwa Ziola,Chennai,789723
b-1704,1ba9dfd5-de82-4ea0-97b3-0ac57a1cd397,Iskhita Manda,7583831044,imanda@yahoo.com,434 nMadan Circle,Lucknow,829864
b-1705,badc3e70-0169-4cd2-8b6b-2e5036c7c4ab,Hardik Bava,7652202342,hbava@ymail.com,389 Nadkarni Street,Bhopal,416931
b-1706,06861106-7576-44c7-a700-881706d8b0f7,Lopa Golla,6754794544,lgolla@hotmail.com,251 Wali Path,Kolkata,809857
b-1707,c0f452af-2977-4ccf-8c29-066c9697126a,Neha Sood,7453742339,nsood@yahoo.com,101 Datta,Jaipur,
b-1708,e25d6c10-4ff5-40f7-8f69-b8adb9aa6233,Aashi Andra,6316839198,aandra@gmail.com,422 Dugal Circle,Gurgaon,586463
b-1709,bb9948bd-c09e-4042-a3f1-e4331bbef897,Jonathan Dhar,7649981873,jdhar@yahoo.com,494 Loke Marg,Jaipur,865306
b-1710,55aef728-bdfb-459a-88d2-8fca730e0eb6,Chatresh Prabhakar,07820211483,cprabhakar@ymail.com,433 Sahota Ganj,Ahmedabad,252152
b-1711,a77584c6-16d2-48f2-9f6f-e481a94dc17b,Goswami Tanvi,62571-31235,,305 Pandya Chosk,Delhi,390753
b-1712,e5849e2f-cf90-4fd7-98c7-3238e8f34f4b,Upadhriti Thakkar,9618269389,,325 Majumdar Road,Pune,145095
b-1713,3814688e-69a0-43e2-aad5-2a390c94b586,Priya Verma,8172672097,pverma@gmail.com,97 Mody Ganj,Chandigarh,756297
b-1714,a54f2ff6-f5e8-40a3-9716-e196eb6cf280,Gagan Mody,8154726775,gmody@gmail.com,357 Munshi Marg,Delhi,971933
b-1715,c99f4d20-fa04-4fb5-9b88-86f904508aec,Gautam Buch,9889540662,gbuch@ygmail.com,422 Khatri Zila,Gurgaon,644052
b-1716,1e54762d-1707-4553-b18b-bad7aec39406,Girik Gandhi,8325780922,ggandhi@hotmail.com,183 Bhandari,Ahmedabad,878865
b-1717,6f3e5ab5-a3ea-4c41-ab24-068244029320,Frado Mangal,07128030175,fmangal@hotmail.com,45 Tailor Circle,Cochin,253040
b-1718,c8ddac16-c198-4e9e-a121-7837a745d509,Shri Advaith Samra,7231324986,asamra@outlook.com,167 Deshpande Circle,Nagpur,424244
b-1719,a762d12f-03b1-4c8f-b13d-59f6db05ebfb,Varsha Tank,8601923683,vtank@rediffmail.com,307 Wapia Circle,Pune,767440
b-1720,a9f83799-c810-43f9-8ffc-e58f83c1ef72,Jeet Ravi,6988880795,jravi@ymail.com,21 Gupta Nagar,Chandigarh,821377
b-1721,f75c88f1-fa2f-47d0-87cd-2b7bc94faeba,Shri Abhimanyu Sandal,7114757196,asandal@outlook.com,414 Pai Circle,Jaipur,551588
b-1722,ca3e6e55-3a1c-4026-b75d-2199185fddc7,Dr. Yash Wable,8521380696,yable@yahoo.com,147 Basaki,Mumbai,867090
b-1723,34a73281-78e8-4f63-acfc-cc97e7130c41,Ganguly Saumya,9601282805,sganguly@ymail.com,325 Kae Circle,Jaipur,140465
b-1724,15cf3c78-3fc3-4e9f-853c-1f92273c9a9a,Parth Borde,9996010487,pborde@outlook.com,374 Deol Path,Bglr,248285
b-1725,aee857cd-762d-4253-b03d-6e2e6b80c735,Yoshita Pandit,7560999479,ypandit@yahoo.com,84 Sami Nagar,Chennai,621458
b-1726,c01b224a-2217-47a7-bec2-4c3a820ce872,Warhi Raghavan,6836122895,wraghavan@gmail.com,490 Prakash Street,Bombay,
b-1727,5e0fb68a-6a37-4caf-b33c-5a79a737b909,Isaiah Nigam,8354519469,iigam@gmail.com,117 Zacharia Ganj,Cochin,390134
b-1728,d12eb230-6ca1-4da8-9ef4-782eb6a183e3,Jacob Mannan,6672186262,jmannan@outlook.com,247 Subramanian Roda,Hyderabad,378855
b-1729,66ff5198-f916-4bf3-93bf-28ace31db6f4,Chaaya Lanka,8554307304,clanka@rediffmail.com,331 Agate Ganj,Jaipur,444517
b-1730,1be5bc59-2ffc-4aa6-b8e6-2800bb7f6aa4,Meera Kalla,8876412573,mkalla@hotmail.com,120 Varma Road,Chandigarh,502546
b-1731,6df7f3a7-0979-4b1d-9439-db18e714c23d,Sheth Balendra,06670164877,bsheth@ymail.com,209 Sura,Bglr,408504
b-1732,989bc857-39c2-4ebd-8bd9-d594743d35de,Dakshesh Parekh,7035267669,dparekh@outlook.com,390 Sharma Nagar,Chennai,741384
b-1733,cbf4982b-bd0f-4d67-a5c0-e0642ef278e5,Falguni Misra,7221776497,fmisra@gmail.com,255 Chabra Path,Nagpur,256115
b-1734,ddf48995-7c54-4348-ae63-795da391cf0f,Abdul Palla,7010476754,apalla@rediffmail.com,180 Ratti Street,Nagpur,810610
b-1735,373587f1-b2a7-4815-853a-36f503493e96,Isha Andra,9647844008,iandra@ymail.com,175 Sankar Zila,Lucknow,806520
b-1736,c9492881-f5ad-4ad7-9223-f3901b58f6fc,Vyanjana Hora,+91 80153 77202,vhora@ymail.com,452 Wadhwa Zila,Chennai,747973
b-1737,c942d88a-28af-47cf-933f-4ae6b035b577,Yoshita Dube,9170797597,ydube@rediffmail.com,477 Dasgupt Marg,Pune,856242
b-1738,21c3e907-da5f-4260-9fef-3255b220c201,Amble Vinaya,7260903500,vamble@ymail.com,296 Krishna Street,Chennai,737466
b-1739,614e03ac-3bf2-4b88-8464-e3a47cce503d,Singhal Upkaar,8352460399,usinghal@ymail.com,357 Prasad Marg,Gurugram,997584
b-1740,ea93a188-cfc0-4a31-8fbd-a6ccfa64be5c,Chandani Patla,9897082344,cpatla@rediffmail.com,287 Gppal Marg,Jaipur,395279
b-1741,f0c31bd8-cccf-4d72-a179-84003cd4e93a,Amruta Chopra,6754476882,achopra@hotmail.com,494 Sarna Chowk,Ahmedabad,852293
b-1742,688727e9-1bd0-47d1-9b04-c51ff3730227,Neel Dey,6218074589,ndey@yahoo.com,463 Saraf Path,Nagpur,570572
b-1743,e3993fee-03d3-42eb-acc6-f6a6555b83c1,Abdul Parmer,9051535704,aparmer@hotmail.com,197 Choudhry Gan,Bombay,866739
b-1744,b673f494-ddea-4525-952a-09a6d271126c,Ranveer Mahe,+91 92626 06355,rmane@ymail.com,43 eDeol Nagar,Hyderabad,922789
b-1745,72011d8e-f5e6-4348-8cc7-5a2b376e80e1,Mr. Megha Sama,8596681846,msama@rediffmail.com,108 Balay Path,Kolkata,428164
b-1746,be11f2ec-2c6a-4098-a225-bc2ebe8ca284,Naveen Issac,7314417103,nissac@yahoo.com,150 Lat Chowk,Hyderabad,
b-1747,432fbb40-1d33-48a7-945b-3608fe0e30e2,Jagat Sama,7979594013,jsama@rediffmail.com,105 Tandon Chowk,Kolkata,400194
b-1748,af296cb5-d3b4-40a6-9d55-aa08f6b40b00,Joshua Nair,7561340589,,147 Thaker Marg,Cochin,222246
b-1749,d9df35bb-7fa0-4215-809c-948ac2155134,Lopa Deep,7789729673,ldeep@outloomk.com,255 Chokshi Zila,Jaipur,383978
b-1750,e053e2c4-bb67-4f46-b686-c1099edb5470,Ansh Date,8953509506,adate@outlook.com,494 Pwdmanabhan Street,Nagpur,
b-1751,3b66e2b7-5270-441d-8249-69ccb5a33efb,Xiti Arya,8787559766,xarya@yahoo.com,425 Ben Ganj,Gurgaon,
b-1752,9057dd2f-71f5-43a7-a184-2974b8049925,Hema Sanghvi,6999345785,hsanghvi@outlook.com,57 Anand,Bhopal,458844
b-1753,e3f638e8-f642-46d9-a25c-ba41333d0931,Radha Srinivasan,9909724633,rsrinivasan@outlook.com,349 Manda Road,Cochin,651467
b-1754,72d0fe64-458b-4e9a-8cc5-98079bf4351c,Vedika Butala,+91-97878-33456,vbutala@outolok.com,83 Kota Marg,Jaipur,829216
b-1755,1e08b672-fd61-4d73-b8fd-a7373c1d46ac,Michael Vaidya,6777563201,mvaidya@hotmail.com,249 Krish Street,Gurugram,440232
b-1756,2c35f20a-4674-4e00-b468-92c7a0b0ab30,A. Contractor,9223861897,acontractor@hotmail.com,499 Kota Road,Mumbai,
b-1757,95381bd8-c86a-40e9-bd70-6266bca240f9,Pushti Issac,7240406861,pissac@rediffmail.com,331 Chauhan Chosk,Lucknow,906270
b-1758,83e36846-d4b5-4530-aff3-f2659d80e609,Yadavi Golla,7488144559,ygolla@yahoo.com,241 Dixit Ganj,Ahmedabad,236835
b-1759,5b91e3e8-6fc8-47ad-8cd2-61e7af4aa857,Veer Dara,+91 60753 54374,,460 Rwttan Street,Lucknow,
b-1760,134ce042-ede4-40d3-b796-ada3633953f6,Balvan Mahal,7142612679,bmahal@ymail.com,356 Dhingra Ganj,Jaipur,
b-1761,b3175949-b83c-48e8-a035-be1e16b256e6,Pooja Badami,9374962115,pbadami@gmail.com,406 Iyengat,Madras,
b-1762,3ed72e0d-62c8-4f86-886b-080986637b79,Gavin Behl,8255621306,gbehl@yahoo.com,159 Reddy Marg,Bengaluru,586936
b-1763,ba3c96e8-f468-48ef-a74e-014f5d24a628,Damini Kashyap,9983190727,dkashyap@outlook.com,58 Nayar Ganj,Kolkata,408634
b-1764,c4386f0c-a858-4932-824b-315eb46725df,Pooja Srinivas,8709505281,psrinivas@gmail.com,363 Uppal Nagar,Chandigarh,396312
b-1765,38cdc75d-c329-41a6-82ab-229d53b79b48,Prisha Behl,8390056206,pbehl@hotmail.com,398 Choudhary Roacd,Chandigarh,368268
b-1766,85090a35-7b8a-458c-8911-6b776719de7f,Amruta Patla,8435107195,apatla@outlook.com,414 Panchal Rload,Hyderabad,
b-1767,fe651d0e-572f-41e4-8e1f-7c507dfa36a7,Omya Koshy,6841014442,okoshy@gmail.cpm,242 Batta Path,Bombay,240062
b-1768,b9e16e04-ea4b-4ea9-a375-cc608d1771a5,aQbil Baria,8343734684,qbaria@gmail.com,280 Ben Nagar,Ahmedabad,
b-1769,31442ba1-1de0-409c-90a3-62b9e07460fd,Ekanta Kala,63525-49103,ekala@rediffmail.com,463 Sodhi Road,Ahmedabad,
b-1770,9775542f-c6b2-4fa9-92fd-c791192dc9b1,Ati Chaudhuri,7180636084,achaudhuri@hotmail.com,472 Goyal Marg,Nagpur,678759
b-1771,747f2aa0-f121-4a25-bd11-2ef55aa54a16,Zayyan Swamy,7462639575,zswamy@yahoo.com,336 Natt Path,Kochi,724946
b-1772,a0dcdec2-30ad-4eef-ac7b-c7de0cb106ca,Daksha Choudhury,9864960677,dchoudhury@gmail.com,3255 Arya Zila,Hyderabad,592916
b-1773,dd6630f7-4770-4a04-8d86-bda0ddf4a76b,Kalpit Narula,8163956539,nkarula@ymail.com,448 Pathak Path,Gurugram,
b-1774,8900853f-2473-403d-925f-bcc4df972bab,Kamya Khanna,6833457946,kkhanna@hotmail.com,294 Kade Road,Kochi,415092
b-1775,0123fe71-4ff6-4f03-a709-31a2897f5d32,Leena Chahal,8482334260,lchahal@gmail.com,72 De aZila,Bengaluru,779022
b-1776,6a39baf4-eb9d-4e49-9138-6fb02cae950c,JaiB arman,9971553003,jbarman@redifmail.com,8 Halder,Nagpur,664270
b-1777,fe4b4dd0-a521-4fc7-a07e-3755e92ff80f,Smt. Reyansh Sehgal,6065179686,,275 Borde Zila,Delhi,
b-1778,d28d0c6e-add7-410b-beb1-da3c2003a952,Hemal Mitra,6202627207,,484 Jaggi Chowk,Ahmedabad,
b-1779,1c095ca6-8dec-4420-b10d-e4560f6cc650,Mitesh Bassi,7388149141,mbassi@gmail.com,440 Handa Street,Madras,774723
b-1780,b54df32d-2450-4b85-beed-20c590b81e32,Omya Krishnan,+91 60690 65167,okrishnan@ymail.com,39 Palan Circle,Ahmedabad,154085
b-1781,4317991d-39da-4171-a5d0-965557134272,Jasmit Sen,9392609447,jsen@yahoo.cim,372 Sarin Zila,Nagpur,281578
b-1782,6363036e-90ea-471c-9d7b-327351d93509,Er. Ekansh Subramanian,9045005728,esubramanian@yahoo.com,26 Viswanathan Marg,Jaipur,476189
b-1783,b7df4dbe-05eb-49df-aa9c-447ce18a3d20,Shri Yahvi Bains,9928429113,ybians@ymail.com,1650 Mahal Street,Delhi,213007
b-1784,2984707b-41cb-41e6-9221-4ea1de223642,Kai Mann,8667671927,kmann@rediffmail.com,242 Bhat Nagar,Delhi,140544
b-1785,d765f298-2328-4ac5-bb1d-1a736d853d05,Rao Ranveer,8795812920,rrao@ymail.com,179 Walia Chowk,Bengaluru,827029
b-1786,e6563c2c-07e3-41f0-8332-1290a9103ecc,Yochana Borde,6477126457,yborde@ymail.com,348 Sarma Street,Bengaluru,968912
b-1787,db311f22-38ec-412c-b1f5-31ebd14e85cc,Yashodhara Rajagopalan,7653084234,yrajagopalan@ymail.com,172 Ramakrishnan Circle,Gurgaon,816232
b-1788,9838efa5-5ea3-49a5-871e-ea36ccde0c53,Nandini Magar,+91 89402 98081,,453 Glur Ganj,Pune,334224
b-1789,c9d38d56-5927-4064-81dc-14b7426932de,Aarush Dutta,6391123399,adutta@hotmail.com,443 Kamdar,Bhopal,341461
b-1790,b9be7e37-0311-4fe6-a408-27a8f98a37cd,Mrs. Aditya Varghese,8198662591,avarghese@ymail.com,176 Thakur Chowk,Bglr,627867
b-1791,f9150ddd-ac31-4f64-be33-3ea7dd6f9f34,Aashi Migter,8814397707,amitter@ymail.com,214 Minhas Ganj,Chandigarh,724350
b-1792,87885c93-a5d2-42cb-aca1-f345ddab27f4,Amrita Dani,9202106637,adani@gmail.com,207 Kapur Street,Ahmedabad,171841
b-1793,9269040d-76ab-4372-9011-be5c44acd87e,C. Walla,6312443853,cwalla@outlook.com,161 Manne Ganj,Lucknow,123589
b-1794,d3fc7c86-c81e-4f8e-9d10-6f4267683577,Balveer Divan,6209714544,,458 Ddol Road,Hyderabad,507746
b-1795,10824eff-c1b8-470c-9525-1107d30a9bfa,Anamika Behl,6063496761,abehloutlook.com,443 Kade tGanj,Jaipur,337547
b-1796,2c21eefe-4aa3-4ab7-94ec-e0760c205e07,Jack Agarwal,8707819432,jagarwal@ymail.con,274 Pillay Path,Pune,550757
b-1797,eaae8b81-083c-43c4-81c5-5cc330d362d0,Ekta Chacko,7544013289,echacko@yahoo.com,365 Lalla Ciecle,Bengaluru,904382
b-1798,80976b04-c3c9-4e64-aaa3-2d9ec9f35c1e,Kiaan Rege,8965671561,krege@rediffmail.com,6 Menon,Chandigarh,501883
b-1799,ea16d1c0-244d-4ba4-9fde-b5aa19611022,Ekta Bhandari,7730138625,ebhandari@rediffmail.com,140 Pzarekh Nagar,Pune,377556
b-1800,3fa675e2-0fee-4a91-a778-fd40226f90b4,Theodore Mammen,6342154987,tmammen@hotmail.com,327 KundaStreet,Pune,426578
b-1801,09646fc8-a25c-4d9d-a9ad-eb3c9697c3dc,mAol Yogi,9772875156,ayogi@yahoo.com,158 Cherian,Ahmedabad,824140
b-1802,e43f82ea-d1e1-4c99-a1d7-9b6f327ef1e2,Lavanya Kurian,8381718038,lkurian@hotjmail.com,14 Jhaveri,Kochi,889596
b-1803,09d114dd-6a23-4ba6-9b47-dad023627989,Riya Kannan,6551631159,rkannan@outlook.com,310 Luthra  Path,Chennai,340329
b-1804,667bbe89-1f91-44fd-af8e-7f829e0009d1,SamarR ana,6062986827,srana@ymail.com,79 Sehgal Street,Gurugram,401788
b-1805,c885073f-0396-411a-86af-a7d6ff423d1f,Vincent Saraf,6340184019,vsaraf@yahoo.com,422 Divan Patuh,Hyderabad,664469
b-1806,fcb0fb30-0b11-4c17-8f80-93df22e6559b,Varenya Chander,9165819588,vchander@rediffmail.com,122 Golla Chowk,Jaipur,281517
b-1807,d48827f3-d42c-4d5b-96b3-5d3371f738d1,Tripti Goyal,7558911895,tgoyal@outlook.com,362 Gulati Street,Bhopal,458607
b-1808,680d624b-d7c6-4f5d-863f-125b0bfc18dc,Vritti Gole,+91-75268-53658,vgole@outlook.com,4 Bail Road,Bengaluru,
b-1809,cfb1dd73-7754-4b1b-b7e5-6d1e95ad7ca0,Shri Dayita Gaba,9650188787,dgaba@eediffmail.com,421 Ramesh Street,Bangalore,122467
b-1810,1d7023e9-1ac6-42c4-addb-b0f3d83da5e3,Shri Raghav Boase,75280-80764,rboase@gmail.com,444 Bora Street,Jaipur,121342
b-1811,a44ebc43-199d-400b-9a40-6e9d8a5f2baa,Pooja Korpal,8932908397,,262 Rau Chowk,Ahmedabad,
b-1812,54804a65-ff58-4574-97f3-afd388bb9573,Vyas Harish,9971055454,hvyas@yahoo.com,290 Arora Street,Calcutta,873405
b-1813,5683dc6e-9816-4e94-b892-00e62cfbb350,Harish Purohit,8559367184,hpurohit@hotmail.com,112 Bail Magr,Kolkata,932922
b-1814,bc5b7105-8891-4276-a55b-0b75727c86bf,Imaran Arya,6992733522,iarya@outlook.com,496 Deo Nagar,Kochi,987482
b-1815,f3191f2a-76b0-47f0-a797-d70e3ebb3c79,Smt. Yuvraj Chacko,6474089561,ychacko@yahoo.com,459 Dhar Road,Nagpur,806063
b-1816,ae97e3c3-6c18-4ba8-91d1-bb5196e9b7b7,Agastya Andra,7695442057,,461 Nigam Zipa,Ahmedabad,932434
b-1817,3abea951-a33f-4eac-a4fc-719a83434338,Frederick Jain,8687798995,fjaino@utlook.com,264 Srinivasan Street,Bhopal,994083
b-1818,c4a94dc7-1239-4785-bf1f-b6ab6115784a,Sachi Gade,8043502104,sgade@rediffmail.com,165 Narul Road,Lucknow,812519
b-1819,deb42431-14a1-440a-ad66-5969525e7ba3,Mr. Varenya Dubey,7676481106,vdubey@hotmail.com,60  Bhalla Ganj,Ahmedabad,852355
b-1820,f57ad066-94b3-4831-9855-f6e3571d4b9a,Amara Dasgupta,79638-30204,adasgupta@hotmail.com,35 Basu Nagar,Nagpur,203606
b-1821,2de88787-bde9-4a13-9358-a9d34f297b9b,Harshil Minhas,6086160687,,176 Vqaidya Zila,Mumbai,360790
b-1822,216a3abc-a899-47e1-b15b-5f921237fe69,Ojasvi Dhar,83586-46905,odhar@gmail.com,468 Kapur Nagar,Madras,468843
b-1823,10952a49-d4bc-49dd-baab-91d18de70a6a,Arjun Karan,8719414435,akaran@yahoo.com,495 Rajan Marg,Mumbai,171973
b-1824,08233b18-82f4-4c6f-b728-14be5ef04f1b,Manan Pandit,9032591644,,366 Kara Road,Kochi,768219
b-1825,51b939c4-3cf5-4594-8f55-01cb28cd1193,Leena Chowdhury,9922425544,lchowdhury@ymail.com,75 Gara Chowk,Pune,538784
b-1826,9f5ed9fe-177e-457f-ae3a-4f034fa64b2e,Imaran Kapur,7877511030,,14 Manca Zila,Chandigarh,
b-1827,96ff30aa-b1f1-499e-b558-1a2a240913ca,Ishanvi Bose,9142463805,ibose@rediffmail.com,278 Nath,Jaipur,946170
b-1828,1311d97c-5b5e-4925-9e58-5894951bf9cc,Jagat Patel,8731905163,jpatel@gmail.com,84 Bassi Zila,Delhi,
b-1829,185eaa14-04f6-4d0f-9cec-b0c3b27e83e7,Er. Matthew Gokhale,8485288073,mgokhale@yahoo.com,58 Wali Marg,Delhi,
b-1830,de30eaf8-647e-49f1-ac65-6d879544171d,Gaurika Golla,8952670957,ggolla@gmail.com,474 Doctor Marg,Delhi,440889
b-1831,6d800935-6adf-47c9-8328-85cf37124bde,Charvi Mangat,7674833675,cnangat@ymail.com,426 Chawla Path,Kochi,468282
b-1832,cb05acef-06d0-4554-8fb5-fa7546984ce0,Anika Tata,8112912915,atata@gmauil.com,224 Lanka Path,Ahmedabad,226403
b-1833,04a01b85-0a41-4b1e-8f13-c345f66a201c,Mrs. Faraj Agate,+91 60643 11919,fagafte@yahoo.com,70 Din Street,Chandigarh,903524
b-1834,7bc99ac4-4d65-4141-9324-c990c94d2282,Ekaja Divan,9830126411,edivan@outlook.com,480 Sekhon Marg,Pune,660076
b-1835,cd193bbf-1f99-45c7-92e7-19367da84397,Vanya Bhavsar,9209009666,vbhavsar@rediffmil.com,292 Sane Zila,BLR,936392
b-1836,07dd60b9-1d6d-48b5-9e44-5f2c15e4b776,Arya Dhillon,8763184427,adhillon@ymail.com,322 Naidu Zila,Mumbai,108888
b-1837,851d686b-6600-4fd1-bd33-c74e782d93f9,Joshua Gopal,9117628826,jgopal@ymail.com,384 Pandit Marg,Delhi,679863
b-1838,a35b92af-0dd5-42f0-8bc2-c901d2346edc,Eiravati Talwar,+91-78921-91037,etalwar@rediffmail.com,159 Srivastava Marg,Nagpur,862534
b-1839,15949e27-1ecb-4201-a431-bb89d2441278,Nath Odika,7125913049,,296 Korpal xStreet,Ahmedabad,676509
b-1840,d7efd220-0725-4d29-9af2-99b6d1278117,Leela Sahota,8531080528,lsahota@rediffmail.com,40 Tank Circle,Chennai,912110
b-1841,d3b5c6af-fb61-4091-ad5d-79752fe8405c,Waida Walia,8508997184,wwalia@ymail.com,121 Karpe Circle,Delhi,243694
b-1842,e9119ff2-277e-432c-ad6d-3c0444fa7a1c,Leena Chacko,7140768496,,151 Sama,Hyderabad,777212
b-1843,857de60a-f8c7-45ab-8859-a5b7494f0b22,Theodore Chahal,9929638694,tchahal@outlook.com,307 Pathak Ganj,BLR,950800
b-1844,afd30886-73b4-4535-b1f7-5a24ce4f67e7,Aarnav Jani,7366046579,ajani@gmail.com,266 Patil Nagar,Bengaluru,784270
b-1845,6fa70b81-98f2-47e9-ad26-21bef44691a2,Urvi Deol,7420209828,ideol@hotmail.com,186 Bhasin Zila,Chennai,370307
b-1846,c86df7fd-707f-4a60-99bc-ea48d9d61b64,Ikshitz Patel,+91-96566-26669,ipatel@hotmail.com,85 Menon Street,Jaipur,238155
b-1847,2b5e9b97-80b8-4a6c-b9b5-d827c58d6b4e,Triveni Dhawan,6506887729,tdhawan@rediffmail.com,38 Sama Ckrcle,Nagpur,304151
b-1848,92f3ce02-8844-4644-9e9a-e9d1a7e74965,Kade Xavier,9438595102,xkade@outlook.com,328 Bhalla Ganj,Bengaluru,561852
b-1849,f565f365-46b7-4981-b733-6b992f0c779d,Lakshit aDlal,8726464133,ldalal@yahoo.com,53 Purohit Street,Nagpur,940675
b-1850,bd70d0ea-157b-4e21-ab6b-c29a5b5d54b7,Atharv Samra,7382089814,asamra@yahoo.com,131 Bhaga Path,Hyderabad,294630
b-1851,6c5cdb9b-9451-4ff3-b454-8be8cef9bfc8,Hitesh Borah,9647204246,hborah@ymail.com,296 Dygar Chowk,Bombay,674812
b-1852,265df044-ae67-45f3-8971-3eb467e46a78,Ayushman Din,8689878779,adin@gmail.com,44 Dhaliwl Path,Mumbai,156405
b-1853,18256e86-939f-4964-949b-aaee4d993af2,Mrs. Farhan Konda,+91 83037 16241,fknda@rediffmail.com,436 Arora Zila,Cochin,196395
b-1854,80ac050c-e570-41f1-953c-2f2c11690d69,Omaja Doctor,6837958148,odoctor@ymail.com,2590 Singhal Street,Bengaluru,905876
b-1855,b708f3ec-1621-43c3-ae2e-6158ea335364,Logan Wable,9040615411,lwable@outlook.com,108 Singhal Road,Pune,388499
b-1856,8f48b9b7-c901-4ddc-8a57-99ab7aaef767,Smt. Nisha Nazareth,7772382247,nnazareth@hotmail.com,2657 Arya Chowk,Ahmedabad,108326
b-1857,8a0ee034-da62-4ef0-b43c-75c3582485fb,Bhavini Choudhry,9632335270,bchuodhry@rediffmail.com,4 Bhasin Street,Bengaluru,267383
b-1858,643ab228-232f-4930-b9f6-63d056554497,Azad Ghose,61090-14670,aghose@gmail.com,9 Dgal Circle,Bengaluru,
b-1859,f6f7dae1-668a-4331-b1a8-70d05cdb9c57,Randhawa Advay,9657028742,arandhawa@yahoo.com,22 Sha Marg,Bengaluru,
b-1860,f63346bd-1d4e-431b-8bcf-42c16ce573ef,Aarna Thaker,+91-92152-51941,,332 jKaran Road,Mumbai,960932
b-1861,e85bfa54-06ed-4acc-b6d4-69d2564fb9f4,Pallavi Dugar,8940208586,pdguar@ymail.com,118 Chanda Road,Madras,869924
b-1862,df6e55c8-4a36-49ff-a0e5-baf48f93522d,Krishna Dass,9456730529,kdass@ymail.com,437 Rattan Ganjm,Hyderabad,255854
b-1863,d1ab47a0-2660-4b20-bd55-e481fef0708c,Daks Kanda,7317126558,dkanda@hotmail.com,309 Gour Marg,Pune,139291
b-1864,fead3c3d-7241-4f76-a447-f4c8eff8e3c4,Sidhu Faras,7144699889,fsidhu@rediffmail.com,49 Munshi Chowk,Madras,818983
b-1865,80e8afd5-0d96-4d67-820b-d59526deeccc,Nidhi Rai,9240906450,nrai@hotmail.com,414 Bhagat tSreet,Gurugram,859303
b-1866,d79c30da-fcfd-406a-b677-5b9cfb7a4dae,Kamya Samra,8080636665,ksamra@ymail.com,255 Madan Gan,Bengaluru,200064
b-1867,563daac7-4839-4a7f-9220-1fd40ffd8467,Ikbal Chawla,+91 93543 39314,ichawla@hotmail.com,467 Patil Zila,Chandigarh,657150
b-1868,ab8bcb21-6f2b-41b6-a2da-a04f2eeea185,Gautami Bala,6235895214,gbala@rediffmail.com,264 Manda Ganj,Delhi,244988
b-1869,f99c64d8-1589-4058-a681-391f200462d1,Nicholas Chhabra,9552646633,nchhabra@yahoo.com,19 1Kakar Zila,Kochi,517538
b-1870,2e025289-02db-427e-8fb9-565fb3471617,Advay More,7045579488,amore@@yahoo.com,145 Jaggi Ganj,Cochin,438812
b-1871,8f3db8d6-2344-42b2-aeca-fe5ed66813a0,Dr. Bachittar Khosla,7142520531,bkhosla@gmail.com,475 Chada Road,Gurugram,986795
b-1872,31698f46-e7e4-476f-bff3-2f1df8a46d32,Chaitanya Sule,06852952674,csule@rediffmail.com,52 Bava hNagar,Bhopal,429980
b-1873,c0b95a28-75db-4bb2-8358-43ea4127ae5b,Divya Chander,+91-99514-95635,dchander@yahoo.cojm,132 Anand Road,Delhi,297047
b-1874,00230d3b-e3ec-4056-92e8-72fef475154c,Ishanvi Mandal,8258844790,imandal@rediffmail.com,223 Tella Marg,Kochi,597971
b-1875,c39aa803-3084-41d2-a972-bce71dea46b1,R. Murty,9702193552,rmurty@hotmail.com,227 Parek Marg,Hyderabad,724209
b-1876,39a09569-dcb0-4686-ae66-8611c6b6b529,Kai Chatterjee,7048639995,kchatterjee@rediffmail.com,265 Reddy Ptah,Gurugram,900637
b-1877,2cbc011a-baad-464c-bdf6-93d564d4e89e,Yahvi Chaudhur,6052003294,ychaudhuri@hotmail.com,78 Doctor Circle,Hyderabad,618047
b-1878,7b47772b-4dfd-4c4e-906a-9571f9146d3b,Arjun Raja,+91-86516-27005,araja@rediffmail.com,281 Barad Chowk,Gurugram,604263
b-1879,9688a717-5ad1-432b-8d34-0ed72a8b1f6b,Bina Edwin,6560123561,,404 Shth Street,Kochi,541822
b-1880,3024452d-5e25-4b50-844b-b971cbae69d9,Dr. Farhan Chander,07269924693,fchancder@rediffmail.com,420 Kale Gnaj,Ahmedabad,550285
b-1881,a034d55e-d7ed-4b92-a387-1e118bcf9dcf,Lohit Dyal,8530917569,,50 aVrty Circle,Pune,992919
b-1882,5ba8219c-0fdc-4bca-96c2-e9b80574a8d4,Mrs. Harita Sem,8494326457,hsem@outlook.com,3548 Nori Street,Bengaluru,948000
b-1883,3f4b3c06-bc0c-4c96-ad4a-1b8c5114b36c,Ms. Bina Parsa,8011103822,,241 Sankar,Nagpur,
b-1884,379c1b11-d268-4e81-b220-6a76b48bc613,Balveer Ram,7184609372,bam@yahoo.com,205 Joshi Ganj,Jaipur,860285
b-1885,1577353b-e288-4436-9df4-28a5c9798162,Dua Falan,9419486587,fdua@outlook.com,2509 Tank,Ahmedabad,934938
b-1886,f3456a27-8786-4d26-b0b8-d101528630be,Gunbir Aurora,8125199865,gaurora@yahoo.com,75 More Street,Gurugram,314604
b-1887,c5e6f597-e56a-421b-802e-01ac53894eb2,Gagan Tara,8100501846,gtara@hotmail.com,23 Sha Zila,Cochin,410005
b-1888,44cd65d4-c009-4a06-91da-d693feda3bce,Dr. Dipta Gara,9822174584,dgara@outlook.com,146 Edwin Road,Ahmedabad,635807
b-1889,808ba36c-a310-4527-8a3b-894ac7d2b762,Ekansh Mammen,7405185153,emammen@hotmaikl.com,130 Patla,Lucknow,185673
b-1890,f8cdb6f8-896d-4011-8402-72755c807a12,I. Chakraborty,6050779069,ichakraborty@gmail.com,388 Gola Zila,Hyderabad,662253
b-1891,82f77eb6-148b-4ebd-badf-097e27ec1398,Triveni Kuruvilla,9192897957,tkuruvilla@ymail.com,104 Kunda Chowk,Ahmedabad,
b-1892,deda83d4-fc1b-4f57-b92e-aaf7ca0e0ed0,Riya Dey,7853899768,rdey@ymail.com,445 Sura Zlia,Ahmedabad,863641
b-1893,b37586eb-61ed-434d-8bd2-c1be13229842,Patla Balveer,7493895686,bpatla@outlook.com,542 Rattan Road,Chennai,799390
b-1894,20630d90-ce79-4015-b72e-b4b23bd61fa5,Nilima Dayal,6046028419,ndayal@hotmail.com,89 Peri howk,Bhopal,391974
b-1895,6b5afb70-2c2b-48da-8f60-23a4bad2e16b,Murthy Yauvani,8927455463,,200 Chacko Path,Jaipur,334824
b-1896,e6655aef-581d-4333-aa21-a641c24f6a0a,Odika Toor,6831294575,otoor@gmail.com,43 Lall Chowk,Bhopal,561552
b-1897,9a50b0fd-bcbb-4279-bc0b-0028fcfcb21d,Brijesh Bhandari,8708618869,bbhandari@rediffmail.cmo,210 Anand Ganj,Gurugram,947899
b-1898,29f3c0a2-b34b-4dfd-b0e2-85763cb10282,Mohammed Cheema,7919153129,mcheema@yahoo.com,448 Prashad Road,Gurgaon,193559
b-1899,ddd60312-771f-4a2a-b2af-ce7ae7b804b7,Nathan Rastogi,9205276575,nrastogi@outlook.com,383 Kapoor Zila,Kochi,923658
b-1900,1b6ee066-2766-4c56-836d-d442ba497c51,Lipika Shere,8860844889,lshere@outlook.com,222 Palla Zila,Bombay,958173
b-1901,9bfd3ffa-46d5-4b9d-80e0-e3e43cdf5633,Prof. Unnati Sidhu,75175-62403,usidhu@hotmail.com,228 Shroff Circle,Kochi,
b-1902,d5b7ac5e-2296-4b0e-8080-f8d141c7264a,Chada Ikbal,8295636240,,383 Chokshi Strdet,Gurugram,237310
b-1903,f201e5f4-5e44-40f5-906e-9849ba80ee41,Mekhala Sant,7989209168,msant@gmail.com,310 Ratti Gannj,Kolkata,499699
b-1904,b9a882a4-f1aa-4f61-846f-c6bfa3a5d46c,Prof. Falguni Bhattacharyya,7747753622,fbhattacharyya@gmai.lcom,259 Oommen Pat,Kolkata,983119
b-1905,60b6880e-ef8e-4d6e-8baf-630ee6a8415c,Kala Vedika,+91-65562-41157,vkala@rediffmailcom,478 Contractor Chowk,Chandigarh,983279
b-1906,7f5207f0-9a67-4e75-9fde-316f26579a96,Arya Sha,8289229845,asha@yahoo.com,323 Dugal Nagar,Delhi,
b-1907,1ee84205-a510-45bf-bce3-51eceb9eab65,Upma Dhingra,6238314051,udhingra@yahoo.com,6 Nagarajan Ganj,Gurugram,830096
b-1908,f9cfbe68-3b3f-49d4-9e8f-75b3a40153e1,Azad Rai,9513845063,arai@gmail.com,474 Pathak Nagar,Lucknow,458088
b-1909,260461a5-271b-4cf7-8a53-7de4786f91ed,Qushi Solanki,7480916925,,24 Bnagat Ganj,Gurugram,637852
b-1910,18da2fe1-af13-4c53-9709-5da61f3d73a0,Siddharth Bajaj,09942845689,sbajaj@hotmail.com,172 Madan Marg,Jaipur,822621
b-1911,83455d06-2cb9-4f18-9b9d-7c37ddbfb51f,Zayyan Goda,+91 80240 06695,zgoda@gmail.com,283 Dhr Zila,Calcutta,268771
b-1912,a54f550a-d017-4f48-9be4-070a5e9e5df2,Ekapad Mahal,6701820426,emahal@outlook.com,291 Bumb Marg,Chennai,891428
b-1913,d5633427-3fce-4b71-9fdf-d32e5ffe66ab,Chanchal Seth,7998850642,cseth@rediffmail.com,12 bVohra Marg,Jaipur,225943
b-1914,9d4487af-2051-4093-b02a-02ea2c988abe,Tanish Lad,+91 76954 93026,,446 Bhagat Street,Mumbai,581656
b-1915,77c7d872-6b35-4611-b7d0-6b7911636710,George Sangha,7518934496,gsangh@gmail.com,377 Mishra Path,Chandigarh,958109
b-1916,9b92ad69-58b2-44b7-a18d-a0e300441f17,Nitesh Issac,+91-82662-87407,nissac@yahoo.com,375 Saimni Path,Lucknow,878888
b-1917,6c75c007-46d6-47c8-8774-8de4feeaf4d9,V. Soman,7154639020,vsoman@ymail.com,150  Dyal Circle,Lucknow,246942
b-1918,9e62c731-0886-4dda-a1af-0155fff02f86,Rajeshri Pant,07862073068,rpant@outlook.com,413 Ramachandran,Kolkata,
b-1919,6409772e-2e77-4818-ba1c-21705b8ac9b3,Advaith Issac,6542629340,aissa@cgmail.com,81 Dhillon Zila,Bhopal,202182
b-1920,9ac85540-5a11-49c2-891b-7e7b2a47e45b,Ekiya Nadig,7611956483,enadig@gmail.com,383 Dora Nagar,Madras,294742
b-1921,ae18a88b-8b0e-4621-be72-d7426a27a567,Tara Divan,+91 95309 19250,tdivan@rediffmail.com,201 Nadig Chowk,Jaipur,700698
b-1922,4a1afdcb-de5b-4a14-ab41-b52031c829dc,Ishaan Ray,8616925309,iray@yahoo.com,317 Verm Road,Bhopal,154365
b-1923,f8b68e9d-f1a4-40ec-aef7-083af6b08c2a,Aarush Seshadri,7089999607,aseshadri@gmail.com,74 Sengupta Street,Jaipur,898887
b-1924,a523002c-0e39-4fbb-9805-201089f6e398,Gunbir Bansal,6902725183,,56G uha Ganj,Ahmedabad,806000
b-1925,0843450f-33e0-405e-8e4a-e81bf90bd469,Osha Ganesan,7472986526,oganesan@hotmail.com,324 Purohit,Bglr,803914
b-1926,f95388e7-0990-497a-88e7-19a9f0702263,Tarak Pall,6911639514,tpall@gmail.com,213 Halder Ganj,Nagpur,321645
b-1927,447e628e-0d7b-494b-9f3a-2a5c58254d8c,Akshay Prabhakar,8107663287,aprabhakar@gmail.com,483 Babu Pathn,Jaipur,401569
b-1928,c5b5a52b-ebc5-4c2a-8ab2-7ff6143e07e4,Chasmum Mohanty,9020526423,cmohamty@outlook.com,485 Dash Circle,Lucknow,684102
b-1929,5aaa095a-1824-45a3-bc6e-3b787ea5df9f,Xalak Shah,86432-69494,xshah@gmail.com,440 Roy Marg,Jaipur,208593
b-1930,21436580-62b4-4ed6-84d5-7e305276a040,Indira Pandey,7883962816,ipandey@ymail.com,353 Sandhu Circle,Chennai,484391
b-1931,21ed2395-391f-497d-9c5d-259b0f4f5f13,Gautami Comar,9157990816,gcomar@outlook.com,461 Shanker Street,Bombay,
b-1932,61da541e-48ce-45d6-b2f8-eac1316409fe,Priya Prakash,7785512243,pprakash@yaoo.com,240 Gaba Street,Mumbai,410855
b-1933,c27962ff-d6e2-4836-b2f0-942d71cacc8f,Rajata Raj,7485151198,rraj@ymail.com,46  Sarkar Road,Ahmedabad,
b-1934,900425b8-f7da-4db0-bb50-c73595ed4745,Bhanumati Chaudhary,6402261779,bchaudhary@outlook.com,200 Chawla Zila,Nagpur,811678
b-1935,3b351bda-f3eb-4b15-8a69-b4306e2df37d,Gaura vBabu,8719571395,gbabu@gmail.com,2898 Sabharwal,Nagpur,494904
b-1936,505ed4ae-53c7-4a74-8504-00140168f073,Hemang Taneja,9628711268,htaneja@gmail.com,3 Chaudhry,Delhi,
b-1937,c1d57196-f12d-4325-a5ef-910d2fb65bff,Sachi Thakur,9073755544,sthakur@ymail.com,482 Blai,Bhopal,541180
b-1938,3c2a9288-58ea-4a9a-87e3-12510364017e,Bimala Salvi,+91-80997-92816,bsalvi@outlook.com,423 Kapoor Ganj,Gurugram,886549
b-1939,c1ce6d86-98e7-43c2-88ea-7b2512cc187e,Suhani Raj,7357310091,sraj@outlookcom,91 Hayre  Zila,Lucknow,776038
b-1940,bd13a30e-ca17-4e22-8f22-eaaaed51747f,Upasna Dash,6483741547,udash@rediffmail.com,76 Shetty Path,Kochi,430407
b-1941,78f15a6c-2e64-4a55-ad6b-17f14cc399e1,Nitara Randhawa,6616185499,nrandhawa@yahoo.com,473 Prasad Nagar,Lucknow,634516
b-1942,d1f729a5-e466-49ae-940e-c401e84028d2,Udarsh Tripathi,8614053317,utripathi@ahoo.com,301 Loyal oad,Hyderabad,430801
b-1943,380155f1-9258-4f89-b962-8711feb5e672,Aishani Mohanty,8633479931,amohanty@gmail.com,458 Khurana Marg,Bombay,669465
b-1944,dbbceea4-0240-40fd-a9e6-0e4458be51cd,Prof. Aayush Sachdeva,7509444676,asachdeva@gnail.com,366 Aurora Nagar,Nagpur,615956
b-1945,c4bbd637-80cd-4c2a-b6d2-d23a3814613c,Atharv Dube,6210810062,adube@rediffmail.com,133 Venkatqraman Path,Ahmedabad,873577
b-1946,dafdc8c2-590b-4cc8-ab46-1750508b2f5f,Eesha Nayak,7622119815,enayak@gmail.com,428 Sani Street,Lucknow,281545
b-1947,1f1e1fbd-ed33-43bf-834e-fe87af7791ed,Wyatt Raman,8758473031,wraman@rediffmail.com,201 Ramaswamy Gan,Nagpur,293697
b-1948,56545236-8915-4781-84e2-36dc2d635a30,Charan Sanghvi,7943274530,csanghvi@yahoo.com,296 Ramakrishnan Street,Bhopal,258537
b-1949,35b70d7a-4c7b-4fc7-92dd-0f2814427b28,Oscar Rau,+91 61838 86130,orau@gmail.com,423 Varughese Path,Cochin,
b-1950,74d3a3b0-12c0-4804-9e10-3d3a326eea18,Nathan Sarkar,9769935500,nsarkar@hotmail.com,1 Chaudhary Ganj,Hyderabad,369816
b-1951,d410ff39-723b-4587-a913-69653ab6957a,Thaman Jonathan,8190111096,jthaman@yahoo.com,195 Ramanathan Zila,Ahmedabad,220613
b-1952,0837ce6f-fb94-4be0-abb3-3b77ef43e425,Abha Dutt,9478962080,adutt@outlook.com,147 Jani Pat,Mumbai,287606
b-1953,34d865e4-d6e6-4529-9065-a4931bca7939,Chander Girik,6861422402,gchander@gmil.com,470 Sarkar Ngar,Pune,422477
b-1954,04013cf1-a926-483a-a0a2-4956fbe5945b,Advay Dua,7287833807,adua@rediffmail.com,177 Brar Nagar,Madras,428874
b-1955,a437e50d-d6a3-4ae0-94a4-c9588272a29d,Lavanya Bakshi,9966117982,lbakshi@rediffmzil.com,311 Setty Street,Chandigarh,519548
b-1956,1f796c8c-2fc3-4aee-8395-12407dffe861,Ishita Grover,6225265864,igrover@gmail.com,222 Kapadia aGnj,Hyderabad,873544
b-1957,75dd45e5-bacb-42c0-9bd3-24b067eb4e0f,Chameli Hari,8337194554,chari@gmail.com,352 Korpal Circle,Chennai,653315
b-1958,f85f872e-0bc5-42ca-b337-371b300cc161,Kritika La,9792106564,klad@hotmail.com,440 Maharaj Ngar,Ahmedabad,670402
b-1959,0cd2bb80-59ae-4d9f-a0ed-4a4311f3a642,Fitan Dhawan,6606698762,fdhawan@rediffmail.com,277 Chauhan Nagar,Gurgaon,523952
b-1960,3eb2c917-221d-4916-bde8-206eded663c2,Indrajit Sharaf,8573090859,,28 Das,BLR,
b-1961,3623119b-933c-4a03-863e-ada52216fc8b,Mr. Hredhaan Dhar,9033727308,,216 Lakla Road,Cochin,285271
b-1962,71b6ced4-d6de-44cf-bfb2-b9c541c03615,Pranit Chander,+91-81764-25671,pchander@hotmail.com,412 Talwar Zila,Kolkata,414856
b-1963,071030af-2b4e-44b4-ae54-87aadad19ff4,Janaki Johal,8658536775,jjohal@outlook.com,491 Chaudhuri Marg,Ahmedabad,161528
b-1964,095a3c4e-22f4-4164-9823-f5c00cc0b015,Vritti Bains,9722374963,vbains@ymail.com,271 Borah Maeg,Bhopal,718773
b-1965,53bcde16-ecd4-4e4c-9d9e-e32c4892cbdb,Vidhi Bose,+91 78918 65163,vbose@gmail.com,87 Saini Ganj,Lucknow,687361
b-1966,c1ea5fc0-d0f6-4de6-8157-1d0780df15bc,K. Murthy,6447486184,kmurthy@rediffmail.com,142 Dyal Chowk,Ahmedabad,556371
b-1967,f0aadae4-a6d0-4888-9581-40e73ff0d0b8,Pranit Misra,6667577557,pmisra@yahoo.com,491 Gokhale agar,Pune,697531
b-1968,66414c77-094b-4e9f-9db2-69d0b18ffc42,Azad Dalal,9701751904,aalal@gmail.com,453 Palan Path,Ahmedabad,329280
b-1969,e9956c35-cec1-46bf-b79b-092b420c7d02,Ahluwalia Veda,8435984527,vahluwalia@ymail.com,430 Vig Street,Lucknow,396096
b-1970,c5daa36f-e39a-4a7d-b7d1-c70f1b32a720,Aachal Dara,7722474834,adara@outlook.com,330 Balan Ganj,Ahmedabad,988743
b-1971,4eeba065-948b-43dc-a404-f7583549cfad,Smt. Arin Vasa,09699816127,avasa@outlook.com,317 Dua Circle,Ahmedabad,917821
b-1972,6d280e6f-df81-4715-8161-dea9e2f4363f,Tarak Patla,8231017452,,234 Kalla Zila,Bhopal,949739
b-1973,9edb6388-ed3c-45fc-a220-b2d5d1e13e7d,Ayushman Narang,8271545708,anarang@yahoo.com,121 Kannan Street,Jaipur,
b-1974,48335e2b-94c3-4da4-9ba0-5994eb29087d,Fiyaz Date,9948591676,fdate@hotmaik.com,105 Mahal Road,Chennai,129640
b-1975,060aaafb-fc80-4d10-bea5-86b4f6481bb0,Vasatika Iyengar,6502821441,vkyengar@hotmail.com,424 Pall Zila,Chandigarh,129294
b-1976,f08c1647-0cfe-47ad-b7ec-e088f7f13789,Chaitaly Sibal,6592277476,csibql@yahoo.com,411 Sarin Chowk,Kolkata,805795
b-1977,70fc7a0d-bae8-49cd-8bc6-da24733f20f0,Yauvani Ratta,6609739134,yratta@outlok.com,330 Krishna Ganj,Delhi,913141
b-1978,2da2672b-e962-4172-bb63-c24742fc212e,Dr. Oscar Hora,8522789827,ohora@hotmail.com,57 Ramaswamy Road,Chennai,
b-1979,7e84b7b5-a4ee-4250-b5e6-47852040f43d,H. Muni,9046054470,hmuni@rediffmail.com,53 Jha Street,Delhi,566998
b-1980,3164564d-0955-49dd-be9f-9fbcdadb0e61,Sant Vinaya,9568243155,vsant@ahoo.com,374 Sampath Chowk,Cochin,237010
b-1981,b77826cb-a9cd-445d-b3f4-fb2a84c435d0,Anita Nagar,6587785209,anagar@outlook.com,442 Chokshi,Chandigarh,692053
b-1982,e207c1e6-4c6e-475c-98c3-753d102d2f8e,Leela Sanghvi,8981239894,lsanghvi@gmail.com,332 Pandit Ganj,Chennai,112506
b-1983,b0d456b8-e6f0-4d73-bcc0-25e231bbe5b9,Kashvi Bhatt,9434913962,kbhatt@rediffmail.com,91 Ganesh Chowk,Bengaluru,754802
b-1984,19113a7b-e19d-4d3d-af47-46882e8a22e0,Smt. Bahadurjit Vaidya,7735866500,bvaidya@gmail.com,136 Riut Road,Kolkata,
b-1985,caaf5888-1915-4c0d-abf1-ff408f00de48,Chaaya Wali,6777973197,cwali@hotmail.con,299 ao Path,Kochi,897037
b-1986,fc02b7c9-6e8c-49fa-87fa-e18c0922adb8,Contractor Ayushman,07925260276,acontractor@yahoo.com,102 Naidu Street,Ahmedabad,444657
b-1987,863f2d31-d080-4306-8c12-e6dfb061b8bf,PushtiG rewal,9242299220,pgrewal@gmail..com,460 Korpal Path,Gurugram,634878
b-1988,2b8e30ec-17e8-4437-9a8e-0e3833096492,E. Kale,8590624035,ekale@outlook.com,197 Prabhu Path,Gurugram,986367
b-1989,95bf6601-887b-43bc-a3fe-dee5b3a64f04,Maanav Murthy,8420859784,mmurthy@hotmail.com,225 Andra Zila,Bombay,975218
b-1990,54904187-d63d-4dc1-9314-fdae3c95f337,Mrs. Eiravati Apte,8407353787,eapte@ymail.com,344 Kala Path,Nagpur,465350
b-1991,b9519042-4f30-4858-8599-edc20a721829,U. Nagy,6135794489,unagy@hotmail.com,272 Bhatti Ganj,Bhopal,897876
b-1992,7332cbd6-c2a3-419e-ac08-00b7592747ff,Lekha Mander,9692863317,lmander@rediffmail.com,280 Kla,Kochi,197749
b-1993,2d008d78-f728-4480-b7b2-09e5f83b0975,Teerth Chauhan,9024586519,tchauhan@rediffmail.com,288 Mall Crcle,Kolkata,275584
b-1994,e8205726-6eb9-49d6-9e95-cc01556a87b8,Falan Sama,9021291777,fsama@gmail.com,42 Nadkarni Marg,Jaipur,640185
b-1995,bdab20e2-d703-49f1-ad4c-b05b0714ef7e,Ekaja Hora,6905792679,ehora@outlook.com,117 Bawa Ganj,Hyderabad,
b-1996,155e693b-a873-4fa2-be9a-6ea6dd803ca2,Wakeeta Tara,6992636577,wtara@gmail.com,423 Maharaj Nagar,Lucknow,513689
b-1997,e9ddd35c-1ba6-4205-958d-56c59433d401,Ovia Dar,6812703678,odar@rediffmail.clom,117 Sethi Zila,Cochin,709624
b-1998,8f3c0e04-3e00-4e72-a899-aa39d0a67abc,Onveer Narain,9422260183,onarain@outlook.com,150 Rajagopal,Bhopal,366343
b-1999,15d9c2eb-3b21-48ce-bb9a-f1e7c9f193d6,Warjas Bail,8935733340,,349 Badami Road,Kolkata,454871
b-2000,HN_1db3f76f-4a1f-46b2-a991-a690f86a63fd,Aayush Tandon,9056812561,,23 Vohra Circle,Gurugram,111592
b-2001,HN_190afcd2-557b-467e-b76a-c5661581e9ca,Triya Divan,6940448711,,24 Datta Marg,Gurugram,397661
b-2002,HN_89fb976f-836d-4627-810d-d3d700b98250,Bhavani Sama,8886433323,,135 Mody Nagar,Lucknow,890998
b-2003,HN_9af88c5f-56e9-4d2e-b3d8-d60b77597db2,Karan Venkataraman,6522950983,,68 Andra Chowk,Delhi,895267
b-2004,HN_c13d983d-d9bd-4e6c-9a2e-fdc58e03887e,Neha Handa,9102586174,,386 Raj Road,Lucknow,807745
b-2005,HN_06c329fe-848c-453e-86b8-319489a5e1b0,Balhaar Iyer,6985376752,,142 Khalsa Street,Mumbai,647315
b-2006,HN_bc30e64f-573d-419a-94dd-80d801b3c962,Balveer Kumer,9562638516,,107 Bava Circle,Kolkata,356006
b-2007,HN_186b0307-2e2a-4bd6-b58d-1268dbd11cd3,Geetika Jhaveri,6031707110,,496 Om Chowk,Gurugram,181285
b-2008,HN_168e9cce-33db-48b6-8420-7be55ed9d08b,Amol Balakrishnan,6789019853,,268 Hora,Kolkata,530850
b-2009,HN_487d7d05-3913-4e9e-8b45-f98223276cd0,Ekaraj Badami,9183891323,,206 Vyas Marg,Bhopal,877636
b-2010,HN_318422a5-5b56-4620-96ef-ede217d8a078,Upma Narula,6999259961,,130 Saha Zila,Bhopal,940336
b-2011,HN_b0ea334e-566b-4205-a60f-d61b2d4b1995,Girish Pandya,9880088003,,269 Sule Road,Ahmedabad,195205
b-2012,HN_51ec8f8c-69b2-450c-9ea2-c77210ec873e,Ojasvi Garde,8122863086,,389 Parmar Path,Delhi,359403
b-2013,HN_6ff4a23d-61ce-45e4-b56d-82c1f16ece11,Charvi Ghose,6477178209,,388 Walia Chowk,Jaipur,289306
b-2014,HN_b4cb3645-8067-4c67-92de-e3ed25045cd9,Anvi Dutta,6896947727,,346 Thakkar Marg,Pune,246967
b-2015,HN_48faa879-9000-422f-bf99-7d1b24483db7,Edhitha Kar,9917274911,,435 Hegde Path,Bhopal,229082
b-2016,HN_e27ada9e-a218-4f8c-adeb-19dc5760bce4,Hiral Prakash,9930320210,,89 Nagy Nagar,Mumbai,987577
b-2017,HN_8d2fd1c4-f9e4-4a9f-aa07-67276ba2c566,Mugdha Mandal,8328958858,,18 Rout Path,Chennai,264761
b-2018,HN_89507b3c-f7d5-4cba-bfc7-e6653c8a19ad,Fariq Parikh,7801161716,,439 Soni Path,Lucknow,581886
b-2019,HN_96b18789-7045-4370-865f-88d8017d60b8,Dhriti Thakur,8523954722,,401 Malhotra Marg,Lucknow,402296
b-2020,HN_8ad1c48a-95ea-41cb-8394-404d1f82b59d,Wakeeta Natarajan,9267213832,,248 Munshi Street,Gurugram,901213
b-2021,HN_47e93b49-b07f-4a44-9373-4f883821bdab,Champak Pandit,7340384463,,90 Parmar Marg,Nagpur,195699
b-2022,HN_90efed6b-a07a-4b3e-9347-08c2a42b238e,Maya Mall,7050165289,,334 Kale Street,Ahmedabad,734648
b-2023,HN_7f17fb17-d300-433f-b857-240171acec26,Chanchal Dhingra,9409460889,,421 Pall Road,Chandigarh,858831
b-2024,HN_5cc9f2ea-7ec3-4faf-a38a-36155df7654a,Suhani Merchant,8807230969,,79 Sabharwal Chowk,Kolkata,845898
b-2025,HN_ccf7c079-6978-451c-be0a-15dd72d36e0d,Wakeeta Cherian,8154468381,,156 Khurana Path,Nagpur,262796
b-2026,HN_934e885d-18c3-4865-8ca5-0bb13feb7ca9,Jairaj Varkey,8278016906,,325 Mallick Ganj,Bengaluru,891279
b-2027,HN_28b55251-7509-4d5d-86a6-c1c51bc90efe,Kashvi Dash,7960044209,,444 Modi Chowk,Hyderabad,769594
b-2028,HN_a215d7af-2ede-40e7-ac8f-6b493f03ab91,Harshil Verma,8588950746,,301 Seth Zila,Bengaluru,385616
b-2029,HN_df40c9aa-a806-4818-91f0-0f313cc803c2,Ayush Ranganathan,7880277950,,81 Sarin Nagar,Chandigarh,319706
b-2030,HN_b44124da-9031-4cde-a568-0939363c454f,Udarsh Garde,9200273799,,21 Doctor Path,Bengaluru,502457
b-2031,HN_90dd794f-2eae-4f92-8bf7-79ba4d762a30,Champak Boase,8167707718,,236 Sachdeva Road,Lucknow,614657
b-2032,HN_fa5ba490-4a08-4963-b98f-0362b3f7a554,Advaith Dara,7249600755,,425 Parmar Circle,Delhi,335894
b-2033,HN_818a3c5f-94ef-4c8e-a996-ec95628b039d,Liam Arora,9662821844,,437 Wagle Nagar,Lucknow,416951
b-2034,HN_66be58a1-8d7d-42b4-887e-6914acf73b60,Henry Mahajan,8434191472,,334 Pillai Zila,Chandigarh,388525
b-2035,HN_9be1fcfc-9d99-4b88-8848-6a28f8d82f02,Ekantika Khanna,6614001443,,360 Mane Chowk,Chandigarh,674857
b-2036,HN_3064ba0c-98a8-499a-9214-5e8493a02912,Rajata Choudhury,8582026639,,82 Ghosh,Mumbai,662897
b-2037,HN_ff56ccb0-292e-4e4e-bbe1-08fc18fb2c35,Upkaar Pall,7889705978,,485 Sarna Zila,Bengaluru,550171
b-2038,HN_298f75c9-9714-484c-b60a-96c6d0dacc9f,Onkar Dar,7611721230,,59 De Zila,Delhi,371035
b-2039,HN_8829bc1b-3609-4f6a-9e9d-473fadd2399a,Gaurang Deo,7586792566,,380 Palan Chowk,Pune,721709
b-2040,HN_20a9bb08-73d7-4bf7-bc72-9f1be552dded,Rayaan Viswanathan,9156681186,,370 Khosla Street,Hyderabad,953280
b-2041,HN_68d219eb-972f-4534-a6db-7d0ef7ff99b0,Jyoti Chhabra,6824078106,,365 Pant Street,Delhi,215529
b-2042,HN_d53ae88d-c16a-48e0-8fa9-1f4b4c0116b9,Abdul Grover,6635694317,,408 Tank Chowk,Jaipur,839913
b-2043,HN_98841a57-9ab3-4bb1-9b46-7444183073d0,Charles Bhasin,9450695365,,398 Mammen Street,Nagpur,412078
b-2044,HN_86584d36-8bad-4e32-b253-b0e50defbf9d,Aashi Wali,9587967058,,390 Bahl Street,Lucknow,731489
b-2045,HN_6a5475d1-ed03-458f-b650-f4f15695073d,Caleb Dada,7889487834,,76 Bath Street,Chandigarh,884892
b-2046,HN_b01e28b5-2ae9-406a-9461-beff57c49ed1,Indrajit Misra,8756513332,,202 Subramaniam Zila,Bhopal,955468
b-2047,HN_21bcb2f4-993e-4f20-bc4f-205563d6906b,Chanakya Bhatt,8392552416,,475 Sen Chowk,Pune,255634
b-2048,HN_0e5b4db5-aef9-4a12-85d7-f90e4b0ffb34,Daksha Choudhry,9814162676,,398 Virk Zila,Gurugram,698689
b-2049,HN_16021a02-a1cd-42fc-bef5-17749b68e59b,Falan Wadhwa,9866340712,,73 Kala Zila,Ahmedabad,964764
b-2050,HN_5b958293-b939-4cac-a98d-8e087cd968c4,Aishani Lall,9135589459,,445 Luthra Ganj,Ahmedabad,152145
b-2051,HN_6b8c079b-cacb-430c-ad85-414f369941aa,Forum Solanki,7147259222,,264 Goda Nagar,Lucknow,663525
b-2052,HN_3df72537-2468-42a6-9c6c-a41db13f08f3,Ladli Shenoy,7458746513,,283 Sharaf Road,Gurugram,552260
b-2053,HN_4e8a3034-cf6f-418c-87df-56f8c30f3fb7,Anamika Thaker,7290928899,,175 Roy Road,Hyderabad,552098
b-2054,HN_e676a580-f003-4b8f-92ec-1f086c213ed4,Onkar Kannan,8144818465,,465 Bhakta Marg,Kolkata,385949
b-2055,HN_8fe4b258-a3e5-44da-ab0f-5562daf18549,Lakshit Memon,8715889215,,117 Sinha Zila,Mumbai,683386
b-2056,HN_ddaf558a-19ec-4e46-976e-559572227e7f,Triveni Tella,6033479732,,337 Pandya Circle,Jaipur,151840
b-2057,HN_14102d5b-37f1-483f-b10a-6b8f6d9cfead,Jagdish Ranganathan,7425044497,,364 Chacko Circle,Ahmedabad,729419
b-2058,HN_4074ba92-a34f-4ae3-ac12-98a8d2c6cca3,Jonathan Wason,7773769825,,153 Pau Marg,Delhi,109556
b-2059,HN_666d9a4c-8404-44f9-aa57-abad1ccb9516,Eiravati Dasgupta,6537840302,,479 Barad Path,Kolkata,868760
b-2060,HN_4be6a262-41cb-4b1c-a25b-1a09fcf81150,Manbir Purohit,6603359430,,158 Sangha Nagar,Chandigarh,936147
b-2061,HN_49eefa1d-d4ae-4088-a889-99ccb5c973db,Odika Bains,9040336980,,138 Bassi Ganj,Kochi,863009
b-2062,HN_387ab012-3450-4abf-ba9c-6bbff9387e44,Sanya Padmanabhan,7607206001,,123 Vohra Marg,Kolkata,791155
b-2063,HN_fdbb64f4-2639-4afa-ba00-aa6bbcfa7757,Jason Chowdhury,8324240193,,393 Sampath Marg,Hyderabad,942094
b-2064,HN_15ecfa6e-25ef-4d30-b67e-aedf59e59847,Wridesh Biswas,9711215207,,194 Balay Chowk,Pune,756919
b-2065,HN_b631a957-98db-4f3f-9956-b2247aadc7d1,Vanya Gaba,9323047453,,70 Bhardwaj,Bhopal,182800
b-2066,HN_3c55abd2-6bd7-4dff-8a92-dd8a263370b1,Vrishti Goyal,9804575455,,430 Shetty Path,Ahmedabad,989244
b-2067,HN_43c8779a-22af-48bc-ade1-71664456f194,Avni Bala,7029508160,,234 Raja Street,Delhi,373411
b-2068,HN_bdbb1ed6-d6d4-4ea0-b87f-1cdbeb5c794d,Ekanta Kaur,7537614446,,113 Patil Chowk,Lucknow,661090
b-2069,HN_419aa447-2f5c-4230-bfff-16757274cb61,Vasudha Johal,6669752238,,479 Kalita,Bengaluru,834156
b-2070,HN_f51f23e6-dd40-47f6-a4ad-1bfb8cda507c,Upkaar Chadha,6553376462,,281 Sheth Road,Jaipur,591657
b-2071,HN_ad4bd328-1835-4e40-88a7-642bd7518dc0,George Zacharia,7993837541,,161 Palla Nagar,Ahmedabad,544304
b-2072,HN_6640fdae-aea8-454b-8195-a07e422c765e,Aishani Varghese,7455161763,,373 Chopra,Nagpur,122536
b-2073,HN_5876985a-f156-4d2b-91ec-7f71b321962e,Chaman Swamy,9743103229,,276 Mistry Chowk,Ahmedabad,386842
b-2074,HN_ae0064e3-8f2a-4c1d-918f-2ab89584de70,Fitan Parmer,7971392547,,416 Gala Ganj,Bengaluru,197227
b-2075,HN_ea3c1fa3-5dec-42c8-ab08-cba5e3c10300,Ira Mittal,8053678890,,157 Dass Zila,Jaipur,969177
b-2076,HN_4dc02d1e-2db2-43cd-b548-5ab7040863c0,Xavier Talwar,8683837020,,334 Kohli Marg,Chennai,682363
b-2077,HN_98625837-1158-4286-97b6-f9de466cf702,Samesh Mander,8807258400,,465 Kalita Zila,Gurugram,148452
b-2078,HN_03307f2c-d2ac-4518-9d2c-989687f111a2,Faras Borah,7759699233,,429 Kala Circle,Bengaluru,878910
b-2079,HN_6c484f9c-2da9-4e8f-9aaf-b278614c500b,Falan Mani,9966817718,,174 Raju Zila,Lucknow,601056
b-2080,HN_cd2c00f3-d618-44da-a231-8a2e96a67c68,Warda Sampath,6798388882,,446 Mani Nagar,Chandigarh,719876
b-2081,HN_dfa64e80-1319-48a6-b23e-4dd0c976791c,Darpan Sane,8293698652,,242 Barman Marg,Pune,451530
b-2082,HN_5fc0492d-58b2-4516-b2e5-3604bfbb1b7d,Simon Buch,8611179319,,348 Sinha Chowk,Chennai,746097
b-2083,HN_502ed13a-5389-48a7-87f8-c5e1afb806eb,Agastya Kar,6025139004,,14 Mani Circle,Ahmedabad,814589
b-2084,HN_2cd2d96b-414b-43e7-b531-02792e13bce0,Tarak Ahuja,9967493799,,36 Som Ganj,Kolkata,601476
b-2085,HN_6a2fe5e1-bc39-4832-a8a4-effa32dc6d32,Upadhriti Boase,6792340199,,199 Iyer Chowk,Chandigarh,656921
b-2086,HN_d3269780-9ef3-41be-a833-810c9c2bd309,Lekha Bhargava,8275727813,,436 Chawla Street,Lucknow,420925
b-2087,HN_250bf6b4-e369-49fe-a9ad-facad8d06565,Raghav Manda,7909805699,,233 Dass Road,Bhopal,299052
b-2088,HN_b8636d78-5ad5-4d2d-8f6d-39ceafe1aea9,Vinaya Parmer,6043124070,,84 Manda Zila,Bengaluru,268512
b-2089,HN_4232b7aa-c6aa-4e57-950d-462864684494,Henry Oak,7948272014,,34 Memon Zila,Delhi,508506
b-2090,HN_0e4f5e21-30b4-43c7-976e-d716c77cadf7,Harini Dugar,8789366729,,185 Chauhan Road,Bhopal,418275
b-2091,HN_71563c3d-7e22-48b5-beac-8ae2334ac421,Sathvik Patel,6882793029,,323 Singh Marg,Hyderabad,845491
b-2092,HN_1d1778eb-f05c-43d7-9204-d09489916346,Yoshita Sinha,9079166579,,421 Kamdar Circle,Ahmedabad,899794
b-2093,HN_e9bb8ca6-be9b-4f06-9ccb-9c84a2c42e83,Dhriti Nagarajan,8170869324,,211 Bal Street,Ahmedabad,946380
b-2094,HN_38cecbce-0b24-4f9f-a3f3-f971ab86dc62,Devika Toor,7941092708,,113 Naik Circle,Delhi,476039
b-2095,HN_abc69108-1fae-433d-b01a-983538aef72f,Sudiksha Dixit,6139900318,,186 Modi,Kolkata,287198
b-2096,HN_4d4d4c26-568e-4017-9506-cf39d3c38596,Mitesh Grover,8517091485,,352 Seshadri Path,Bengaluru,253498
b-2097,HN_5a3ab680-ec11-46f7-802c-9addf82b0f38,Yamini Bassi,8128046285,,160 Gokhale Street,Bhopal,861633
b-2098,HN_58f9a44b-6324-4e9d-84b9-90840b214460,Hitesh Vaidya,7977412650,,309 Ganesh Road,Kolkata,205546
b-2099,HN_aec08fdc-4238-4606-88b4-9778ddbb7a32,Kalpit Buch,7497353241,,451 Barad,Bhopal,259303
b-2100,HN_dad3483c-a19a-4891-9990-8cbcdc75c2ac,Theodore Khare,7101804660,,219 Doctor Zila,Lucknow,738840
b-2101,HN_b016e91e-8bb9-4fa1-a6e7-2691ead236dc,Januja Pai,6182058201,,103 Sabharwal Path,Gurugram,302454
b-2102,HN_410e7269-de8d-46d1-a9e5-72321daf4bf3,Lekha Murty,8190373321,,453 Nair Circle,Ahmedabad,555618
b-2103,HN_8fec3895-5980-4372-aeff-a6cf496eed8a,Sneha Gill,8568013689,,205 Tandon Marg,Bengaluru,656041
b-2104,HN_e4ea7b40-29c2-4009-a3fb-67f96c5d24c8,Yochana Deol,8219376462,,318 Biswas Street,Chandigarh,889528
b-2105,HN_cc6a9540-0949-4dba-ac1f-dec6370a6fb9,Samaksh Keer,7026527910,,155 Ramesh Marg,Bhopal,310581
b-2106,HN_af8fd4b1-4013-497c-bfa0-62ab6387f7b5,Mugdha Shah,6694394525,,171 Parsa Circle,Chandigarh,109963
b-2107,HN_cb42e112-82f5-4bdb-a17c-1a9cd76e7571,Raghav Kade,7302449340,,303 Edwin,Pune,163047
b-2108,HN_82924b17-c91f-487c-821e-1a594a14ffa7,Ekapad Goel,6655055833,,283 Ghose,Nagpur,114558
b-2109,HN_f65e592a-2cc3-4b91-9548-781903825e4f,Arunima Mitra,7054832876,,391 Vasa Ganj,Kochi,732856
b-2110,HN_1dbf3a9e-0b9d-4d18-9a1c-55c2f8c260b7,Pallavi Lad,7906597215,,10 Mitter Street,Jaipur,103209
b-2111,HN_88a866d9-2ecd-428f-a7e7-9a9499730b86,Nitesh Raja,6582471270,,319 Karpe Ganj,Kochi,996689
b-2112,HN_937b2760-1a15-4196-a009-b8d9e1a63123,Damyanti Joshi,7448640384,,299 Mitter Path,Hyderabad,448167
b-2113,HN_8b1fb864-eaaf-46b6-8f56-aef82aedb927,Harsh Sharaf,8203893675,,268 Bali Nagar,Nagpur,695527
b-2114,HN_923ddacf-bcb3-4621-aaf7-deeeb3268693,Manan Kala,9349536138,,328 Deo Circle,Chandigarh,126099
b-2115,HN_0e68fa17-c574-4a90-88bf-6aae43c54c84,Triya Narain,9809563575,,218 Sethi Path,Delhi,164826
b-2116,HN_179d1292-a244-425b-938f-fdfdf27b512e,Hredhaan Sood,7018922290,,11 Chacko Ganj,Lucknow,487611
b-2117,HN_a0e1dc18-bbca-485c-8baa-8efaea1ebc16,Imaran Reddy,9780199710,,346 Bali Road,Mumbai,278182
b-2118,HN_3e5e1a54-700c-45b0-88d0-2633812c536a,Wridesh Kannan,9187684219,,414 Bali Road,Jaipur,313173
b-2119,HN_a898e57f-f12b-4f51-a254-77be1fa99101,Amol Vora,7813622137,,348 Gola Ganj,Mumbai,308480
b-2120,HN_ee68124b-c1f4-441e-a69b-10a0ea1067ab,Triveni Keer,8257175929,,287 Pathak Path,Chandigarh,965696
b-2121,HN_b47b51bb-0625-43ba-912f-92995f54ab64,Rachit Sathe,6691366656,,37 Golla Road,Pune,649301
b-2122,HN_8447bc00-ce65-4247-89d4-f184b8b0a7b0,Amara Pandya,7513167036,,309 Batta Zila,Kolkata,277099
b-2123,HN_127244bd-7f31-42c8-bfdf-4cc5a4c66123,Ayush Bhandari,8989903800,,317 Talwar Street,Delhi,723529
b-2124,HN_270b0648-c5f1-4161-83d9-ea9e6b91628c,Vamakshi Lala,6927926064,,336 Dugal,Lucknow,658856
b-2125,HN_2efc4f7b-ac30-4658-8da0-b9e64e4c77e8,Sneha Karan,9325617985,,162 Bhat Circle,Pune,886974
b-2126,HN_f071cb17-9968-4e89-9de8-2eb5983bb5d3,Indira Pall,8244300523,,25 Malhotra Path,Nagpur,217723
b-2127,HN_caa6f357-0af6-40ef-b0e0-46b52684e8fa,Alka Lal,6374663908,,191 Ray Street,Jaipur,337428
b-2128,HN_0a1adaa7-c7a9-4679-b72f-60fa897edf02,Jagat Bose,8104761696,,22 Krishnan Road,Kochi,446688
b-2129,HN_01dd3942-16dd-4104-802d-4b904d6df3bb,Frado Ahluwalia,7517603190,,11 Shukla Path,Bengaluru,525702
b-2130,HN_0165d284-61e7-4850-9320-16ed7c7d1f34,Irya Solanki,7105924970,,72 Bansal Road,Kochi,358151
b-2131,HN_81856a0a-fd07-496b-bbd6-537f0704a69f,Raagini Yohannan,7853044087,,419 Chahal Chowk,Chennai,680866
b-2132,HN_477d523c-31f3-4c9a-9219-f6226ca43420,Simon Pingle,7126851974,,482 Sehgal Street,Bengaluru,834855
b-2133,HN_32a6ffeb-e69f-402b-a468-6fa6e8e05368,Matthew Bal,7668473447,,40 Tata Street,Hyderabad,965133
b-2134,HN_cef5a423-db83-46c7-a50c-bafd4d0b7251,Mekhala Vora,7253397158,,305 Tripathi Circle,Ahmedabad,963165
b-2135,HN_e1d4dd7c-d491-4526-abba-6b7c16aed57e,Yadavi Virk,6110228224,,95 Yadav Chowk,Pune,955870
b-2136,HN_c835d316-03c9-48be-bdad-86d00d82450c,Raagini Shroff,9798696841,,266 Sathe Chowk,Hyderabad,207057
b-2137,HN_75d847a9-08ab-4f2c-a0bb-1582f77f77b8,Yashoda Wali,7525625752,,396 Karpe Marg,Lucknow,414416
b-2138,HN_131080e5-001e-4c3f-9be1-11c9155763d9,Gauri Sagar,8314029009,,293 Mannan Chowk,Kochi,899899
b-2139,HN_d33aa4b9-56fc-4c4a-9c43-ba1c87e61583,Chatresh More,6799302716,,383 Swaminathan Street,Delhi,867704
b-2140,HN_500b7dff-1f05-4226-9cc5-50f95943261a,Ridhi Raj,7964441674,,455 Dhingra Ganj,Pune,618960
b-2141,HN_7b57bd71-ccaa-46a6-ab01-52231dd85404,Anjali Chopra,8693513211,,446 Majumdar Street,Kolkata,556062
b-2142,HN_89504f0b-0ec0-4e4b-a610-b50d28c5335b,Kala Lalla,9202466094,,352 Dyal Street,Bhopal,396003
b-2143,HN_2265d150-121c-4fed-83a9-642f7474edc2,Guneet Wason,7589578575,,110 Mani Ganj,Kolkata,832493
b-2144,HN_d101788c-c0bb-4de4-8ba5-6c5e90a6dd31,Chandran Cheema,8374609741,,368 Sagar Road,Ahmedabad,645497
b-2145,HN_cf7fbcfb-855e-4d90-bd78-7676add75eec,Lavanya Chakraborty,6470726407,,476 Pant Ganj,Chennai,761411
b-2146,HN_87c939ac-423f-4653-b060-d009361bf767,Pahal Mand,7247661065,,130 Sodhi Nagar,Bhopal,154594
b-2147,HN_588c13a1-2103-4c5c-9c2b-801be18fc259,Rishi Date,8430136535,,157 Chauhan Chowk,Kochi,302659
b-2148,HN_535eab3a-becf-4b13-9bd1-974a082f0e2b,Chaitaly Pandya,6002192662,,189 Bath,Kolkata,611901
b-2149,HN_c1b25f25-1ec8-4a31-8cf4-2fe1591ba16a,Ranbir Puri,7117307195,,174 Chawla Road,Lucknow,209011
b-2150,HN_daf8ae8c-f5a5-48b4-8dae-c6386c3716ac,Neha Gaba,6915710590,,462 Tiwari Street,Bengaluru,462929
b-2151,HN_213da992-e4f8-4f62-9751-e7e6a827a209,Patrick Apte,7692051274,,388 Kadakia Road,Hyderabad,654543
b-2152,HN_10b001e8-87a8-4e6a-8c57-27e1af3f198b,Anya Bhatnagar,6955280128,,126 Mittal Chowk,Chandigarh,476716
b-2153,HN_a204d3d0-b653-4e40-8389-7e8c3ebfe568,Wakeeta Mody,8702884129,,38 Nazareth Zila,Bhopal,437405
b-2154,HN_9568516f-e7b4-4177-afe2-af035d57bba6,Zilmil Devi,7669157380,,395 Karpe Zila,Nagpur,624056
b-2155,HN_2b2545c9-932f-45cf-9cf3-e7400d171bed,Rachita Singh,8237326152,,269 Vala Chowk,Delhi,172254
b-2156,HN_f6d59d51-adf9-4270-a0ae-9fbb6f9ec639,Ikbal Mody,9347083831,,285 Sharaf Street,Bhopal,557317
b-2157,HN_43005f1b-9a13-4ccf-a8c7-5206211efaa3,Chandresh Bhasin,8219213929,,431 Subramanian,Pune,673549
b-2158,HN_1bc585c1-4ade-4160-9e70-c7cb497d7258,Yuvraj Apte,7804001777,,275 Parsa Road,Delhi,614187
b-2159,HN_d5ae04fe-4902-4192-b20d-cd3242f8a179,Indrajit Jain,7085194772,,288 Nazareth Marg,Nagpur,918111
b-2160,HN_f83d4de5-da5b-4dea-83ac-dbf047b2d433,Theodore Palla,6660715501,,265 Dhillon Nagar,Kochi,598966
b-2161,HN_e5533c8a-8452-4d6b-aa59-78790d66afb4,Ishwar Setty,8829496301,,466 Zachariah Path,Ahmedabad,903286
b-2162,HN_596e339f-1bdd-4aaa-9050-ff224a1a44eb,Chatresh Das,9698145551,,301 Palla Circle,Chandigarh,428268
b-2163,HN_accbabf8-a53b-4aab-bf24-0fce99231559,Balendra Bhatt,7576192830,,294 Kapadia Road,Gurugram,535996
b-2164,HN_ce815397-cd55-4c40-a85b-ebee6701be82,Amaira Babu,6829835312,,442 Jhaveri Ganj,Kolkata,988495
b-2165,HN_ba0da2de-6e7b-434d-a23f-8eed971a7eba,William Tak,9085988049,,480 Sheth Circle,Hyderabad,895664
b-2166,HN_319d6345-93b7-4d41-b463-d9aa8131e853,Dominic Jaggi,7180122095,,444 Sawhney Zila,Pune,932255
b-2167,HN_8d364a7d-f300-4d22-abf3-2ea225bde517,Harrison Bhasin,9546753831,,149 Parekh Nagar,Chandigarh,331066
b-2168,HN_f811d34a-1652-4ac9-8e05-9913457b4469,Anya Zacharia,7269083104,,100 Walla Street,Nagpur,698193
b-2169,HN_3ed8d33d-8036-4a3e-b7c9-d92f2f085d24,Upkaar Dave,9504038321,,36 Ramesh Zila,Delhi,992703
b-2170,HN_b6ab0022-71e2-4539-b8b5-d4e83b058887,Nidhi Rao,8997610577,,252 Gade Zila,Hyderabad,788175
b-2171,HN_f12edd9b-7033-49d4-88d9-95c6946075bc,Manya Oza,7301407339,,341 Dhillon Zila,Lucknow,780037
b-2172,HN_4b064c0f-3c9b-4897-beb2-5699f7ef62f5,Maya Gandhi,8354623795,,344 Dewan,Chennai,245903
b-2173,HN_bf444c54-336d-4c10-b30a-43f05c592eeb,Harrison Kala,8952372681,,296 Ghose Nagar,Chennai,367841
b-2174,HN_45793587-fb37-4342-9c69-747f37571731,Thomas Rana,6037814372,,425 Gade Ganj,Jaipur,755052
b-2175,HN_17874165-b62d-4ea6-ad98-0f4ed6c9b5dd,Amrita Gara,8256401248,,465 Nanda Nagar,Gurugram,353908
b-2176,HN_f6f76f06-956c-47f1-a52d-6d87cf137df8,Warhi Mangal,6763872161,,347 Batta Path,Kolkata,303200
b-2177,HN_0c027a86-e60d-4bfb-af83-07becc3bc04f,Samesh Bora,7088994033,,3 Bajwa Street,Nagpur,968309
b-2178,HN_0154f84c-f7d9-4ace-bc91-31cf95892501,Onveer Bhagat,6201201271,,382 Sampath Circle,Kochi,171650
b-2179,HN_bba634eb-ea7d-42f9-af46-4456357fa805,Samar Sethi,8652098858,,38 Bhavsar Path,Delhi,400952
b-2180,HN_929e2708-7408-41ce-ac86-ec1b42b432c3,Idika Panchal,7333299882,,365 Ratta Circle,Hyderabad,522820
b-2181,HN_85e0fedd-58d8-4c76-81a1-de290fbcf6be,Bhavna Dayal,6119581535,,142 Thakkar Marg,Mumbai,513013
b-2182,HN_8d637bab-c6df-4081-9a49-c6122555d7d0,Bhavna Varughese,6858677024,,361 Varkey Path,Kochi,991980
b-2183,HN_168320b5-42d5-4141-badb-0473e04b210b,Aarush Mutti,8590764199,,141 Buch Street,Jaipur,265887
b-2184,HN_81890c57-000e-47b2-8298-b91ba0ddf500,Girindra Parmar,6010336188,,263 Merchant Marg,Chandigarh,689617
b-2185,HN_505b3fb3-84aa-46f1-95a2-243185ec8dc8,Qasim Mukhopadhyay,8203708942,,56 Chahal Nagar,Chandigarh,586045
b-2186,HN_c05afbcf-66df-4b40-8b00-4b3523b943b7,Yahvi Viswanathan,6929746969,,11 Rai,Gurugram,309448
b-2187,HN_144f09eb-04d0-4adb-9516-2debc4beb9ee,Vansha Rege,8168734925,,237 Deshmukh Street,Bengaluru,299337
b-2188,HN_c77086d6-7ace-4d7d-817f-d71bd7ded0d4,Dalaja Bakshi,9177820819,,380 Konda Road,Mumbai,796559
b-2189,HN_c7ab2bb6-6c64-4464-9a6f-115ff830a0ab,William Sinha,7470500013,,453 Saran,Chennai,593385
b-2190,HN_b94a6405-4ed5-44cb-9c7f-bd6804049975,Onkar Rastogi,9521985873,,398 Bail Zila,Hyderabad,941523
b-2191,HN_4cbde499-7b65-42e0-9b28-72207476c768,Divya Baria,7489766651,,145 Singhal Street,Kolkata,376898
b-2192,HN_29ad2de5-ec16-4dbf-9ee5-8158a95e2e85,Ekaraj Dhillon,7827343827,,492 Saran Circle,Ahmedabad,718844
b-2193,HN_7416a906-1afb-46c3-820a-ec78473e59e9,Ojas Tailor,7524872203,,64 Thaman Circle,Pune,513378
b-2194,HN_6f3faead-9357-407f-9233-100be1f4b81f,Rachit Nazareth,9497518671,,410 Mall Marg,Gurugram,196662
b-2195,HN_be99f4f0-7a66-485a-81f7-1068e3a52289,Gaurangi Sampath,7557818693,,37 Sur Street,Jaipur,182330
b-2196,HN_fe33b78e-e61a-4b27-922c-e359432178da,Tamanna Dhillon,9231578934,,57 Behl Street,Nagpur,127937
b-2197,HN_39916493-d88d-49ca-b66c-e9f545b9ab25,Lucky Ganesan,8964568222,,337 Mistry,Jaipur,859195
b-2198,HN_ccc9e83f-2ad4-4224-8cc5-27984b7787aa,Agastya Palla,8691900545,,317 Mane Road,Bengaluru,476052
b-2199,HN_861f52fe-b659-4d6b-bd4b-00d9f98bd6ae,Urvi Chacko,6837038804,,258 Mishra Marg,Delhi,725114
