id_A,id_B,probability,decision,name_jaro,name_levenshtein,name_token_sort,name_token_set,name_token_jaccard,name_exact,name_initial_comp,name_phonetic,name_len_diff,name_missing,address_token_set,address_token_jaccard,address_house_num,address_missing,phone_exact,phone_edit_dist_le_1,phone_last_7,phone_missing,email_exact,email_local_jaro,email_domain,email_missing,city_exact,city_jaro,city_missing,postcode_exact,postcode_first_3,postcode_missing
a-1831,b-1282,1.0,MATCH,0.9666666666666666,0.9166666666666665,0.5833333333333333,0.9166666666666667,0.3333333333333333,0.0,0.0,0.0,0,0,0.9166666666666667,0.5,0.0,0,0.0,1.0,0.0,0,0.0,1.0,0.0,0,1.0,1.0,0,,,1
a-447,b-304,1.0,MATCH,1.0,1.0,1.0,1.0,1.0,1.0,1.0,1.0,0,0,1.0,1.0,1.0,0,1.0,1.0,1.0,0,1.0,1.0,1.0,0,1.0,1.0,0,,,1
a-1962,b-1371,1.0,MATCH,0.6254901960784314,0.5294117647058824,1.0,1.0,1.0,0.0,0.0,0.0,0,0,1.0,1.0,1.0,0,1.0,1.0,1.0,0,1.0,1.0,1.0,0,1.0,1.0,0,,,1
a-1006,b-697,1.0,MATCH,0.9047619047619048,0.8333333333333335,0.8333333333333335,1.0,0.5,0.0,0.0,0.0,2,0,1.0,1.0,1.0,0,1.0,1.0,1.0,0,0.0,0.9666666666666667,1.0,0,1.0,1.0,0,,,1
a-1585,b-1107,1.0,MATCH,1.0,1.0,1.0,1.0,1.0,1.0,1.0,1.0,0,0,1.0,1.0,1.0,0,1.0,1.0,1.0,0,,,,1,1.0,1.0,0,,,1
a-764,b-520,1.0,MATCH,1.0,1.0,1.0,1.0,1.0,1.0,1.0,1.0,0,0,0.967741935483871,0.5,0.0,0,1.0,1.0,1.0,0,1.0,1.0,1.0,0,1.0,1.0,0,,,1
a-332,b-225,1.0,MATCH,1.0,1.0,1.0,1.0,1.0,1.0,1.0,1.0,0,0,1.0,1.0,1.0,0,1.0,1.0,1.0,0,1.0,1.0,1.0,0,1.0,1.0,0,,,1
a-130,b-89,1.0,MATCH,1.0,1.0,1.0,1.0,1.0,1.0,1.0,1.0,0,0,0.967741935483871,0.5,1.0,0,0.0,1.0,0.0,0,1.0,1.0,1.0,0,1.0,1.0,0,,,1
a-98,b-63,1.0,MATCH,0.5462962962962963,0.5555555555555556,1.0,1.0,1.0,0.0,0.0,0.0,0,0,1.0,1.0,1.0,0,0.0,0.0,0.0,0,1.0,1.0,1.0,0,1.0,1.0,0,,,1
a-1859,b-1300,1.0,MATCH,0.5555555555555555,0.4444444444444444,1.0,1.0,1.0,0.0,0.0,0.0,0,0,1.0,1.0,1.0,0,0.0,1.0,1.0,0,1.0,1.0,1.0,0,1.0,1.0,0,,,1
a-8,b-6,1.0,MATCH,0.4551282051282051,0.4615384615384615,1.0,1.0,1.0,0.0,0.0,0.0,0,0,0.9285714285714286,0.5,1.0,0,1.0,1.0,1.0,0,1.0,1.0,1.0,0,1.0,1.0,0,,,1
a-1519,b-1055,1.0,MATCH,0.8139097744360902,0.8484848484848484,0.8484848484848484,0.923076923076923,0.3333333333333333,0.0,1.0,0.0,5,0,1.0,1.0,1.0,0,1.0,1.0,1.0,0,1.0,1.0,1.0,0,1.0,1.0,0,,,1
a-119,b-80,1.0,MATCH,1.0,1.0,1.0,1.0,1.0,1.0,1.0,1.0,0,0,1.0,1.0,1.0,0,0.0,1.0,1.0,0,1.0,1.0,1.0,0,1.0,1.0,0,,,1
a-1583,b-1106,1.0,MATCH,1.0,1.0,1.0,1.0,1.0,1.0,1.0,1.0,0,0,1.0,1.0,1.0,0,1.0,1.0,1.0,0,,,,1,1.0,1.0,0,,,1
a-725,b-493,1.0,MATCH,1.0,1.0,1.0,1.0,1.0,1.0,1.0,1.0,0,0,1.0,1.0,1.0,0,1.0,1.0,1.0,0,1.0,1.0,1.0,0,1.0,1.0,0,,,1
a-229,b-158,1.0,MATCH,1.0,1.0,1.0,1.0,1.0,1.0,1.0,1.0,0,0,1.0,1.0,1.0,0,0.0,1.0,0.0,0,1.0,1.0,1.0,0,1.0,1.0,0,,,1
a-1648,b-1153,1.0,MATCH,1.0,1.0,1.0,1.0,1.0,1.0,1.0,1.0,0,0,1.0,1.0,1.0,0,1.0,1.0,1.0,0,1.0,1.0,1.0,0,1.0,1.0,0,,,1
a-1442,b-999,1.0,MATCH,0.6611111111111111,0.6956521739130435,0.6956521739130435,0.8571428571428571,0.3333333333333333,0.0,1.0,0.0,7,0,1.0,1.0,1.0,0,1.0,1.0,1.0,0,1.0,1.0,1.0,0,1.0,1.0,0,,,1
a-1591,b-1112,1.0,MATCH,1.0,1.0,1.0,1.0,1.0,1.0,1.0,1.0,0,0,1.0,1.0,1.0,0,1.0,1.0,1.0,0,1.0,1.0,1.0,0,1.0,1.0,0,,,1
a-1299,b-896,1.0,MATCH,1.0,1.0,1.0,1.0,1.0,1.0,1.0,1.0,0,0,1.0,1.0,1.0,0,1.0,1.0,1.0,0,1.0,1.0,1.0,0,1.0,1.0,0,,,1
a-1042,b-721,1.0,MATCH,0.9249999999999999,0.8571428571428572,0.8571428571428572,0.9090909090909091,0.3333333333333333,0.0,1.0,0.0,4,0,1.0,1.0,1.0,0,1.0,1.0,1.0,0,1.0,1.0,1.0,0,1.0,1.0,0,,,1
a-1374,b-950,1.0,MATCH,1.0,1.0,1.0,1.0,1.0,1.0,1.0,1.0,0,0,1.0,1.0,1.0,0,1.0,1.0,1.0,0,1.0,1.0,1.0,0,1.0,1.0,0,,,1
a-583,b-396,1.0,MATCH,0.5909090909090909,0.7058823529411764,0.7058823529411764,0.8,0.3333333333333333,0.0,1.0,0.0,5,0,1.0,1.0,1.0,0,1.0,1.0,1.0,0,1.0,1.0,1.0,0,1.0,1.0,0,,,1
a-960,b-665,1.0,MATCH,1.0,1.0,1.0,1.0,1.0,1.0,1.0,1.0,0,0,1.0,1.0,1.0,0,1.0,1.0,1.0,0,1.0,1.0,1.0,0,1.0,1.0,0,,,1
a-622,b-425,1.0,MATCH,1.0,1.0,1.0,1.0,1.0,1.0,1.0,1.0,0,0,1.0,1.0,1.0,0,1.0,1.0,1.0,0,0.0,1.0,0.0,0,1.0,1.0,0,,,1
a-1350,b-932,1.0,MATCH,1.0,1.0,1.0,1.0,1.0,1.0,1.0,1.0,0,0,1.0,1.0,1.0,0,1.0,1.0,1.0,0,0.0,0.9500000000000001,1.0,0,1.0,1.0,0,,,1
a-284,b-198,1.0,MATCH,1.0,1.0,1.0,1.0,1.0,1.0,1.0,1.0,0,0,1.0,1.0,1.0,0,1.0,1.0,1.0,0,0.0,1.0,0.0,0,1.0,1.0,0,,,1
a-1170,b-813,1.0,MATCH,1.0,1.0,1.0,1.0,1.0,1.0,1.0,1.0,0,0,1.0,1.0,1.0,0,1.0,1.0,1.0,0,,,,1,1.0,1.0,0,,,1
a-1896,b-1323,1.0,MATCH,1.0,1.0,1.0,1.0,1.0,1.0,1.0,1.0,0,0,1.0,1.0,1.0,0,1.0,1.0,1.0,0,0.0,0.9583333333333334,1.0,0,1.0,1.0,0,,,1
a-1914,b-1336,1.0,MATCH,1.0,1.0,1.0,1.0,1.0,1.0,1.0,1.0,0,0,0.95,0.2,1.0,0,1.0,1.0,1.0,0,1.0,1.0,1.0,0,1.0,1.0,0,,,1
a-1129,b-784,1.0,MATCH,1.0,1.0,1.0,1.0,1.0,1.0,1.0,1.0,0,0,1.0,1.0,1.0,0,1.0,1.0,1.0,0,,,,1,1.0,1.0,0,,,1
a-1728,b-1209,1.0,MATCH,1.0,1.0,1.0,1.0,1.0,1.0,1.0,1.0,0,0,1.0,1.0,1.0,0,1.0,1.0,1.0,0,0.0,0.9166666666666666,1.0,0,1.0,1.0,0,,,1
a-191,b-133,1.0,MATCH,1.0,1.0,1.0,1.0,1.0,1.0,1.0,1.0,0,0,0.923076923076923,0.5,1.0,0,1.0,1.0,1.0,0,0.0,0.9818181818181818,1.0,0,1.0,1.0,0,,,1
a-9,b-7,1.0,MATCH,1.0,1.0,1.0,1.0,1.0,1.0,1.0,1.0,0,0,1.0,1.0,1.0,0,1.0,1.0,1.0,0,1.0,1.0,1.0,0,1.0,1.0,0,,,1
a-159,b-110,1.0,MATCH,1.0,1.0,1.0,1.0,1.0,1.0,1.0,1.0,0,0,0.9629629629629629,0.5,1.0,0,1.0,1.0,1.0,0,0.0,1.0,0.0,0,1.0,1.0,0,,,1
a-523,b-350,1.0,MATCH,1.0,1.0,1.0,1.0,1.0,1.0,1.0,1.0,0,0,1.0,1.0,1.0,0,1.0,1.0,1.0,0,1.0,1.0,1.0,0,1.0,1.0,0,,,1
a-1216,b-845,1.0,MATCH,1.0,1.0,1.0,1.0,1.0,1.0,1.0,1.0,0,0,1.0,1.0,1.0,0,1.0,1.0,1.0,0,1.0,1.0,1.0,0,1.0,1.0,0,,,1
a-1894,b-1321,1.0,MATCH,1.0,1.0,1.0,1.0,1.0,1.0,1.0,1.0,0,0,0.9629629629629629,0.5,1.0,0,1.0,1.0,1.0,0,,,,1,1.0,1.0,0,,,1
a-1871,b-1307,1.0,MATCH,1.0,1.0,1.0,1.0,1.0,1.0,1.0,1.0,0,0,1.0,1.0,1.0,0,1.0,1.0,1.0,0,1.0,1.0,1.0,0,1.0,1.0,0,,,1
a-953,b-660,1.0,MATCH,1.0,1.0,1.0,1.0,1.0,1.0,1.0,1.0,0,0,1.0,1.0,1.0,0,1.0,1.0,1.0,0,1.0,1.0,1.0,0,1.0,1.0,0,,,1
a-1672,b-1168,1.0,MATCH,1.0,1.0,1.0,1.0,1.0,1.0,1.0,1.0,0,0,0.9166666666666667,0.5,1.0,0,1.0,1.0,1.0,0,1.0,1.0,1.0,0,1.0,1.0,0,,,1
a-345,b-234,1.0,MATCH,1.0,1.0,1.0,1.0,1.0,1.0,1.0,1.0,0,0,1.0,1.0,1.0,0,1.0,1.0,1.0,0,0.0,1.0,0.0,0,1.0,1.0,0,,,1
a-1072,b-744,1.0,MATCH,1.0,1.0,1.0,1.0,1.0,1.0,1.0,1.0,0,0,0.9655172413793103,0.5,0.0,0,1.0,1.0,1.0,0,1.0,1.0,1.0,0,1.0,1.0,0,,,1
a-404,b-274,1.0,MATCH,0.6892911010558068,0.5882352941176471,1.0,1.0,1.0,0.0,0.0,0.0,0,0,1.0,1.0,1.0,0,1.0,1.0,1.0,0,1.0,1.0,1.0,0,1.0,1.0,0,,,1
a-1817,b-1272,1.0,MATCH,1.0,1.0,1.0,1.0,1.0,1.0,1.0,1.0,0,0,1.0,1.0,1.0,0,1.0,1.0,1.0,0,,,,1,1.0,1.0,0,,,1
a-1407,b-976,1.0,MATCH,1.0,1.0,1.0,1.0,1.0,1.0,1.0,1.0,0,0,1.0,1.0,1.0,0,1.0,1.0,1.0,0,1.0,1.0,1.0,0,1.0,1.0,0,,,1
a-1693,b-1183,1.0,MATCH,0.9805555555555555,0.9166666666666665,0.9166666666666665,0.9166666666666667,0.3333333333333333,0.0,0.0,1.0,0,0,0.96,0.25,1.0,0,1.0,1.0,1.0,0,1.0,1.0,1.0,0,1.0,1.0,0,,,1
a-1260,b-870,1.0,MATCH,1.0,1.0,1.0,1.0,1.0,1.0,1.0,1.0,0,0,0.9629629629629629,0.5,1.0,0,1.0,1.0,1.0,0,1.0,1.0,1.0,0,1.0,1.0,0,,,1
a-984,b-677,1.0,MATCH,1.0,1.0,1.0,1.0,1.0,1.0,1.0,1.0,0,0,1.0,1.0,1.0,0,1.0,1.0,1.0,0,1.0,1.0,1.0,0,1.0,1.0,0,,,1
a-670,b-459,1.0,MATCH,1.0,1.0,1.0,1.0,1.0,1.0,1.0,1.0,0,0,1.0,1.0,1.0,0,1.0,1.0,1.0,0,,,,1,1.0,1.0,0,,,1
a-1949,b-1362,1.0,MATCH,1.0,1.0,1.0,1.0,1.0,1.0,1.0,1.0,0,0,1.0,1.0,1.0,0,1.0,1.0,1.0,0,0.0,0.9714285714285714,1.0,0,1.0,1.0,0,,,1
a-1823,b-1276,1.0,MATCH,0.9515151515151515,0.9090909090909091,0.9090909090909091,0.9090909090909091,0.3333333333333333,0.0,0.0,0.0,0,0,0.9565217391304348,0.5,1.0,0,1.0,1.0,1.0,0,1.0,1.0,1.0,0,1.0,1.0,0,,,1
a-698,b-479,1.0,MATCH,1.0,1.0,1.0,1.0,1.0,1.0,1.0,1.0,0,0,1.0,1.0,1.0,0,1.0,1.0,1.0,0,1.0,1.0,1.0,0,1.0,1.0,0,,,1
a-1226,b-851,1.0,MATCH,1.0,1.0,1.0,1.0,1.0,1.0,1.0,1.0,0,0,1.0,1.0,1.0,0,1.0,1.0,1.0,0,1.0,1.0,1.0,0,1.0,1.0,0,,,1
a-318,b-216,1.0,MATCH,0.7738095238095237,0.5625,1.0,1.0,1.0,0.0,0.0,0.0,0,0,1.0,1.0,1.0,0,0.0,1.0,1.0,0,1.0,1.0,1.0,0,1.0,1.0,0,,,1
a-789,b-540,1.0,MATCH,0.7942857142857144,0.8333333333333335,0.8333333333333335,0.8888888888888888,0.3333333333333333,0.0,1.0,0.0,4,0,1.0,1.0,1.0,0,1.0,1.0,1.0,0,1.0,1.0,1.0,0,1.0,1.0,0,,,1
a-186,b-130,1.0,MATCH,1.0,1.0,1.0,1.0,1.0,1.0,1.0,1.0,0,0,0.9375,0.5,1.0,0,1.0,1.0,1.0,0,1.0,1.0,1.0,0,1.0,1.0,0,,,1
a-975,b-672,1.0,MATCH,0.8681818181818182,0.9166666666666665,0.9166666666666665,0.9166666666666667,0.3333333333333333,0.0,0.0,0.0,0,0,1.0,1.0,1.0,0,0.0,1.0,1.0,0,0.0,1.0,0.0,0,1.0,1.0,0,,,1
a-1353,b-935,1.0,MATCH,1.0,1.0,1.0,1.0,1.0,1.0,1.0,1.0,0,0,1.0,1.0,1.0,0,1.0,1.0,1.0,0,0.0,1.0,0.0,0,1.0,1.0,0,,,1
a-1187,b-824,1.0,MATCH,1.0,1.0,1.0,1.0,1.0,1.0,1.0,1.0,0,0,1.0,1.0,1.0,0,1.0,1.0,1.0,0,0.0,0.9259259259259259,1.0,0,1.0,1.0,0,,,1
a-970,b-669,1.0,MATCH,0.7595238095238096,0.782608695652174,0.782608695652174,0.875,0.3333333333333333,0.0,1.0,0.0,5,0,1.0,1.0,1.0,0,1.0,1.0,1.0,0,1.0,1.0,1.0,0,1.0,1.0,0,,,1
a-900,b-623,1.0,MATCH,0.7263157894736842,0.5789473684210527,1.0,1.0,1.0,0.0,0.0,0.0,0,0,0.6923076923076923,0.2,1.0,0,1.0,1.0,1.0,0,1.0,1.0,1.0,0,1.0,1.0,0,,,1
a-251,b-176,1.0,MATCH,1.0,1.0,1.0,1.0,1.0,1.0,1.0,1.0,0,0,1.0,1.0,1.0,0,1.0,1.0,1.0,0,1.0,1.0,1.0,0,1.0,1.0,0,,,1
a-453,b-308,1.0,MATCH,0.8283653846153847,0.896551724137931,0.896551724137931,0.9166666666666667,0.3333333333333333,0.0,1.0,0.0,3,0,1.0,1.0,1.0,0,1.0,1.0,1.0,0,1.0,1.0,1.0,0,1.0,1.0,0,,,1
a-108,b-72,1.0,MATCH,1.0,1.0,1.0,1.0,1.0,1.0,1.0,1.0,0,0,0.9333333333333332,0.5,0.0,0,1.0,1.0,1.0,0,0.0,0.9523809523809524,1.0,0,1.0,1.0,0,,,1
a-573,b-389,1.0,MATCH,1.0,1.0,1.0,1.0,1.0,1.0,1.0,1.0,0,0,1.0,1.0,1.0,0,1.0,1.0,1.0,0,0.0,0.85,1.0,0,1.0,1.0,0,,,1
a-1192,b-829,1.0,MATCH,1.0,1.0,1.0,1.0,1.0,1.0,1.0,1.0,0,0,1.0,1.0,1.0,0,1.0,1.0,1.0,0,1.0,1.0,1.0,0,1.0,1.0,0,,,1
a-657,b-450,1.0,MATCH,1.0,1.0,1.0,1.0,1.0,1.0,1.0,1.0,0,0,1.0,1.0,1.0,0,1.0,1.0,1.0,0,1.0,1.0,1.0,0,1.0,1.0,0,,,1
a-1512,b-1050,1.0,MATCH,1.0,1.0,1.0,1.0,1.0,1.0,1.0,1.0,0,0,1.0,1.0,1.0,0,1.0,1.0,1.0,0,0.0,1.0,0.0,0,1.0,1.0,0,,,1
a-481,b-323,1.0,MATCH,0.7449494949494949,0.5217391304347826,0.9565217391304348,0.9565217391304348,0.3333333333333333,0.0,0.0,0.0,1,0,1.0,1.0,1.0,0,1.0,1.0,1.0,0,1.0,1.0,1.0,0,1.0,1.0,0,,,1
a-1870,b-1306,1.0,MATCH,0.45555555555555555,0.5714285714285714,0.5714285714285714,0.8,0.25,0.0,0.0,0.0,9,0,0.875,0.3333333333333333,0.0,0,0.0,1.0,0.0,0,1.0,1.0,1.0,0,1.0,1.0,0,,,1
a-585,b-397,1.0,MATCH,1.0,1.0,1.0,1.0,1.0,1.0,1.0,1.0,0,0,1.0,1.0,1.0,0,1.0,1.0,1.0,0,0.0,0.9611111111111111,1.0,0,1.0,1.0,0,,,1
a-1115,b-774,1.0,MATCH,1.0,1.0,1.0,1.0,1.0,1.0,1.0,1.0,0,0,1.0,1.0,1.0,0,1.0,1.0,1.0,0,1.0,1.0,1.0,0,1.0,1.0,0,,,1
a-1596,b-1117,1.0,MATCH,1.0,1.0,1.0,1.0,1.0,1.0,1.0,1.0,0,0,1.0,1.0,1.0,0,1.0,1.0,1.0,0,1.0,1.0,1.0,0,1.0,1.0,0,,,1
a-1294,b-892,1.0,MATCH,0.6111111111111112,0.5,1.0,1.0,1.0,0.0,0.0,0.0,0,0,1.0,1.0,1.0,0,1.0,1.0,1.0,0,,,,1,1.0,1.0,0,,,1
a-1109,b-768,1.0,MATCH,1.0,1.0,1.0,1.0,1.0,1.0,1.0,1.0,0,0,1.0,1.0,1.0,0,1.0,1.0,1.0,0,0.0,1.0,0.0,0,1.0,1.0,0,,,1
a-1884,b-1316,1.0,MATCH,0.8242857142857142,0.8235294117647058,0.8235294117647058,0.8333333333333333,0.3333333333333333,0.0,1.0,0.0,3,0,0.923076923076923,0.5,1.0,0,1.0,1.0,1.0,0,1.0,1.0,1.0,0,1.0,1.0,0,,,1
a-198,b-138,1.0,MATCH,1.0,1.0,1.0,1.0,1.0,1.0,1.0,1.0,0,0,1.0,1.0,1.0,0,0.0,1.0,0.0,0,1.0,1.0,1.0,0,1.0,1.0,0,,,1
a-468,b-317,1.0,MATCH,0.7892857142857144,0.736842105263158,0.736842105263158,0.8333333333333333,0.3333333333333333,0.0,1.0,0.0,5,0,1.0,1.0,1.0,0,0.0,1.0,0.0,0,1.0,1.0,1.0,0,1.0,1.0,0,,,1
a-990,b-682,1.0,MATCH,0.9794871794871796,0.96,0.96,0.96,0.3333333333333333,0.0,0.0,0.0,1,0,0.9629629629629629,0.5,0.0,0,0.0,1.0,0.0,0,1.0,1.0,1.0,0,1.0,1.0,0,,,1
a-1939,b-1354,1.0,MATCH,1.0,1.0,1.0,1.0,1.0,1.0,1.0,1.0,0,0,1.0,1.0,1.0,0,0.0,1.0,0.0,0,1.0,1.0,1.0,0,1.0,1.0,0,,,1
a-1759,b-1231,1.0,MATCH,1.0,1.0,1.0,1.0,1.0,1.0,1.0,1.0,0,0,0.967741935483871,0.5,1.0,0,1.0,1.0,1.0,0,1.0,1.0,1.0,0,1.0,1.0,0,,,1
a-1587,b-1108,1.0,MATCH,1.0,1.0,1.0,1.0,1.0,1.0,1.0,1.0,0,0,1.0,1.0,1.0,0,1.0,1.0,1.0,0,,,,1,1.0,1.0,0,,,1
a-241,b-168,1.0,MATCH,0.9857142857142858,0.962962962962963,0.962962962962963,0.9629629629629629,0.3333333333333333,0.0,0.0,1.0,1,0,1.0,1.0,1.0,0,0.0,1.0,0.0,0,1.0,1.0,1.0,0,1.0,1.0,0,,,1
a-692,b-476,1.0,MATCH,1.0,1.0,1.0,1.0,1.0,1.0,1.0,1.0,0,0,1.0,1.0,1.0,0,0.0,1.0,0.0,0,1.0,1.0,1.0,0,1.0,1.0,0,,,1
a-1592,b-1113,1.0,MATCH,0.9857142857142858,0.962962962962963,0.962962962962963,0.9629629629629629,0.3333333333333333,0.0,0.0,1.0,1,0,1.0,1.0,1.0,0,1.0,1.0,1.0,0,1.0,1.0,1.0,0,1.0,1.0,0,,,1
a-1907,b-1331,1.0,MATCH,0.814027149321267,0.8666666666666667,0.8666666666666667,0.9166666666666667,0.3333333333333333,0.0,1.0,0.0,4,0,1.0,1.0,1.0,0,1.0,1.0,1.0,0,1.0,1.0,1.0,0,1.0,1.0,0,,,1
a-1017,b-702,1.0,MATCH,0.9818181818181818,0.9523809523809522,0.9523809523809522,0.9523809523809524,0.3333333333333333,0.0,0.0,0.0,1,0,1.0,1.0,1.0,0,1.0,1.0,1.0,0,1.0,1.0,1.0,0,1.0,1.0,0,,,1
a-274,b-193,1.0,MATCH,1.0,1.0,1.0,1.0,1.0,1.0,1.0,1.0,0,0,0.7857142857142857,0.2,0.0,0,1.0,1.0,1.0,0,1.0,1.0,1.0,0,1.0,1.0,0,,,1
a-1992,b-1395,1.0,MATCH,1.0,1.0,1.0,1.0,1.0,1.0,1.0,1.0,0,0,1.0,1.0,1.0,0,1.0,1.0,1.0,0,1.0,1.0,1.0,0,1.0,1.0,0,,,1
a-1711,b-1195,1.0,MATCH,1.0,1.0,1.0,1.0,1.0,1.0,1.0,1.0,0,0,1.0,1.0,1.0,0,1.0,1.0,1.0,0,1.0,1.0,1.0,0,1.0,1.0,0,,,1
a-1699,b-1188,1.0,MATCH,1.0,1.0,1.0,1.0,1.0,1.0,1.0,1.0,0,0,1.0,1.0,1.0,0,1.0,1.0,1.0,0,1.0,1.0,1.0,0,1.0,1.0,0,,,1
a-1869,b-1305,1.0,MATCH,1.0,1.0,1.0,1.0,1.0,1.0,1.0,1.0,0,0,0.9166666666666667,0.5,1.0,0,0.0,1.0,0.0,0,1.0,1.0,1.0,0,1.0,1.0,0,,,1
a-460,b-311,1.0,MATCH,1.0,1.0,1.0,1.0,1.0,1.0,1.0,1.0,0,0,1.0,1.0,1.0,0,1.0,1.0,1.0,0,1.0,1.0,1.0,0,1.0,1.0,0,,,1
a-996,b-687,1.0,MATCH,1.0,1.0,1.0,1.0,1.0,1.0,1.0,1.0,0,0,1.0,1.0,1.0,0,1.0,1.0,1.0,0,1.0,1.0,1.0,0,1.0,1.0,0,,,1
a-759,b-517,1.0,MATCH,0.9757575757575758,0.9523809523809522,0.9523809523809522,0.9523809523809524,0.3333333333333333,0.0,0.0,0.0,1,0,1.0,1.0,1.0,0,0.0,1.0,0.0,0,1.0,1.0,1.0,0,1.0,1.0,0,,,1
a-1489,b-1033,1.0,MATCH,1.0,1.0,1.0,1.0,1.0,1.0,1.0,1.0,0,0,1.0,1.0,1.0,0,1.0,1.0,1.0,0,1.0,1.0,1.0,0,1.0,1.0,0,,,1
a-102,b-67,1.0,MATCH,0.47985347985347987,0.7,0.7,0.8333333333333333,0.3333333333333333,0.0,1.0,0.0,6,0,1.0,1.0,1.0,0,1.0,1.0,1.0,0,0.0,0.9666666666666667,1.0,0,1.0,1.0,0,,,1
a-1953,b-1365,1.0,MATCH,1.0,1.0,1.0,1.0,1.0,1.0,1.0,1.0,0,0,1.0,1.0,1.0,0,1.0,1.0,1.0,0,1.0,1.0,1.0,0,1.0,1.0,0,,,1
a-40,b-29,1.0,MATCH,1.0,1.0,1.0,1.0,1.0,1.0,1.0,1.0,0,0,1.0,1.0,1.0,0,0.0,1.0,0.0,0,1.0,1.0,1.0,0,1.0,1.0,0,,,1
a-239,b-166,1.0,MATCH,1.0,1.0,1.0,1.0,1.0,1.0,1.0,1.0,0,0,0.96,0.25,1.0,0,1.0,1.0,1.0,0,0.0,0.96,1.0,0,1.0,1.0,0,,,1
a-1809,b-1269,1.0,MATCH,1.0,1.0,1.0,1.0,1.0,1.0,1.0,1.0,0,0,1.0,1.0,1.0,0,1.0,1.0,1.0,0,0.0,1.0,0.0,0,1.0,1.0,0,,,1
a-1114,b-773,1.0,MATCH,1.0,1.0,1.0,1.0,1.0,1.0,1.0,1.0,0,0,1.0,1.0,1.0,0,1.0,1.0,1.0,0,0.0,1.0,0.0,0,1.0,1.0,0,,,1
a-931,b-645,1.0,MATCH,1.0,1.0,1.0,1.0,1.0,1.0,1.0,1.0,0,0,0.923076923076923,0.5,0.0,0,1.0,1.0,1.0,0,1.0,1.0,1.0,0,1.0,1.0,0,,,1
a-1917,b-1339,1.0,MATCH,1.0,1.0,1.0,1.0,1.0,1.0,1.0,1.0,0,0,1.0,1.0,1.0,0,1.0,1.0,1.0,0,1.0,1.0,1.0,0,1.0,1.0,0,,,1
a-1059,b-734,1.0,MATCH,0.7000000000000001,0.4444444444444444,0.8888888888888888,1.0,0.6666666666666666,0.0,0.0,0.0,3,0,1.0,1.0,1.0,0,1.0,1.0,1.0,0,,,,1,1.0,1.0,0,,,1
a-271,b-191,1.0,MATCH,0.7056277056277057,0.5714285714285714,1.0,1.0,1.0,0.0,0.0,0.0,0,0,0.9655172413793103,0.5,1.0,0,1.0,1.0,1.0,0,0.0,0.9571428571428572,1.0,0,1.0,1.0,0,,,1
a-1402,b-971,1.0,MATCH,1.0,1.0,1.0,1.0,1.0,1.0,1.0,1.0,0,0,1.0,1.0,1.0,0,1.0,1.0,1.0,0,1.0,1.0,1.0,0,1.0,1.0,0,,,1
a-904,b-627,1.0,MATCH,1.0,1.0,1.0,1.0,1.0,1.0,1.0,1.0,0,0,1.0,1.0,1.0,0,1.0,1.0,1.0,0,1.0,1.0,1.0,0,1.0,1.0,0,,,1
a-265,b-186,1.0,MATCH,1.0,1.0,1.0,1.0,1.0,1.0,1.0,1.0,0,0,1.0,1.0,1.0,0,1.0,1.0,1.0,0,1.0,1.0,1.0,0,1.0,1.0,0,,,1
a-582,b-395,1.0,MATCH,1.0,1.0,1.0,1.0,1.0,1.0,1.0,1.0,0,0,1.0,1.0,1.0,0,1.0,1.0,1.0,0,1.0,1.0,1.0,0,1.0,1.0,0,,,1
a-183,b-127,1.0,MATCH,1.0,1.0,1.0,1.0,1.0,1.0,1.0,1.0,0,0,1.0,1.0,1.0,0,1.0,1.0,1.0,0,0.0,0.9714285714285714,1.0,0,1.0,1.0,0,,,1
a-512,b-342,1.0,MATCH,0.6111111111111112,0.5,0.9166666666666665,0.9166666666666667,0.3333333333333333,0.0,0.0,0.0,0,0,0.9411764705882354,0.5,1.0,0,1.0,1.0,1.0,0,0.0,0.9714285714285714,1.0,0,1.0,1.0,0,,,1
a-1725,b-1206,1.0,MATCH,1.0,1.0,1.0,1.0,1.0,1.0,1.0,1.0,0,0,0.95,0.5,1.0,0,1.0,1.0,1.0,0,1.0,1.0,1.0,0,1.0,1.0,0,,,1
a-847,b-583,1.0,MATCH,1.0,1.0,1.0,1.0,1.0,1.0,1.0,1.0,0,0,1.0,1.0,1.0,0,1.0,1.0,1.0,0,,,,1,1.0,1.0,0,,,1
a-1946,b-1360,1.0,MATCH,1.0,1.0,1.0,1.0,1.0,1.0,1.0,1.0,0,0,0.923076923076923,0.5,1.0,0,1.0,1.0,1.0,0,1.0,1.0,1.0,0,1.0,1.0,0,,,1
a-1996,b-1398,1.0,MATCH,1.0,1.0,1.0,1.0,1.0,1.0,1.0,1.0,0,0,1.0,1.0,1.0,0,1.0,1.0,1.0,0,0.0,1.0,0.0,0,1.0,1.0,0,,,1
a-1405,b-974,1.0,MATCH,1.0,1.0,1.0,1.0,1.0,1.0,1.0,1.0,0,0,0.967741935483871,0.25,1.0,0,1.0,1.0,1.0,0,,,,1,1.0,1.0,0,,,1
a-1171,b-814,1.0,MATCH,0.48888888888888893,0.5333333333333333,1.0,1.0,1.0,0.0,0.0,0.0,0,0,1.0,1.0,1.0,0,1.0,1.0,1.0,0,1.0,1.0,1.0,0,1.0,1.0,0,,,1
a-185,b-129,1.0,MATCH,0.6617826617826618,0.7,0.7,0.8333333333333333,0.3333333333333333,0.0,1.0,0.0,6,0,1.0,1.0,1.0,0,0.0,1.0,0.0,0,1.0,1.0,1.0,0,1.0,1.0,0,,,1
a-1125,b-781,1.0,MATCH,1.0,1.0,1.0,1.0,1.0,1.0,1.0,1.0,0,0,1.0,1.0,1.0,0,0.0,1.0,0.0,0,,,,1,1.0,1.0,0,,,1
a-1836,b-1284,1.0,MATCH,0.7056277056277057,0.5714285714285714,1.0,1.0,1.0,0.0,0.0,0.0,0,0,0.9090909090909091,0.3333333333333333,1.0,0,1.0,1.0,1.0,0,1.0,1.0,1.0,0,1.0,1.0,0,,,1
a-578,b-391,1.0,MATCH,1.0,1.0,1.0,1.0,1.0,1.0,1.0,1.0,0,0,0.8125,0.2,0.0,0,1.0,1.0,1.0,0,,,,1,1.0,1.0,0,,,1
a-259,b-180,1.0,MATCH,0.6363636363636364,0.5454545454545454,1.0,1.0,1.0,0.0,0.0,0.0,0,0,1.0,1.0,1.0,0,1.0,1.0,1.0,0,1.0,1.0,1.0,0,1.0,1.0,0,,,1
a-120,b-81,1.0,MATCH,1.0,1.0,1.0,1.0,1.0,1.0,1.0,1.0,0,0,1.0,1.0,1.0,0,0.0,1.0,0.0,0,0.0,1.0,0.0,0,1.0,1.0,0,,,1
a-86,b-57,1.0,MATCH,1.0,1.0,1.0,1.0,1.0,1.0,1.0,1.0,0,0,0.9696969696969697,0.5,1.0,0,1.0,1.0,1.0,0,1.0,1.0,1.0,0,1.0,1.0,0,,,1
a-1416,b-984,1.0,MATCH,1.0,1.0,1.0,1.0,1.0,1.0,1.0,1.0,0,0,1.0,1.0,1.0,0,1.0,1.0,1.0,0,1.0,1.0,1.0,0,1.0,1.0,0,,,1
a-1448,b-1004,1.0,MATCH,0.6363636363636364,0.4545454545454546,1.0,1.0,1.0,0.0,0.0,0.0,0,0,0.9655172413793103,0.5,1.0,0,1.0,1.0,1.0,0,1.0,1.0,1.0,0,1.0,1.0,0,,,1
a-428,b-291,1.0,MATCH,1.0,1.0,1.0,1.0,1.0,1.0,1.0,1.0,0,0,1.0,1.0,1.0,0,0.0,1.0,0.0,0,1.0,1.0,1.0,0,1.0,1.0,0,,,1
a-1737,b-1217,1.0,MATCH,0.5151515151515151,0.4545454545454546,1.0,1.0,1.0,0.0,0.0,0.0,0,0,1.0,1.0,1.0,0,0.0,0.0,1.0,0,0.0,0.9666666666666667,1.0,0,1.0,1.0,0,,,1
a-1106,b-766,1.0,MATCH,1.0,1.0,1.0,1.0,1.0,1.0,1.0,1.0,0,0,0.923076923076923,0.2,1.0,0,1.0,1.0,1.0,0,,,,1,1.0,1.0,0,,,1
a-128,b-87,1.0,MATCH,1.0,1.0,1.0,1.0,1.0,1.0,1.0,1.0,0,0,1.0,1.0,1.0,0,1.0,1.0,1.0,0,0.0,1.0,0.0,0,1.0,1.0,0,,,1
a-627,b-429,1.0,MATCH,1.0,1.0,1.0,1.0,1.0,1.0,1.0,1.0,0,0,1.0,1.0,1.0,0,1.0,1.0,1.0,0,1.0,1.0,1.0,0,1.0,1.0,0,,,1
a-319,b-217,1.0,MATCH,1.0,1.0,1.0,1.0,1.0,1.0,1.0,1.0,0,0,1.0,1.0,1.0,0,1.0,1.0,1.0,0,1.0,1.0,1.0,0,1.0,1.0,0,,,1
a-1690,b-1181,1.0,MATCH,1.0,1.0,1.0,1.0,1.0,1.0,1.0,1.0,0,0,1.0,1.0,1.0,0,1.0,1.0,1.0,0,1.0,1.0,1.0,0,1.0,1.0,0,,,1
a-1803,b-1265,1.0,MATCH,1.0,1.0,1.0,1.0,1.0,1.0,1.0,1.0,0,0,1.0,1.0,1.0,0,0.0,1.0,1.0,0,0.0,1.0,0.0,0,1.0,1.0,0,,,1
a-1661,b-1161,1.0,MATCH,1.0,1.0,1.0,1.0,1.0,1.0,1.0,1.0,0,0,0.923076923076923,0.5,1.0,0,0.0,1.0,0.0,0,1.0,1.0,1.0,0,1.0,1.0,0,,,1
a-658,b-451,1.0,MATCH,1.0,1.0,1.0,1.0,1.0,1.0,1.0,1.0,0,0,1.0,1.0,1.0,0,0.0,1.0,1.0,0,1.0,1.0,1.0,0,1.0,1.0,0,,,1
a-1080,b-750,1.0,MATCH,1.0,1.0,1.0,1.0,1.0,1.0,1.0,1.0,0,0,0.9285714285714286,0.5,1.0,0,1.0,1.0,1.0,0,1.0,1.0,1.0,0,1.0,1.0,0,,,1
a-331,b-224,1.0,MATCH,1.0,1.0,1.0,1.0,1.0,1.0,1.0,1.0,0,0,1.0,1.0,1.0,0,1.0,1.0,1.0,0,,,,1,1.0,1.0,0,,,1
a-1539,b-1071,1.0,MATCH,0.9857142857142858,0.9285714285714286,0.9285714285714286,0.9285714285714286,0.3333333333333333,0.0,0.0,0.0,0,0,1.0,1.0,1.0,0,1.0,1.0,1.0,0,1.0,1.0,1.0,0,1.0,1.0,0,,,1
a-549,b-370,1.0,MATCH,1.0,1.0,1.0,1.0,1.0,1.0,1.0,1.0,0,0,1.0,1.0,1.0,0,0.0,1.0,1.0,0,1.0,1.0,1.0,0,1.0,1.0,0,,,1
a-1686,b-1177,1.0,MATCH,1.0,1.0,1.0,1.0,1.0,1.0,1.0,1.0,0,0,1.0,1.0,1.0,0,1.0,1.0,1.0,0,1.0,1.0,1.0,0,1.0,1.0,0,,,1
a-157,b-108,1.0,MATCH,1.0,1.0,1.0,1.0,1.0,1.0,1.0,1.0,0,0,1.0,1.0,1.0,0,1.0,1.0,1.0,0,1.0,1.0,1.0,0,1.0,1.0,0,,,1
a-1973,b-1378,1.0,MATCH,1.0,1.0,1.0,1.0,1.0,1.0,1.0,1.0,0,0,1.0,1.0,1.0,0,1.0,1.0,1.0,0,0.0,0.8933333333333333,1.0,0,1.0,1.0,0,,,1
a-542,b-366,1.0,MATCH,1.0,1.0,1.0,1.0,1.0,1.0,1.0,1.0,0,0,1.0,1.0,1.0,0,1.0,1.0,1.0,0,1.0,1.0,1.0,0,1.0,1.0,0,,,1
a-1247,b-864,1.0,MATCH,1.0,1.0,1.0,1.0,1.0,1.0,1.0,1.0,0,0,0.9629629629629629,0.5,1.0,0,1.0,1.0,1.0,0,0.0,1.0,0.0,0,1.0,1.0,0,,,1
a-1815,b-1271,1.0,MATCH,0.543040293040293,0.7,0.7,0.8333333333333333,0.3333333333333333,0.0,1.0,0.0,6,0,1.0,1.0,1.0,0,1.0,1.0,1.0,0,1.0,1.0,1.0,0,1.0,1.0,0,,,1
a-1440,b-997,1.0,MATCH,1.0,1.0,1.0,1.0,1.0,1.0,1.0,1.0,0,0,1.0,1.0,1.0,0,1.0,1.0,1.0,0,,,,1,1.0,1.0,0,,,1
a-1392,b-964,1.0,MATCH,1.0,1.0,1.0,1.0,1.0,1.0,1.0,1.0,0,0,1.0,1.0,1.0,0,0.0,1.0,1.0,0,,,,1,1.0,1.0,0,,,1
a-888,b-614,1.0,MATCH,0.9818181818181818,0.9523809523809522,0.9523809523809522,0.9523809523809524,0.3333333333333333,0.0,0.0,0.0,1,0,1.0,1.0,1.0,0,0.0,1.0,1.0,0,1.0,1.0,1.0,0,1.0,1.0,0,,,1
a-1235,b-857,1.0,MATCH,1.0,1.0,1.0,1.0,1.0,1.0,1.0,1.0,0,0,1.0,1.0,1.0,0,1.0,1.0,1.0,0,,,,1,1.0,1.0,0,,,1
a-1848,b-1292,1.0,MATCH,0.393939393939394,0.5454545454545454,1.0,1.0,1.0,0.0,0.0,0.0,0,0,1.0,1.0,1.0,0,1.0,1.0,1.0,0,1.0,1.0,1.0,0,1.0,1.0,0,,,1
a-1989,b-1393,1.0,MATCH,1.0,1.0,1.0,1.0,1.0,1.0,1.0,1.0,0,0,0.9629629629629629,0.5,1.0,0,1.0,1.0,1.0,0,1.0,1.0,1.0,0,1.0,1.0,0,,,1
a-866,b-597,1.0,MATCH,1.0,1.0,1.0,1.0,1.0,1.0,1.0,1.0,0,0,1.0,1.0,1.0,0,0.0,1.0,0.0,0,1.0,1.0,1.0,0,1.0,1.0,0,,,1
a-518,b-346,1.0,MATCH,1.0,1.0,1.0,1.0,1.0,1.0,1.0,1.0,0,0,1.0,1.0,1.0,0,0.0,1.0,0.0,0,1.0,1.0,1.0,0,1.0,1.0,0,,,1
a-1506,b-1046,1.0,MATCH,1.0,1.0,1.0,1.0,1.0,1.0,1.0,1.0,0,0,1.0,1.0,1.0,0,1.0,1.0,1.0,0,1.0,1.0,1.0,0,1.0,1.0,0,,,1
a-335,b-227,1.0,MATCH,1.0,1.0,1.0,1.0,1.0,1.0,1.0,1.0,0,0,0.9285714285714286,0.2,1.0,0,1.0,1.0,1.0,0,,,,1,1.0,1.0,0,,,1
a-1093,b-757,1.0,MATCH,0.5696969696969697,0.4545454545454546,1.0,1.0,1.0,0.0,0.0,0.0,0,0,1.0,1.0,1.0,0,1.0,1.0,1.0,0,1.0,1.0,1.0,0,1.0,1.0,0,,,1
a-1802,b-1264,1.0,MATCH,1.0,1.0,1.0,1.0,1.0,1.0,1.0,1.0,0,0,1.0,1.0,1.0,0,1.0,1.0,1.0,0,1.0,1.0,1.0,0,1.0,1.0,0,,,1
a-770,b-526,1.0,MATCH,1.0,1.0,1.0,1.0,1.0,1.0,1.0,1.0,0,0,1.0,1.0,1.0,0,1.0,1.0,1.0,0,0.0,0.9333333333333333,1.0,0,1.0,1.0,0,,,1
a-357,b-243,1.0,MATCH,0.5968253968253968,0.4666666666666666,1.0,1.0,1.0,0.0,0.0,0.0,0,0,1.0,1.0,1.0,0,1.0,1.0,1.0,0,,,,1,1.0,1.0,0,,,1
a-914,b-633,1.0,MATCH,1.0,1.0,1.0,1.0,1.0,1.0,1.0,1.0,0,0,1.0,1.0,1.0,0,1.0,1.0,1.0,0,0.0,0.975,1.0,0,1.0,1.0,0,,,1
a-38,b-27,1.0,MATCH,1.0,1.0,1.0,1.0,1.0,1.0,1.0,1.0,0,0,1.0,1.0,1.0,0,1.0,1.0,1.0,0,,,,1,1.0,1.0,0,,,1
a-1103,b-764,1.0,MATCH,0.43650793650793646,0.6666666666666667,0.6666666666666667,0.8333333333333333,0.3333333333333333,0.0,1.0,0.0,7,0,0.9411764705882354,0.5,1.0,0,1.0,1.0,1.0,0,,,,1,1.0,1.0,0,,,1
a-1637,b-1145,1.0,MATCH,1.0,1.0,1.0,1.0,1.0,1.0,1.0,1.0,0,0,1.0,1.0,1.0,0,0.0,1.0,0.0,0,1.0,1.0,1.0,0,1.0,1.0,0,,,1
a-738,b-502,1.0,MATCH,1.0,1.0,1.0,1.0,1.0,1.0,1.0,1.0,0,0,0.96,0.5,1.0,0,0.0,1.0,0.0,0,1.0,1.0,1.0,0,1.0,1.0,0,,,1
a-1916,b-1338,1.0,MATCH,0.5055555555555555,0.6956521739130435,0.6956521739130435,0.8571428571428571,0.3333333333333333,0.0,1.0,0.0,7,0,1.0,1.0,1.0,0,1.0,1.0,1.0,0,0.0,0.9619047619047619,1.0,0,1.0,1.0,0,,,1
a-1412,b-981,1.0,MATCH,0.7925696594427244,0.631578947368421,1.0,1.0,1.0,0.0,0.0,0.0,0,0,1.0,1.0,1.0,0,0.0,1.0,1.0,0,0.0,0.9549450549450549,1.0,0,1.0,1.0,0,,,1
a-1075,b-746,1.0,MATCH,1.0,1.0,1.0,1.0,1.0,1.0,1.0,1.0,0,0,1.0,1.0,1.0,0,1.0,1.0,1.0,0,1.0,1.0,1.0,0,1.0,1.0,0,,,1
a-531,b-357,1.0,MATCH,1.0,1.0,1.0,1.0,1.0,1.0,1.0,1.0,0,0,1.0,1.0,1.0,0,1.0,1.0,1.0,0,,,,1,1.0,1.0,0,,,1
a-1,b-1,1.0,MATCH,1.0,1.0,1.0,1.0,1.0,1.0,1.0,1.0,0,0,0.9655172413793103,0.5,1.0,0,1.0,1.0,1.0,0,1.0,1.0,1.0,0,1.0,1.0,0,,,1
a-1650,b-1155,1.0,MATCH,0.5,0.6666666666666667,0.6666666666666667,0.8,0.3333333333333333,0.0,1.0,0.0,6,0,1.0,1.0,1.0,0,1.0,1.0,1.0,0,1.0,1.0,1.0,0,1.0,1.0,0,,,1
a-1683,b-1176,1.0,MATCH,0.5,0.5,1.0,1.0,1.0,0.0,0.0,0.0,0,0,0.9729729729729729,0.5,1.0,0,1.0,1.0,1.0,0,1.0,1.0,1.0,0,1.0,1.0,0,,,1
a-864,b-596,1.0,MATCH,1.0,1.0,1.0,1.0,1.0,1.0,1.0,1.0,0,0,1.0,1.0,1.0,0,1.0,1.0,1.0,0,1.0,1.0,1.0,0,1.0,1.0,0,,,1
a-153,b-105,1.0,MATCH,1.0,1.0,1.0,1.0,1.0,1.0,1.0,1.0,0,0,0.96,0.5,0.0,0,1.0,1.0,1.0,0,0.0,1.0,0.0,0,1.0,1.0,0,,,1
a-433,b-296,1.0,MATCH,1.0,1.0,1.0,1.0,1.0,1.0,1.0,1.0,0,0,1.0,1.0,1.0,0,0.0,1.0,1.0,0,1.0,1.0,1.0,0,1.0,1.0,0,,,1
a-1826,b-1278,1.0,MATCH,0.6666666666666666,0.5,1.0,1.0,1.0,0.0,0.0,0.0,0,0,0.9473684210526315,0.3333333333333333,1.0,0,1.0,1.0,1.0,0,1.0,1.0,1.0,0,1.0,1.0,0,,,1
a-276,b-195,1.0,MATCH,1.0,1.0,1.0,1.0,1.0,1.0,1.0,1.0,0,0,1.0,1.0,1.0,0,1.0,1.0,1.0,0,,,,1,1.0,1.0,0,,,1
a-1706,b-1192,1.0,MATCH,1.0,1.0,1.0,1.0,1.0,1.0,1.0,1.0,0,0,1.0,1.0,1.0,0,1.0,1.0,1.0,0,1.0,1.0,1.0,0,1.0,1.0,0,,,1
a-946,b-653,1.0,MATCH,0.7892857142857144,0.736842105263158,0.736842105263158,0.8333333333333333,0.3333333333333333,0.0,1.0,0.0,5,0,1.0,1.0,1.0,0,1.0,1.0,1.0,0,0.0,0.9,1.0,0,1.0,1.0,0,,,1
a-1904,b-1328,1.0,MATCH,1.0,1.0,1.0,1.0,1.0,1.0,1.0,1.0,0,0,0.9285714285714286,0.2,1.0,0,1.0,1.0,1.0,0,1.0,1.0,1.0,0,1.0,1.0,0,,,1
a-231,b-160,1.0,MATCH,0.8027777777777777,0.625,1.0,1.0,1.0,0.0,0.0,0.0,0,0,0.9655172413793103,0.5,1.0,0,1.0,1.0,1.0,0,,,,1,1.0,1.0,0,,,1
a-1563,b-1090,1.0,MATCH,0.5909090909090909,0.7058823529411764,0.7058823529411764,0.8,0.3333333333333333,0.0,1.0,0.0,5,0,0.9473684210526315,0.5,1.0,0,0.0,1.0,0.0,0,0.0,0.88,0.0,0,1.0,1.0,0,,,1
a-997,b-688,1.0,MATCH,1.0,1.0,1.0,1.0,1.0,1.0,1.0,1.0,0,0,1.0,1.0,1.0,0,1.0,1.0,1.0,0,1.0,1.0,1.0,0,1.0,1.0,0,,,1
a-513,b-343,1.0,MATCH,1.0,1.0,1.0,1.0,1.0,1.0,1.0,1.0,0,0,1.0,1.0,1.0,0,1.0,1.0,1.0,0,1.0,1.0,1.0,0,1.0,1.0,0,,,1
a-156,b-107,1.0,MATCH,0.5968253968253968,0.5333333333333333,1.0,1.0,1.0,0.0,0.0,0.0,0,0,1.0,1.0,1.0,0,0.0,1.0,0.0,0,1.0,1.0,1.0,0,1.0,1.0,0,,,1
a-177,b-124,1.0,MATCH,1.0,1.0,1.0,1.0,1.0,1.0,1.0,1.0,0,0,1.0,1.0,1.0,0,1.0,1.0,1.0,0,0.0,1.0,0.0,0,1.0,1.0,0,,,1
a-1189,b-826,1.0,MATCH,1.0,1.0,1.0,1.0,1.0,1.0,1.0,1.0,0,0,1.0,1.0,1.0,0,1.0,1.0,1.0,0,0.0,0.9805555555555555,1.0,0,1.0,1.0,0,,,1
a-478,b-322,1.0,MATCH,1.0,1.0,1.0,1.0,1.0,1.0,1.0,1.0,0,0,1.0,1.0,1.0,0,1.0,1.0,1.0,0,1.0,1.0,1.0,0,1.0,1.0,0,,,1
a-902,b-625,1.0,MATCH,0.5407407407407407,0.7142857142857143,0.7142857142857143,0.75,0.3333333333333333,0.0,1.0,0.0,4,0,1.0,1.0,1.0,0,1.0,1.0,1.0,0,1.0,1.0,1.0,0,1.0,1.0,0,,,1
a-1134,b-787,1.0,MATCH,0.8056818181818183,0.8421052631578947,0.8421052631578947,0.8571428571428571,0.3333333333333333,0.0,1.0,0.0,3,0,0.9166666666666667,0.5,1.0,0,1.0,1.0,1.0,0,1.0,1.0,1.0,0,1.0,1.0,0,,,1
a-406,b-276,1.0,MATCH,1.0,1.0,1.0,1.0,1.0,1.0,1.0,1.0,0,0,1.0,1.0,1.0,0,0.0,1.0,1.0,0,1.0,1.0,1.0,0,1.0,1.0,0,,,1
a-1111,b-770,1.0,MATCH,0.7924812030075189,0.8484848484848484,0.8484848484848484,0.923076923076923,0.3333333333333333,0.0,1.0,0.0,5,0,1.0,1.0,1.0,0,1.0,1.0,1.0,0,0.0,0.9846153846153847,1.0,0,1.0,1.0,0,,,1
a-1285,b-885,1.0,MATCH,1.0,1.0,1.0,1.0,1.0,1.0,1.0,1.0,0,0,1.0,1.0,1.0,0,1.0,1.0,1.0,0,1.0,1.0,1.0,0,1.0,1.0,0,,,1
a-1645,b-1151,1.0,MATCH,1.0,1.0,1.0,1.0,1.0,1.0,1.0,1.0,0,0,0.9523809523809524,0.3333333333333333,1.0,0,1.0,1.0,1.0,0,0.0,1.0,0.0,0,1.0,1.0,0,,,1
a-775,b-530,1.0,MATCH,1.0,1.0,1.0,1.0,1.0,1.0,1.0,1.0,0,0,1.0,1.0,1.0,0,1.0,1.0,1.0,0,0.0,0.9611111111111111,1.0,0,1.0,1.0,0,,,1
a-1011,b-699,1.0,MATCH,1.0,1.0,1.0,1.0,1.0,1.0,1.0,1.0,0,0,1.0,1.0,1.0,0,1.0,1.0,1.0,0,0.0,0.9714285714285714,1.0,0,1.0,1.0,0,,,1
a-390,b-263,1.0,MATCH,1.0,1.0,1.0,1.0,1.0,1.0,1.0,1.0,0,0,1.0,1.0,1.0,0,1.0,1.0,1.0,0,1.0,1.0,1.0,0,1.0,1.0,0,,,1
a-1811,b-1270,1.0,MATCH,1.0,1.0,1.0,1.0,1.0,1.0,1.0,1.0,0,0,0.9333333333333332,0.5,1.0,0,1.0,1.0,1.0,0,1.0,1.0,1.0,0,1.0,1.0,0,,,1
a-1963,b-1372,1.0,MATCH,0.47979797979797983,0.7058823529411764,0.4705882352941176,0.8,0.3333333333333333,0.0,1.0,0.0,5,0,1.0,1.0,1.0,0,1.0,1.0,1.0,0,1.0,1.0,1.0,0,1.0,1.0,0,,,1
a-384,b-258,1.0,MATCH,1.0,1.0,1.0,1.0,1.0,1.0,1.0,1.0,0,0,1.0,1.0,1.0,0,1.0,1.0,1.0,0,1.0,1.0,1.0,0,1.0,1.0,0,,,1
a-533,b-358,1.0,MATCH,0.9882352941176471,0.9696969696969697,0.9696969696969697,0.9696969696969697,0.3333333333333333,0.0,0.0,0.0,1,0,0.9629629629629629,0.5,1.0,0,1.0,1.0,1.0,0,1.0,1.0,1.0,0,1.0,1.0,0,,,1
a-840,b-577,1.0,MATCH,1.0,1.0,1.0,1.0,1.0,1.0,1.0,1.0,0,0,1.0,1.0,1.0,0,0.0,1.0,0.0,0,,,,1,1.0,1.0,0,,,1
a-928,b-643,1.0,MATCH,1.0,1.0,1.0,1.0,1.0,1.0,1.0,1.0,0,0,1.0,1.0,1.0,0,0.0,1.0,0.0,0,1.0,1.0,1.0,0,1.0,1.0,0,,,1
a-1390,b-962,1.0,MATCH,1.0,1.0,1.0,1.0,1.0,1.0,1.0,1.0,0,0,0.9285714285714286,0.5,1.0,0,1.0,1.0,1.0,0,1.0,1.0,1.0,0,1.0,1.0,0,,,1
a-1019,b-703,1.0,MATCH,1.0,1.0,1.0,1.0,1.0,1.0,1.0,1.0,0,0,1.0,1.0,1.0,0,1.0,1.0,1.0,0,1.0,1.0,1.0,0,1.0,1.0,0,,,1
a-1785,b-1254,1.0,MATCH,0.8595238095238095,0.782608695652174,0.782608695652174,0.875,0.3333333333333333,0.0,1.0,0.0,5,0,0.9375,0.5,0.0,0,1.0,1.0,1.0,0,1.0,1.0,1.0,0,1.0,1.0,0,,,1
a-132,b-90,1.0,MATCH,1.0,1.0,1.0,1.0,1.0,1.0,1.0,1.0,0,0,0.9375,0.5,1.0,0,1.0,1.0,1.0,0,1.0,1.0,1.0,0,1.0,1.0,0,,,1
a-355,b-241,1.0,MATCH,1.0,1.0,1.0,1.0,1.0,1.0,1.0,1.0,0,0,1.0,1.0,1.0,0,1.0,1.0,1.0,0,1.0,1.0,1.0,0,1.0,1.0,0,,,1
a-727,b-494,1.0,MATCH,0.5854700854700855,0.5384615384615384,1.0,1.0,1.0,0.0,0.0,0.0,0,0,0.9285714285714286,0.5,1.0,0,1.0,1.0,1.0,0,0.0,0.9500000000000001,1.0,0,1.0,1.0,0,,,1
a-1133,b-786,1.0,MATCH,0.9818181818181818,0.9090909090909091,0.9090909090909091,0.9090909090909091,0.3333333333333333,0.0,0.0,1.0,0,0,1.0,1.0,1.0,0,1.0,1.0,1.0,0,0.0,0.92,1.0,0,1.0,1.0,0,,,1
a-1248,b-865,1.0,MATCH,0.9785714285714286,0.962962962962963,0.962962962962963,0.9629629629629629,0.3333333333333333,0.0,0.0,0.0,1,0,1.0,1.0,1.0,0,1.0,1.0,1.0,0,0.0,0.9555555555555556,1.0,0,1.0,1.0,0,,,1
a-1012,b-700,1.0,MATCH,1.0,1.0,1.0,1.0,1.0,1.0,1.0,1.0,0,0,0.9629629629629629,0.25,1.0,0,1.0,1.0,1.0,0,,,,1,1.0,1.0,0,,,1
a-1471,b-1021,1.0,MATCH,1.0,1.0,1.0,1.0,1.0,1.0,1.0,1.0,0,0,1.0,1.0,1.0,0,1.0,1.0,1.0,0,1.0,1.0,1.0,0,1.0,1.0,0,,,1
a-461,b-312,1.0,MATCH,1.0,1.0,1.0,1.0,1.0,1.0,1.0,1.0,0,0,0.967741935483871,0.25,1.0,0,1.0,1.0,1.0,0,1.0,1.0,1.0,0,1.0,1.0,0,,,1
a-804,b-552,1.0,MATCH,0.5357142857142857,0.6666666666666667,0.6666666666666667,0.8333333333333333,0.3333333333333333,0.0,1.0,0.0,7,0,0.9655172413793103,0.5,0.0,0,1.0,1.0,1.0,0,0.0,1.0,0.0,0,1.0,1.0,0,,,1
a-1960,b-1369,1.0,MATCH,0.9818181818181818,0.9090909090909091,0.9090909090909091,0.9090909090909091,0.3333333333333333,0.0,0.0,1.0,0,0,1.0,1.0,1.0,0,1.0,1.0,1.0,0,,,,1,1.0,1.0,0,,,1
a-785,b-539,1.0,MATCH,0.9571428571428572,0.923076923076923,0.923076923076923,0.923076923076923,0.3333333333333333,0.0,1.0,0.0,1,0,1.0,1.0,1.0,0,1.0,1.0,1.0,0,0.0,0.9444444444444445,1.0,0,1.0,1.0,0,,,1
a-37,b-26,1.0,MATCH,1.0,1.0,1.0,1.0,1.0,1.0,1.0,1.0,0,0,0.9375,0.5,1.0,0,1.0,1.0,1.0,0,1.0,1.0,1.0,0,1.0,1.0,0,,,1
a-1473,b-1023,1.0,MATCH,1.0,1.0,1.0,1.0,1.0,1.0,1.0,1.0,0,0,1.0,1.0,1.0,0,1.0,1.0,1.0,0,1.0,1.0,1.0,0,1.0,1.0,0,,,1
a-737,b-501,1.0,MATCH,1.0,1.0,1.0,1.0,1.0,1.0,1.0,1.0,0,0,0.9714285714285714,0.5,1.0,0,0.0,1.0,0.0,0,1.0,1.0,1.0,0,1.0,1.0,0,,,1
a-1950,b-1363,1.0,MATCH,0.6414141414141414,0.5454545454545454,1.0,1.0,1.0,0.0,0.0,0.0,0,0,1.0,1.0,1.0,0,1.0,1.0,1.0,0,1.0,1.0,1.0,0,1.0,1.0,0,,,1
a-516,b-344,1.0,MATCH,0.6851851851851851,0.5833333333333333,1.0,1.0,1.0,0.0,0.0,0.0,0,0,1.0,1.0,1.0,0,1.0,1.0,1.0,0,1.0,1.0,1.0,0,1.0,1.0,0,,,1
a-971,b-670,1.0,MATCH,1.0,1.0,1.0,1.0,1.0,1.0,1.0,1.0,0,0,1.0,1.0,1.0,0,1.0,1.0,1.0,0,1.0,1.0,1.0,0,1.0,1.0,0,,,1
a-273,b-192,1.0,MATCH,1.0,1.0,1.0,1.0,1.0,1.0,1.0,1.0,0,0,0.9333333333333332,0.5,1.0,0,1.0,1.0,1.0,0,1.0,1.0,1.0,0,1.0,1.0,0,,,1
a-1790,b-1258,1.0,MATCH,1.0,1.0,1.0,1.0,1.0,1.0,1.0,1.0,0,0,1.0,1.0,1.0,0,1.0,1.0,1.0,0,0.0,1.0,0.0,0,1.0,1.0,0,,,1
a-1233,b-855,1.0,MATCH,0.6222222222222222,0.5,1.0,1.0,1.0,0.0,0.0,0.0,0,0,1.0,1.0,1.0,0,1.0,1.0,1.0,0,1.0,1.0,1.0,0,1.0,1.0,0,,,1
a-341,b-231,1.0,MATCH,1.0,1.0,1.0,1.0,1.0,1.0,1.0,1.0,0,0,1.0,1.0,1.0,0,1.0,1.0,1.0,0,,,,1,1.0,1.0,0,,,1
a-1032,b-713,1.0,MATCH,1.0,1.0,1.0,1.0,1.0,1.0,1.0,1.0,0,0,0.9,0.0,0.0,0,1.0,1.0,1.0,0,1.0,1.0,1.0,0,1.0,1.0,0,,,1
a-1548,b-1080,1.0,MATCH,1.0,1.0,1.0,1.0,1.0,1.0,1.0,1.0,0,0,1.0,1.0,1.0,0,1.0,1.0,1.0,0,0.0,1.0,0.0,0,1.0,1.0,0,,,1
a-200,b-140,1.0,MATCH,0.9833333333333333,0.9166666666666665,0.9166666666666665,0.9166666666666667,0.3333333333333333,0.0,0.0,0.0,0,0,1.0,1.0,1.0,0,1.0,1.0,1.0,0,1.0,1.0,1.0,0,1.0,1.0,0,,,1
a-857,b-591,1.0,MATCH,1.0,1.0,1.0,1.0,1.0,1.0,1.0,1.0,0,0,0.9655172413793103,0.5,1.0,0,0.0,1.0,0.0,0,1.0,1.0,1.0,0,1.0,1.0,0,,,1
a-1038,b-718,1.0,MATCH,0.9333333333333332,0.9,0.9,0.9,0.3333333333333333,0.0,0.0,0.0,0,0,1.0,1.0,1.0,0,1.0,1.0,1.0,0,1.0,1.0,1.0,0,1.0,1.0,0,,,1
a-1461,b-1013,1.0,MATCH,1.0,1.0,1.0,1.0,1.0,1.0,1.0,1.0,0,0,0.975609756097561,0.5,1.0,0,0.0,1.0,0.0,0,0.0,0.9714285714285714,1.0,0,1.0,1.0,0,,,1
a-1947,b-1361,1.0,MATCH,1.0,1.0,1.0,1.0,1.0,1.0,1.0,1.0,0,0,0.95,0.5,1.0,0,1.0,1.0,1.0,0,1.0,1.0,1.0,0,1.0,1.0,0,,,1
a-1475,b-1025,1.0,MATCH,1.0,1.0,1.0,1.0,1.0,1.0,1.0,1.0,0,0,1.0,1.0,1.0,0,1.0,1.0,1.0,0,1.0,1.0,1.0,0,1.0,1.0,0,,,1
a-15,b-13,1.0,MATCH,1.0,1.0,1.0,1.0,1.0,1.0,1.0,1.0,0,0,0.923076923076923,0.2,0.0,0,1.0,1.0,1.0,0,1.0,1.0,1.0,0,1.0,1.0,0,,,1
a-1036,b-717,1.0,MATCH,0.9666666666666666,0.9166666666666665,0.9166666666666665,0.9166666666666667,0.3333333333333333,0.0,0.0,1.0,0,0,1.0,1.0,1.0,0,1.0,1.0,1.0,0,0.0,1.0,0.0,0,1.0,1.0,0,,,1
a-1615,b-1131,1.0,MATCH,1.0,1.0,1.0,1.0,1.0,1.0,1.0,1.0,0,0,0.9333333333333332,0.5,1.0,0,1.0,1.0,1.0,0,1.0,1.0,1.0,0,1.0,1.0,0,,,1
a-1236,b-858,1.0,MATCH,1.0,1.0,1.0,1.0,1.0,1.0,1.0,1.0,0,0,1.0,1.0,1.0,0,0.0,1.0,0.0,0,1.0,1.0,1.0,0,1.0,1.0,0,,,1
a-232,b-161,1.0,MATCH,0.5,0.6666666666666667,0.6666666666666667,0.8,0.3333333333333333,0.0,1.0,0.0,6,0,1.0,1.0,1.0,0,0.0,1.0,0.0,0,1.0,1.0,1.0,0,1.0,1.0,0,,,1
a-999,b-690,1.0,MATCH,1.0,1.0,1.0,1.0,1.0,1.0,1.0,1.0,0,0,1.0,1.0,1.0,0,1.0,1.0,1.0,0,1.0,1.0,1.0,0,1.0,1.0,0,,,1
a-1669,b-1166,1.0,MATCH,0.543040293040293,0.7,0.7,0.8333333333333333,0.3333333333333333,0.0,1.0,0.0,6,0,1.0,1.0,1.0,0,1.0,1.0,1.0,0,0.0,0.9666666666666667,1.0,0,1.0,1.0,0,,,1
a-1908,b-1332,1.0,MATCH,1.0,1.0,1.0,1.0,1.0,1.0,1.0,1.0,0,0,1.0,1.0,1.0,0,1.0,1.0,1.0,0,0.0,0.9666666666666667,1.0,0,1.0,1.0,0,,,1
a-1701,b-1190,1.0,MATCH,1.0,1.0,1.0,1.0,1.0,1.0,1.0,1.0,0,0,0.896551724137931,0.2,1.0,0,1.0,1.0,1.0,0,1.0,1.0,1.0,0,1.0,1.0,0,,,1
a-1479,b-1027,1.0,MATCH,0.5357142857142857,0.6666666666666667,0.6666666666666667,0.8333333333333333,0.3333333333333333,0.0,1.0,0.0,7,0,1.0,1.0,1.0,0,1.0,1.0,1.0,0,0.0,1.0,0.0,0,1.0,1.0,0,,,1
a-930,b-644,1.0,MATCH,1.0,1.0,1.0,1.0,1.0,1.0,1.0,1.0,0,0,1.0,1.0,1.0,0,1.0,1.0,1.0,0,1.0,1.0,1.0,0,1.0,1.0,0,,,1
a-1520,b-1056,1.0,MATCH,1.0,1.0,1.0,1.0,1.0,1.0,1.0,1.0,0,0,1.0,1.0,1.0,0,1.0,1.0,1.0,0,,,,1,1.0,1.0,0,,,1
a-1191,b-828,1.0,MATCH,1.0,1.0,1.0,1.0,1.0,1.0,1.0,1.0,0,0,1.0,1.0,1.0,0,1.0,1.0,1.0,0,1.0,1.0,1.0,0,1.0,1.0,0,,,1
a-1022,b-705,1.0,MATCH,1.0,1.0,1.0,1.0,1.0,1.0,1.0,1.0,0,0,1.0,1.0,1.0,0,1.0,1.0,1.0,0,1.0,1.0,1.0,0,1.0,1.0,0,,,1
a-675,b-463,1.0,MATCH,1.0,1.0,1.0,1.0,1.0,1.0,1.0,1.0,0,0,1.0,1.0,1.0,0,1.0,1.0,1.0,0,1.0,1.0,1.0,0,1.0,1.0,0,,,1
a-686,b-471,1.0,MATCH,1.0,1.0,1.0,1.0,1.0,1.0,1.0,1.0,0,0,0.975609756097561,0.5,1.0,0,1.0,1.0,1.0,0,1.0,1.0,1.0,0,1.0,1.0,0,,,1
a-1505,b-1045,1.0,MATCH,1.0,1.0,1.0,1.0,1.0,1.0,1.0,1.0,0,0,0.9285714285714286,0.5,1.0,0,0.0,1.0,0.0,0,0.0,1.0,0.0,0,1.0,1.0,0,,,1
a-339,b-230,1.0,MATCH,1.0,1.0,1.0,1.0,1.0,1.0,1.0,1.0,0,0,1.0,1.0,1.0,0,1.0,1.0,1.0,0,1.0,1.0,1.0,0,1.0,1.0,0,,,1
a-1364,b-942,1.0,MATCH,1.0,1.0,1.0,1.0,1.0,1.0,1.0,1.0,0,0,0.9411764705882354,0.25,0.0,0,1.0,1.0,1.0,0,1.0,1.0,1.0,0,1.0,1.0,0,,,1
a-1348,b-930,1.0,MATCH,0.9888888888888889,0.975609756097561,0.975609756097561,0.975609756097561,0.3333333333333333,0.0,0.0,0.0,1,0,1.0,1.0,1.0,0,1.0,1.0,1.0,0,0.0,0.9666666666666666,1.0,0,1.0,1.0,0,,,1
a-1101,b-762,1.0,MATCH,1.0,1.0,1.0,1.0,1.0,1.0,1.0,1.0,0,0,0.9411764705882354,0.5,1.0,0,0.0,1.0,0.0,0,1.0,1.0,1.0,0,1.0,1.0,0,,,1
a-517,b-345,1.0,MATCH,1.0,1.0,1.0,1.0,1.0,1.0,1.0,1.0,0,0,1.0,1.0,1.0,0,1.0,1.0,1.0,0,1.0,1.0,1.0,0,1.0,1.0,0,,,1
a-867,b-598,1.0,MATCH,1.0,1.0,1.0,1.0,1.0,1.0,1.0,1.0,0,0,0.9629629629629629,0.5,1.0,0,1.0,1.0,1.0,0,1.0,1.0,1.0,0,1.0,1.0,0,,,1
a-1112,b-771,1.0,MATCH,0.7464285714285716,0.736842105263158,0.736842105263158,0.8333333333333333,0.3333333333333333,0.0,1.0,0.0,5,0,0.9473684210526315,0.3333333333333333,1.0,0,1.0,1.0,1.0,0,0.0,0.9555555555555556,1.0,0,1.0,1.0,0,,,1
a-1923,b-1343,1.0,MATCH,1.0,1.0,1.0,1.0,1.0,1.0,1.0,1.0,0,0,1.0,1.0,1.0,0,1.0,1.0,1.0,0,0.0,1.0,0.0,0,1.0,1.0,0,,,1
a-747,b-508,1.0,MATCH,0.9846153846153847,0.923076923076923,0.923076923076923,0.923076923076923,0.3333333333333333,0.0,0.0,0.0,0,0,1.0,1.0,1.0,0,1.0,1.0,1.0,0,0.0,1.0,0.0,0,1.0,1.0,0,,,1
a-653,b-447,1.0,MATCH,1.0,1.0,1.0,1.0,1.0,1.0,1.0,1.0,0,0,1.0,1.0,1.0,0,1.0,1.0,1.0,0,1.0,1.0,1.0,0,1.0,1.0,0,,,1
a-445,b-302,1.0,MATCH,1.0,1.0,1.0,1.0,1.0,1.0,1.0,1.0,0,0,0.923076923076923,0.5,1.0,0,1.0,1.0,1.0,0,1.0,1.0,1.0,0,1.0,1.0,0,,,1
a-491,b-329,1.0,MATCH,1.0,1.0,1.0,1.0,1.0,1.0,1.0,1.0,0,0,0.9411764705882354,0.5,1.0,0,0.0,1.0,1.0,0,0.0,1.0,0.0,0,1.0,1.0,0,,,1
a-707,b-485,1.0,MATCH,1.0,1.0,1.0,1.0,1.0,1.0,1.0,1.0,0,0,0.96,0.5,1.0,0,1.0,1.0,1.0,0,1.0,1.0,1.0,0,1.0,1.0,0,,,1
a-1122,b-779,1.0,MATCH,0.9708333333333333,0.9333333333333332,0.9333333333333332,0.9333333333333332,0.0,0.0,0.0,0.0,1,0,0.9166666666666667,0.2,0.0,0,0.0,1.0,0.0,0,0.0,1.0,0.0,0,1.0,1.0,0,,,1
a-129,b-88,1.0,MATCH,0.9833333333333333,0.9166666666666665,0.9166666666666665,0.9166666666666667,0.3333333333333333,0.0,0.0,1.0,0,0,1.0,1.0,1.0,0,1.0,1.0,1.0,0,1.0,1.0,1.0,0,1.0,1.0,0,,,1
a-749,b-509,1.0,MATCH,1.0,1.0,1.0,1.0,1.0,1.0,1.0,1.0,0,0,0.9375,0.5,1.0,0,1.0,1.0,1.0,0,0.0,1.0,0.0,0,1.0,1.0,0,,,1
a-1165,b-809,1.0,MATCH,1.0,1.0,1.0,1.0,1.0,1.0,1.0,1.0,0,0,1.0,1.0,1.0,0,1.0,1.0,1.0,0,1.0,1.0,1.0,0,1.0,1.0,0,,,1
a-1137,b-790,1.0,MATCH,1.0,1.0,1.0,1.0,1.0,1.0,1.0,1.0,0,0,1.0,1.0,1.0,0,1.0,1.0,1.0,0,1.0,1.0,1.0,0,1.0,1.0,0,,,1
a-521,b-349,1.0,MATCH,1.0,1.0,1.0,1.0,1.0,1.0,1.0,1.0,0,0,1.0,1.0,1.0,0,1.0,1.0,1.0,0,1.0,1.0,1.0,0,1.0,1.0,0,,,1
a-1296,b-894,1.0,MATCH,1.0,1.0,1.0,1.0,1.0,1.0,1.0,1.0,0,0,0.5517241379310345,0.25,1.0,0,1.0,1.0,1.0,0,1.0,1.0,1.0,0,1.0,1.0,0,,,1
a-1542,b-1074,1.0,MATCH,0.6794871794871794,0.6153846153846154,1.0,1.0,1.0,0.0,0.0,0.0,0,0,1.0,1.0,1.0,0,0.0,1.0,0.0,0,,,,1,1.0,1.0,0,,,1
a-871,b-602,1.0,MATCH,1.0,1.0,1.0,1.0,1.0,1.0,1.0,1.0,0,0,1.0,1.0,1.0,0,1.0,1.0,1.0,0,1.0,1.0,1.0,0,1.0,1.0,0,,,1
a-1295,b-893,1.0,MATCH,1.0,1.0,1.0,1.0,1.0,1.0,1.0,1.0,0,0,0.9629629629629629,0.5,1.0,0,1.0,1.0,1.0,0,1.0,1.0,1.0,0,1.0,1.0,0,,,1
a-1780,b-1249,1.0,MATCH,1.0,1.0,1.0,1.0,1.0,1.0,1.0,1.0,0,0,1.0,1.0,1.0,0,0.0,1.0,0.0,0,1.0,1.0,1.0,0,1.0,1.0,0,,,1
a-230,b-159,1.0,MATCH,1.0,1.0,1.0,1.0,1.0,1.0,1.0,1.0,0,0,1.0,1.0,1.0,0,1.0,1.0,1.0,0,1.0,1.0,1.0,0,1.0,1.0,0,,,1
a-1003,b-694,1.0,MATCH,0.9555555555555556,0.9333333333333332,0.9333333333333332,0.9333333333333332,0.3333333333333333,0.0,0.0,0.0,0,0,1.0,1.0,1.0,0,1.0,1.0,1.0,0,1.0,1.0,1.0,0,1.0,1.0,0,,,1
a-978,b-673,1.0,MATCH,1.0,1.0,1.0,1.0,1.0,1.0,1.0,1.0,0,0,0.9375,0.5,0.0,0,1.0,1.0,1.0,0,0.0,1.0,0.0,0,1.0,1.0,0,,,1
a-509,b-340,1.0,MATCH,1.0,1.0,1.0,1.0,1.0,1.0,1.0,1.0,0,0,1.0,1.0,1.0,0,1.0,1.0,1.0,0,1.0,1.0,1.0,0,1.0,1.0,0,,,1
a-386,b-260,1.0,MATCH,0.49242424242424243,0.4545454545454546,1.0,1.0,1.0,0.0,0.0,0.0,0,0,1.0,1.0,1.0,0,1.0,1.0,1.0,0,,,,1,1.0,1.0,0,,,1
a-83,b-54,1.0,MATCH,1.0,1.0,1.0,1.0,1.0,1.0,1.0,1.0,0,0,0.9375,0.5,1.0,0,1.0,1.0,1.0,0,1.0,1.0,1.0,0,1.0,1.0,0,,,1
a-1194,b-831,1.0,MATCH,0.553113553113553,0.7,0.7,0.8333333333333333,0.3333333333333333,0.0,1.0,0.0,6,0,1.0,1.0,1.0,0,1.0,1.0,1.0,0,1.0,1.0,1.0,0,1.0,1.0,0,,,1
a-1494,b-1035,1.0,MATCH,1.0,1.0,1.0,1.0,1.0,1.0,1.0,1.0,0,0,0.9629629629629629,0.5,1.0,0,1.0,1.0,1.0,0,,,,1,1.0,1.0,0,,,1
a-883,b-612,1.0,MATCH,0.975,0.9333333333333332,0.9333333333333332,0.9333333333333332,0.3333333333333333,0.0,0.0,1.0,1,0,1.0,1.0,1.0,0,1.0,1.0,1.0,0,,,,1,1.0,1.0,0,,,1
a-1841,b-1288,1.0,MATCH,0.6111111111111112,0.5,1.0,1.0,1.0,0.0,0.0,0.0,0,0,1.0,1.0,1.0,0,1.0,1.0,1.0,0,,,,1,1.0,1.0,0,,,1
a-1572,b-1097,1.0,MATCH,0.6944444444444443,0.5833333333333333,1.0,1.0,1.0,0.0,0.0,0.0,0,0,0.9629629629629629,0.5,0.0,0,0.0,1.0,1.0,0,1.0,1.0,1.0,0,1.0,1.0,0,,,1
a-760,b-518,1.0,MATCH,0.7464285714285716,0.736842105263158,0.736842105263158,0.8333333333333333,0.3333333333333333,0.0,1.0,0.0,5,0,1.0,1.0,1.0,0,1.0,1.0,1.0,0,1.0,1.0,1.0,0,1.0,1.0,0,,,1
a-1984,b-1389,1.0,MATCH,1.0,1.0,1.0,1.0,1.0,1.0,1.0,1.0,0,0,1.0,1.0,1.0,0,1.0,1.0,1.0,0,1.0,1.0,1.0,0,1.0,1.0,0,,,1
a-307,b-211,1.0,MATCH,1.0,1.0,1.0,1.0,1.0,1.0,1.0,1.0,0,0,0.9333333333333332,0.5,1.0,0,1.0,1.0,1.0,0,0.0,1.0,0.0,0,1.0,1.0,0,,,1
a-981,b-675,1.0,MATCH,0.9805555555555555,0.9565217391304348,0.9565217391304348,0.9565217391304348,0.3333333333333333,0.0,0.0,0.0,1,0,1.0,1.0,1.0,0,1.0,1.0,1.0,0,1.0,1.0,1.0,0,1.0,1.0,0,,,1
a-874,b-604,1.0,MATCH,0.7000000000000001,0.6,1.0,1.0,1.0,0.0,0.0,0.0,0,0,1.0,1.0,1.0,0,0.0,1.0,1.0,0,1.0,1.0,1.0,0,1.0,1.0,0,,,1
a-895,b-619,1.0,MATCH,1.0,1.0,1.0,1.0,1.0,1.0,1.0,1.0,0,0,0.9655172413793103,0.5,1.0,0,0.0,1.0,0.0,0,,,,1,1.0,1.0,0,,,1
a-1477,b-1026,1.0,MATCH,1.0,1.0,1.0,1.0,1.0,1.0,1.0,1.0,0,0,1.0,1.0,1.0,0,1.0,1.0,1.0,0,1.0,1.0,1.0,0,1.0,1.0,0,,,1
a-1321,b-910,1.0,MATCH,0.735930735930736,0.5714285714285714,1.0,1.0,1.0,0.0,0.0,0.0,0,0,1.0,1.0,1.0,0,1.0,1.0,1.0,0,0.0,1.0,0.0,0,1.0,1.0,0,,,1
a-1981,b-1386,1.0,MATCH,0.78,0.8,0.8,0.8888888888888888,0.3333333333333333,0.0,1.0,0.0,5,0,0.88,0.2,1.0,0,1.0,1.0,1.0,0,1.0,1.0,1.0,0,1.0,1.0,0,,,1
a-1486,b-1031,1.0,MATCH,1.0,1.0,1.0,1.0,1.0,1.0,1.0,1.0,0,0,1.0,1.0,1.0,0,0.0,1.0,0.0,0,0.0,0.9523809523809524,1.0,0,1.0,1.0,0,,,1
a-33,b-24,1.0,MATCH,1.0,1.0,1.0,1.0,1.0,1.0,1.0,1.0,0,0,1.0,1.0,1.0,0,1.0,1.0,1.0,0,1.0,1.0,1.0,0,1.0,1.0,0,,,1
a-1121,b-778,1.0,MATCH,1.0,1.0,1.0,1.0,1.0,1.0,1.0,1.0,0,0,1.0,1.0,1.0,0,1.0,1.0,1.0,0,1.0,1.0,1.0,0,1.0,1.0,0,,,1
a-1195,b-832,1.0,MATCH,0.5858585858585857,0.5454545454545454,1.0,1.0,1.0,0.0,0.0,0.0,0,0,0.9375,0.5,1.0,0,1.0,1.0,1.0,0,0.0,1.0,0.0,0,1.0,1.0,0,,,1
a-1547,b-1079,1.0,MATCH,0.9857142857142858,0.962962962962963,0.962962962962963,0.9629629629629629,0.3333333333333333,0.0,0.0,0.0,1,0,1.0,1.0,1.0,0,1.0,1.0,1.0,0,,,,1,1.0,1.0,0,,,1
a-1044,b-722,1.0,MATCH,0.9862745098039216,0.9696969696969697,0.9696969696969697,0.9696969696969697,0.3333333333333333,0.0,0.0,0.0,1,0,0.9565217391304348,0.5,1.0,0,1.0,1.0,1.0,0,0.0,1.0,0.0,0,1.0,1.0,0,,,1
a-1915,b-1337,1.0,MATCH,1.0,1.0,1.0,1.0,1.0,1.0,1.0,1.0,0,0,1.0,1.0,1.0,0,1.0,1.0,1.0,0,1.0,1.0,1.0,0,1.0,1.0,0,,,1
a-534,b-359,1.0,MATCH,1.0,1.0,1.0,1.0,1.0,1.0,1.0,1.0,0,0,1.0,1.0,1.0,0,1.0,1.0,1.0,0,1.0,1.0,1.0,0,1.0,1.0,0,,,1
a-362,b-246,1.0,MATCH,1.0,1.0,1.0,1.0,1.0,1.0,1.0,1.0,0,0,1.0,1.0,1.0,0,1.0,1.0,1.0,0,1.0,1.0,1.0,0,1.0,1.0,0,,,1
a-593,b-403,1.0,MATCH,1.0,1.0,1.0,1.0,1.0,1.0,1.0,1.0,0,0,1.0,1.0,1.0,0,1.0,1.0,1.0,0,1.0,1.0,1.0,0,1.0,1.0,0,,,1
a-1464,b-1015,1.0,MATCH,1.0,1.0,1.0,1.0,1.0,1.0,1.0,1.0,0,0,1.0,1.0,1.0,0,1.0,1.0,1.0,0,0.0,1.0,0.0,0,1.0,1.0,0,,,1
a-1673,b-1169,1.0,MATCH,1.0,1.0,1.0,1.0,1.0,1.0,1.0,1.0,0,0,0.9523809523809524,0.5,0.0,0,1.0,1.0,1.0,0,0.0,0.9111111111111112,1.0,0,1.0,1.0,0,,,1
a-136,b-92,1.0,MATCH,0.7000000000000001,0.6,0.9,0.9,0.3333333333333333,0.0,0.0,0.0,0,0,1.0,1.0,1.0,0,1.0,1.0,1.0,0,0.0,1.0,0.0,0,1.0,1.0,0,,,1
a-827,b-567,1.0,MATCH,0.5357142857142857,0.6666666666666667,0.6666666666666667,0.8333333333333333,0.3333333333333333,0.0,1.0,0.0,7,0,0.9166666666666667,0.5,0.0,0,1.0,1.0,1.0,0,,,,1,1.0,1.0,0,,,1
a-411,b-280,1.0,MATCH,1.0,1.0,1.0,1.0,1.0,1.0,1.0,1.0,0,0,0.9166666666666667,0.5,1.0,0,1.0,1.0,1.0,0,1.0,1.0,1.0,0,1.0,1.0,0,,,1
a-1162,b-807,1.0,MATCH,0.5272727272727272,0.625,0.625,0.75,0.3333333333333333,0.0,1.0,0.0,6,0,1.0,1.0,1.0,0,0.0,1.0,0.0,0,0.0,0.9333333333333332,1.0,0,1.0,1.0,0,,,1
a-1000,b-691,1.0,MATCH,0.7000000000000001,0.6,1.0,1.0,1.0,0.0,0.0,0.0,0,0,1.0,1.0,1.0,0,1.0,1.0,1.0,0,1.0,1.0,1.0,0,1.0,1.0,0,,,1
a-116,b-77,1.0,MATCH,1.0,1.0,1.0,1.0,1.0,1.0,1.0,1.0,0,0,1.0,1.0,1.0,0,1.0,1.0,1.0,0,,,,1,1.0,1.0,0,,,1
a-1033,b-714,1.0,MATCH,1.0,1.0,1.0,1.0,1.0,1.0,1.0,1.0,0,0,0.923076923076923,0.5,0.0,0,1.0,1.0,1.0,0,1.0,1.0,1.0,0,1.0,1.0,0,,,1
a-0,b-0,1.0,MATCH,1.0,1.0,1.0,1.0,1.0,1.0,1.0,1.0,0,0,1.0,1.0,1.0,0,1.0,1.0,1.0,0,1.0,1.0,1.0,0,1.0,1.0,0,,,1
a-1168,b-811,1.0,MATCH,1.0,1.0,1.0,1.0,1.0,1.0,1.0,1.0,0,0,0.923076923076923,0.5,0.0,0,0.0,1.0,1.0,0,0.0,0.9466666666666665,1.0,0,1.0,1.0,0,,,1
a-1381,b-956,1.0,MATCH,0.7623376623376624,0.7777777777777779,0.7777777777777779,0.8333333333333333,0.3333333333333333,0.0,1.0,0.0,4,0,0.9090909090909091,0.5,0.0,0,0.0,1.0,0.0,0,1.0,1.0,1.0,0,1.0,1.0,0,,,1
a-1128,b-783,1.0,MATCH,1.0,1.0,1.0,1.0,1.0,1.0,1.0,1.0,0,0,1.0,1.0,1.0,0,1.0,1.0,1.0,0,1.0,1.0,1.0,0,1.0,1.0,0,,,1
a-439,b-300,1.0,MATCH,0.6444444444444444,0.5333333333333333,1.0,1.0,1.0,0.0,0.0,0.0,0,0,1.0,1.0,1.0,0,1.0,1.0,1.0,0,1.0,1.0,1.0,0,1.0,1.0,0,,,1
a-1181,b-819,1.0,MATCH,1.0,1.0,1.0,1.0,1.0,1.0,1.0,1.0,0,0,1.0,1.0,1.0,0,1.0,1.0,1.0,0,0.0,1.0,0.0,0,1.0,1.0,0,,,1
a-1700,b-1189,1.0,MATCH,1.0,1.0,1.0,1.0,1.0,1.0,1.0,1.0,0,0,1.0,1.0,1.0,0,1.0,1.0,1.0,0,0.0,1.0,0.0,0,1.0,1.0,0,,,1
a-1304,b-900,1.0,MATCH,0.84593837535014,0.9032258064516128,0.9032258064516128,1.0,0.6666666666666666,0.0,0.0,0.0,3,0,0.9629629629629629,0.5,1.0,0,1.0,1.0,1.0,0,0.0,0.975,1.0,0,1.0,1.0,0,,,1
a-588,b-399,1.0,MATCH,1.0,1.0,1.0,1.0,1.0,1.0,1.0,1.0,0,0,0.9655172413793103,0.5,0.0,0,1.0,1.0,1.0,0,1.0,1.0,1.0,0,1.0,1.0,0,,,1
a-281,b-197,1.0,MATCH,1.0,1.0,1.0,1.0,1.0,1.0,1.0,1.0,0,0,0.9375,0.5,1.0,0,0.0,1.0,1.0,0,1.0,1.0,1.0,0,1.0,1.0,0,,,1
a-527,b-353,1.0,MATCH,1.0,1.0,1.0,1.0,1.0,1.0,1.0,1.0,0,0,0.9333333333333332,0.5,1.0,0,1.0,1.0,1.0,0,1.0,1.0,1.0,0,1.0,1.0,0,,,1
a-1204,b-839,1.0,MATCH,1.0,1.0,1.0,1.0,1.0,1.0,1.0,1.0,0,0,1.0,1.0,1.0,0,1.0,1.0,1.0,0,1.0,1.0,1.0,0,1.0,1.0,0,,,1
a-197,b-137,1.0,MATCH,1.0,1.0,1.0,1.0,1.0,1.0,1.0,1.0,0,0,0.9523809523809524,0.3333333333333333,1.0,0,0.0,1.0,1.0,0,,,,1,1.0,1.0,0,,,1
a-1430,b-991,1.0,MATCH,1.0,1.0,1.0,1.0,1.0,1.0,1.0,1.0,0,0,0.9333333333333332,0.5,1.0,0,1.0,1.0,1.0,0,1.0,1.0,1.0,0,1.0,1.0,0,,,1
a-1429,b-990,1.0,MATCH,1.0,1.0,1.0,1.0,1.0,1.0,1.0,1.0,0,0,0.9523809523809524,0.3333333333333333,1.0,0,1.0,1.0,1.0,0,1.0,1.0,1.0,0,1.0,1.0,0,,,1
a-1755,b-1228,1.0,MATCH,1.0,1.0,1.0,1.0,1.0,1.0,1.0,1.0,0,0,1.0,1.0,1.0,0,1.0,1.0,1.0,0,0.0,1.0,0.0,0,1.0,1.0,0,,,1
a-1485,b-1030,1.0,MATCH,1.0,1.0,1.0,1.0,1.0,1.0,1.0,1.0,0,0,0.9714285714285714,0.5,1.0,0,1.0,1.0,1.0,0,1.0,1.0,1.0,0,1.0,1.0,0,,,1
a-1965,b-2193,1.0,MATCH,0.6558857808857809,0.5,0.5,0.8333333333333333,0.3333333333333333,0.0,0.0,0.0,2,0,1.0,1.0,1.0,0,1.0,1.0,1.0,0,,,,1,1.0,1.0,0,,,1
a-1414,b-983,1.0,MATCH,1.0,1.0,1.0,1.0,1.0,1.0,1.0,1.0,0,0,1.0,1.0,1.0,0,0.0,1.0,0.0,0,1.0,1.0,1.0,0,1.0,1.0,0,,,1
a-346,b-235,1.0,MATCH,0.9154545454545455,0.9090909090909091,0.9090909090909091,0.9090909090909091,0.3333333333333333,0.0,0.0,0.0,0,0,1.0,1.0,1.0,0,1.0,1.0,1.0,0,,,,1,1.0,1.0,0,,,1
a-1293,b-891,1.0,MATCH,1.0,1.0,1.0,1.0,1.0,1.0,1.0,1.0,0,0,1.0,1.0,1.0,0,1.0,1.0,1.0,0,0.0,1.0,0.0,0,1.0,1.0,0,,,1
a-117,b-78,1.0,MATCH,1.0,1.0,1.0,1.0,1.0,1.0,1.0,1.0,0,0,1.0,1.0,1.0,0,1.0,1.0,1.0,0,1.0,1.0,1.0,0,1.0,1.0,0,,,1
a-26,b-20,1.0,MATCH,1.0,1.0,1.0,1.0,1.0,1.0,1.0,1.0,0,0,0.9411764705882354,0.3333333333333333,0.0,0,1.0,1.0,1.0,0,1.0,1.0,1.0,0,1.0,1.0,0,,,1
a-199,b-139,1.0,MATCH,0.9722222222222222,0.9166666666666665,0.5833333333333333,0.9166666666666667,0.3333333333333333,0.0,0.0,0.0,0,0,1.0,1.0,1.0,0,1.0,1.0,1.0,0,1.0,1.0,1.0,0,1.0,1.0,0,,,1
a-1770,b-1241,1.0,MATCH,1.0,1.0,1.0,1.0,1.0,1.0,1.0,1.0,0,0,1.0,1.0,1.0,0,1.0,1.0,1.0,0,1.0,1.0,1.0,0,1.0,1.0,0,,,1
a-196,b-136,1.0,MATCH,1.0,1.0,1.0,1.0,1.0,1.0,1.0,1.0,0,0,1.0,1.0,1.0,0,1.0,1.0,1.0,0,1.0,1.0,1.0,0,1.0,1.0,0,,,1
a-48,b-35,1.0,MATCH,1.0,1.0,1.0,1.0,1.0,1.0,1.0,1.0,0,0,0.9333333333333332,0.5,1.0,0,1.0,1.0,1.0,0,0.0,0.95,1.0,0,1.0,1.0,0,,,1
a-948,b-655,1.0,MATCH,1.0,1.0,1.0,1.0,1.0,1.0,1.0,1.0,0,0,1.0,1.0,1.0,0,0.0,1.0,0.0,0,1.0,1.0,1.0,0,1.0,1.0,0,,,1
a-1149,b-797,1.0,MATCH,1.0,1.0,1.0,1.0,1.0,1.0,1.0,1.0,0,0,1.0,1.0,1.0,0,1.0,1.0,1.0,0,1.0,1.0,1.0,0,1.0,1.0,0,,,1
a-1062,b-736,1.0,MATCH,1.0,1.0,1.0,1.0,1.0,1.0,1.0,1.0,0,0,1.0,1.0,1.0,0,1.0,1.0,1.0,0,1.0,1.0,1.0,0,1.0,1.0,0,,,1
a-213,b-147,1.0,MATCH,1.0,1.0,1.0,1.0,1.0,1.0,1.0,1.0,0,0,0.9655172413793103,0.5,1.0,0,1.0,1.0,1.0,0,1.0,1.0,1.0,0,1.0,1.0,0,,,1
a-107,b-71,1.0,MATCH,1.0,1.0,1.0,1.0,1.0,1.0,1.0,1.0,0,0,0.923076923076923,0.5,1.0,0,0.0,1.0,0.0,0,1.0,1.0,1.0,0,1.0,1.0,0,,,1
a-1500,b-1040,1.0,MATCH,0.8909090909090909,0.7777777777777779,0.7777777777777779,0.8333333333333333,0.3333333333333333,0.0,1.0,0.0,4,0,1.0,1.0,1.0,0,1.0,1.0,1.0,0,1.0,1.0,1.0,0,1.0,1.0,0,,,1
a-1104,b-765,1.0,MATCH,1.0,1.0,1.0,1.0,1.0,1.0,1.0,1.0,0,0,1.0,1.0,1.0,0,1.0,1.0,1.0,0,1.0,1.0,1.0,0,1.0,1.0,0,,,1
a-912,b-632,1.0,MATCH,0.7898785425101215,0.8125,0.8125,0.9166666666666667,0.3333333333333333,0.0,1.0,0.0,6,0,1.0,1.0,1.0,0,1.0,1.0,1.0,0,1.0,1.0,1.0,0,1.0,1.0,0,,,1
a-503,b-338,1.0,MATCH,1.0,1.0,1.0,1.0,1.0,1.0,1.0,1.0,0,0,1.0,1.0,1.0,0,0.0,1.0,0.0,0,1.0,1.0,1.0,0,1.0,1.0,0,,,1
a-1068,b-741,1.0,MATCH,1.0,1.0,1.0,1.0,1.0,1.0,1.0,1.0,0,0,0.9655172413793103,0.5,1.0,0,1.0,1.0,1.0,0,1.0,1.0,1.0,0,1.0,1.0,0,,,1
a-1604,b-1123,1.0,MATCH,1.0,1.0,1.0,1.0,1.0,1.0,1.0,1.0,0,0,1.0,1.0,1.0,0,1.0,1.0,1.0,0,0.0,1.0,0.0,0,1.0,1.0,0,,,1
a-1560,b-1087,1.0,MATCH,0.98,0.9473684210526316,0.9473684210526316,0.9473684210526315,0.0,0.0,0.0,0.0,1,0,1.0,1.0,1.0,0,1.0,1.0,1.0,0,0.0,0.9166666666666666,1.0,0,1.0,1.0,0,,,1
a-97,b-62,1.0,MATCH,1.0,1.0,1.0,1.0,1.0,1.0,1.0,1.0,0,0,1.0,1.0,1.0,0,1.0,1.0,1.0,0,0.0,0.9022222222222223,1.0,0,1.0,1.0,0,,,1
a-1157,b-803,1.0,MATCH,1.0,1.0,1.0,1.0,1.0,1.0,1.0,1.0,0,0,1.0,1.0,1.0,0,0.0,1.0,0.0,0,0.0,1.0,0.0,0,1.0,1.0,0,,,1
a-730,b-497,1.0,MATCH,1.0,1.0,1.0,1.0,1.0,1.0,1.0,1.0,0,0,1.0,1.0,1.0,0,1.0,1.0,1.0,0,1.0,1.0,1.0,0,1.0,1.0,0,,,1
a-1333,b-920,1.0,MATCH,1.0,1.0,1.0,1.0,1.0,1.0,1.0,1.0,0,0,1.0,1.0,1.0,0,1.0,1.0,1.0,0,1.0,1.0,1.0,0,1.0,1.0,0,,,1
a-673,b-461,1.0,MATCH,1.0,1.0,1.0,1.0,1.0,1.0,1.0,1.0,0,0,0.923076923076923,0.2,0.0,0,1.0,1.0,1.0,0,1.0,1.0,1.0,0,1.0,1.0,0,,,1
a-845,b-581,1.0,MATCH,1.0,1.0,1.0,1.0,1.0,1.0,1.0,1.0,0,0,1.0,1.0,1.0,0,1.0,1.0,1.0,0,1.0,1.0,1.0,0,1.0,1.0,0,,,1
a-808,b-554,1.0,MATCH,1.0,1.0,1.0,1.0,1.0,1.0,1.0,1.0,0,0,0.9655172413793103,0.5,1.0,0,1.0,1.0,1.0,0,0.0,0.9714285714285714,1.0,0,1.0,1.0,0,,,1
a-84,b-55,1.0,MATCH,0.5166666666666667,0.5,1.0,1.0,1.0,0.0,0.0,0.0,0,0,1.0,1.0,1.0,0,1.0,1.0,1.0,0,1.0,1.0,1.0,0,1.0,1.0,0,,,1
a-1528,b-1062,1.0,MATCH,1.0,1.0,1.0,1.0,1.0,1.0,1.0,1.0,0,0,1.0,1.0,1.0,0,0.0,1.0,0.0,0,0.0,1.0,0.0,0,1.0,1.0,0,,,1
a-1099,b-760,1.0,MATCH,1.0,1.0,1.0,1.0,1.0,1.0,1.0,1.0,0,0,0.9655172413793103,0.5,1.0,0,0.0,1.0,0.0,0,1.0,1.0,1.0,0,1.0,1.0,0,,,1
a-1200,b-836,1.0,MATCH,0.9577777777777777,0.9473684210526316,0.9473684210526316,0.9473684210526315,0.3333333333333333,0.0,0.0,1.0,1,0,1.0,1.0,1.0,0,1.0,1.0,1.0,0,1.0,1.0,1.0,0,1.0,1.0,0,,,1
a-1665,b-1163,1.0,MATCH,1.0,1.0,1.0,1.0,1.0,1.0,1.0,1.0,0,0,0.967741935483871,0.5,1.0,0,1.0,1.0,1.0,0,1.0,1.0,1.0,0,1.0,1.0,0,,,1
a-1849,b-1293,1.0,MATCH,0.88,0.75,0.75,0.8,0.3333333333333333,0.0,1.0,0.0,4,0,1.0,1.0,1.0,0,1.0,1.0,1.0,0,1.0,1.0,1.0,0,1.0,1.0,0,,,1
a-917,b-635,1.0,MATCH,1.0,1.0,1.0,1.0,1.0,1.0,1.0,1.0,0,0,0.9285714285714286,0.5,1.0,0,1.0,1.0,1.0,0,1.0,1.0,1.0,0,1.0,1.0,0,,,1
a-1758,b-1230,1.0,MATCH,1.0,1.0,1.0,1.0,1.0,1.0,1.0,1.0,0,0,0.7333333333333333,0.2,1.0,0,1.0,1.0,1.0,0,1.0,1.0,1.0,0,1.0,1.0,0,,,1
a-76,b-50,1.0,MATCH,1.0,1.0,1.0,1.0,1.0,1.0,1.0,1.0,0,0,0.9285714285714286,0.5,0.0,0,1.0,1.0,1.0,0,1.0,1.0,1.0,0,1.0,1.0,0,,,1
a-1408,b-977,1.0,MATCH,1.0,1.0,1.0,1.0,1.0,1.0,1.0,1.0,0,0,0.9285714285714286,0.2,1.0,0,0.0,1.0,0.0,0,,,,1,1.0,1.0,0,,,1
a-237,b-164,1.0,MATCH,1.0,1.0,1.0,1.0,1.0,1.0,1.0,1.0,0,0,0.9375,0.5,1.0,0,1.0,1.0,1.0,0,0.0,1.0,0.0,0,1.0,1.0,0,,,1
a-1234,b-856,1.0,MATCH,1.0,1.0,1.0,1.0,1.0,1.0,1.0,1.0,0,0,0.9375,0.5,0.0,0,1.0,1.0,1.0,0,1.0,1.0,1.0,0,1.0,1.0,0,,,1
a-427,b-290,1.0,MATCH,0.7099567099567099,0.5454545454545454,1.0,1.0,1.0,0.0,0.0,0.0,0,0,0.9696969696969697,0.5,1.0,0,1.0,1.0,1.0,0,0.0,1.0,0.0,0,1.0,1.0,0,,,1
a-1089,b-755,1.0,MATCH,1.0,1.0,1.0,1.0,1.0,1.0,1.0,1.0,0,0,1.0,1.0,1.0,0,1.0,1.0,1.0,0,0.0,1.0,0.0,0,1.0,1.0,0,,,1
a-1049,b-727,1.0,MATCH,1.0,1.0,1.0,1.0,1.0,1.0,1.0,1.0,0,0,0.9375,0.5,1.0,0,1.0,1.0,1.0,0,1.0,1.0,1.0,0,1.0,1.0,0,,,1
a-1396,b-967,1.0,MATCH,1.0,1.0,1.0,1.0,1.0,1.0,1.0,1.0,0,0,1.0,1.0,1.0,0,1.0,1.0,1.0,0,1.0,1.0,1.0,0,1.0,1.0,0,,,1
a-1748,b-1223,1.0,MATCH,0.8846153846153846,0.7619047619047619,0.7619047619047619,0.8571428571428571,0.3333333333333333,0.0,1.0,0.0,5,0,0.9333333333333332,0.5,1.0,0,1.0,1.0,1.0,0,,,,1,1.0,1.0,0,,,1
a-465,b-314,1.0,MATCH,1.0,1.0,1.0,1.0,1.0,1.0,1.0,1.0,0,0,1.0,1.0,1.0,0,0.0,1.0,1.0,0,1.0,1.0,1.0,0,1.0,1.0,0,,,1
a-1497,b-1038,1.0,MATCH,0.85,0.8888888888888888,0.8888888888888888,1.0,0.6666666666666666,0.0,0.0,0.0,3,0,1.0,1.0,1.0,0,1.0,1.0,1.0,0,0.0,0.9,1.0,0,1.0,1.0,0,,,1
a-1757,b-1229,1.0,MATCH,1.0,1.0,1.0,1.0,1.0,1.0,1.0,1.0,0,0,1.0,1.0,1.0,0,1.0,1.0,1.0,0,0.0,0.9714285714285714,1.0,0,1.0,1.0,0,,,1
a-1066,b-739,1.0,MATCH,1.0,1.0,1.0,1.0,1.0,1.0,1.0,1.0,0,0,1.0,1.0,1.0,0,1.0,1.0,1.0,0,1.0,1.0,1.0,0,1.0,1.0,0,,,1
a-833,b-572,1.0,MATCH,1.0,1.0,1.0,1.0,1.0,1.0,1.0,1.0,0,0,0.9285714285714286,0.5,1.0,0,1.0,1.0,1.0,0,,,,1,1.0,1.0,0,,,1
a-1379,b-954,1.0,MATCH,1.0,1.0,1.0,1.0,1.0,1.0,1.0,1.0,0,0,1.0,1.0,1.0,0,1.0,1.0,1.0,0,1.0,1.0,1.0,0,1.0,1.0,0,,,1
a-1141,b-794,1.0,MATCH,1.0,1.0,1.0,1.0,1.0,1.0,1.0,1.0,0,0,1.0,1.0,1.0,0,1.0,1.0,1.0,0,,,,1,1.0,1.0,0,,,1
a-1726,b-1207,1.0,MATCH,1.0,1.0,1.0,1.0,1.0,1.0,1.0,1.0,0,0,0.9444444444444444,0.5,0.0,0,0.0,1.0,0.0,0,0.0,1.0,0.0,0,1.0,1.0,0,,,1
a-218,b-149,1.0,MATCH,0.8480519480519481,0.7777777777777779,0.7777777777777779,0.8333333333333333,0.3333333333333333,0.0,1.0,0.0,4,0,1.0,1.0,1.0,0,1.0,1.0,1.0,0,,,,1,1.0,1.0,0,,,1
a-941,b-651,1.0,MATCH,1.0,1.0,1.0,1.0,1.0,1.0,1.0,1.0,0,0,1.0,1.0,1.0,0,1.0,1.0,1.0,0,1.0,1.0,1.0,0,1.0,1.0,0,,,1
a-1025,b-708,1.0,MATCH,1.0,1.0,1.0,1.0,1.0,1.0,1.0,1.0,0,0,0.9375,0.5,1.0,0,1.0,1.0,1.0,0,1.0,1.0,1.0,0,1.0,1.0,0,,,1
a-1899,b-1325,1.0,MATCH,1.0,1.0,1.0,1.0,1.0,1.0,1.0,1.0,0,0,1.0,1.0,1.0,0,1.0,1.0,1.0,0,0.0,0.8666666666666667,1.0,0,1.0,1.0,0,,,1
a-41,b-30,1.0,MATCH,1.0,1.0,1.0,1.0,1.0,1.0,1.0,1.0,0,0,0.9090909090909091,0.5,1.0,0,0.0,1.0,1.0,0,0.0,1.0,0.0,0,1.0,1.0,0,,,1
a-75,b-49,1.0,MATCH,1.0,1.0,1.0,1.0,1.0,1.0,1.0,1.0,0,0,1.0,1.0,1.0,0,0.0,1.0,1.0,0,1.0,1.0,1.0,0,1.0,1.0,0,,,1
a-352,b-239,1.0,MATCH,0.9777777777777777,0.9166666666666665,0.9166666666666665,0.9166666666666667,0.3333333333333333,0.0,0.0,0.0,0,0,1.0,1.0,1.0,0,1.0,1.0,1.0,0,1.0,1.0,1.0,0,1.0,1.0,0,,,1
a-1437,b-995,1.0,MATCH,1.0,1.0,1.0,1.0,1.0,1.0,1.0,1.0,0,0,1.0,1.0,1.0,0,1.0,1.0,1.0,0,1.0,1.0,1.0,0,1.0,1.0,0,,,1
a-1340,b-924,1.0,MATCH,0.8076923076923077,0.8181818181818181,0.8181818181818181,0.875,0.3333333333333333,0.0,1.0,0.0,4,0,1.0,1.0,1.0,0,1.0,1.0,1.0,0,0.0,0.9249999999999999,1.0,0,1.0,1.0,0,,,1
a-385,b-259,1.0,MATCH,0.7306397306397306,0.6363636363636364,1.0,1.0,1.0,0.0,0.0,0.0,0,0,1.0,1.0,1.0,0,1.0,1.0,1.0,0,1.0,1.0,1.0,0,1.0,1.0,0,,,1
a-227,b-156,1.0,MATCH,1.0,1.0,1.0,1.0,1.0,1.0,1.0,1.0,0,0,1.0,1.0,1.0,0,1.0,1.0,1.0,0,1.0,1.0,1.0,0,1.0,1.0,0,,,1
a-1919,b-1340,1.0,MATCH,0.9857142857142858,0.962962962962963,0.962962962962963,0.9629629629629629,0.3333333333333333,0.0,0.0,0.0,1,0,1.0,1.0,1.0,0,1.0,1.0,1.0,0,1.0,1.0,1.0,0,1.0,1.0,0,,,1
a-535,b-360,1.0,MATCH,1.0,1.0,1.0,1.0,1.0,1.0,1.0,1.0,0,0,1.0,1.0,1.0,0,1.0,1.0,1.0,0,0.0,0.9611111111111111,1.0,0,1.0,1.0,0,,,1
a-919,b-637,1.0,MATCH,1.0,1.0,1.0,1.0,1.0,1.0,1.0,1.0,0,0,0.9655172413793103,0.25,1.0,0,1.0,1.0,1.0,0,1.0,1.0,1.0,0,1.0,1.0,0,,,1
a-242,b-169,1.0,MATCH,1.0,1.0,1.0,1.0,1.0,1.0,1.0,1.0,0,0,1.0,1.0,1.0,0,1.0,1.0,1.0,0,1.0,1.0,1.0,0,1.0,1.0,0,,,1
a-1538,b-1070,1.0,MATCH,1.0,1.0,1.0,1.0,1.0,1.0,1.0,1.0,0,0,0.9777777777777777,0.5,1.0,0,1.0,1.0,1.0,0,1.0,1.0,1.0,0,1.0,1.0,0,,,1
a-869,b-600,1.0,MATCH,0.6588235294117647,0.5294117647058824,1.0,1.0,1.0,0.0,0.0,0.0,0,0,1.0,1.0,1.0,0,1.0,1.0,1.0,0,1.0,1.0,1.0,0,1.0,1.0,0,,,1
a-295,b-204,1.0,MATCH,0.9549450549450549,0.962962962962963,0.962962962962963,0.9629629629629629,0.3333333333333333,0.0,0.0,0.0,1,0,0.967741935483871,0.5,1.0,0,1.0,1.0,1.0,0,1.0,1.0,1.0,0,1.0,1.0,0,,,1
a-1441,b-998,1.0,MATCH,1.0,1.0,1.0,1.0,1.0,1.0,1.0,1.0,0,0,1.0,1.0,1.0,0,1.0,1.0,1.0,0,1.0,1.0,1.0,0,1.0,1.0,0,,,1
a-450,b-306,1.0,MATCH,1.0,1.0,1.0,1.0,1.0,1.0,1.0,1.0,0,0,0.967741935483871,0.5,1.0,0,1.0,1.0,1.0,0,1.0,1.0,1.0,0,1.0,1.0,0,,,1
a-349,b-238,1.0,MATCH,0.84593837535014,0.9032258064516128,0.9032258064516128,1.0,0.6666666666666666,0.0,0.0,0.0,3,0,1.0,1.0,1.0,0,1.0,1.0,1.0,0,1.0,1.0,1.0,0,1.0,1.0,0,,,1
a-558,b-376,1.0,MATCH,0.49242424242424243,0.4545454545454546,1.0,1.0,1.0,0.0,0.0,0.0,0,0,0.967741935483871,0.5,1.0,0,1.0,1.0,1.0,0,0.0,1.0,0.0,0,1.0,1.0,0,,,1
a-1208,b-842,1.0,MATCH,1.0,1.0,1.0,1.0,1.0,1.0,1.0,1.0,0,0,1.0,1.0,1.0,0,0.0,1.0,1.0,0,1.0,1.0,1.0,0,1.0,1.0,0,,,1
a-1551,b-1081,1.0,MATCH,1.0,1.0,1.0,1.0,1.0,1.0,1.0,1.0,0,0,1.0,1.0,1.0,0,1.0,1.0,1.0,0,0.0,1.0,0.0,0,1.0,1.0,0,,,1
a-163,b-113,1.0,MATCH,0.7796153846153846,0.7878787878787878,0.7878787878787878,0.9166666666666667,0.3333333333333333,0.0,1.0,0.0,7,0,0.9333333333333332,0.5,1.0,0,1.0,1.0,1.0,0,,,,1,1.0,1.0,0,,,1
a-1078,b-748,1.0,MATCH,1.0,1.0,1.0,1.0,1.0,1.0,1.0,1.0,0,0,1.0,1.0,1.0,0,0.0,1.0,0.0,0,0.0,1.0,0.0,0,1.0,1.0,0,,,1
a-365,b-248,1.0,MATCH,1.0,1.0,1.0,1.0,1.0,1.0,1.0,1.0,0,0,0.9285714285714286,0.5,1.0,0,1.0,1.0,1.0,0,1.0,1.0,1.0,0,1.0,1.0,0,,,1
a-1687,b-1178,1.0,MATCH,1.0,1.0,1.0,1.0,1.0,1.0,1.0,1.0,0,0,1.0,1.0,1.0,0,1.0,1.0,1.0,0,1.0,1.0,1.0,0,1.0,1.0,0,,,1
a-497,b-333,1.0,MATCH,1.0,1.0,1.0,1.0,1.0,1.0,1.0,1.0,0,0,1.0,1.0,1.0,0,1.0,1.0,1.0,0,0.0,1.0,0.0,0,1.0,1.0,0,,,1
a-1961,b-1370,1.0,MATCH,1.0,1.0,1.0,1.0,1.0,1.0,1.0,1.0,0,0,0.9655172413793103,0.5,1.0,0,1.0,1.0,1.0,0,0.0,1.0,0.0,0,1.0,1.0,0,,,1
a-1229,b-852,1.0,MATCH,1.0,1.0,1.0,1.0,1.0,1.0,1.0,1.0,0,0,0.9714285714285714,0.5,0.0,0,1.0,1.0,1.0,0,,,,1,1.0,1.0,0,,,1
a-1283,b-883,1.0,MATCH,0.5854700854700855,0.5384615384615384,1.0,1.0,1.0,0.0,0.0,0.0,0,0,0.9473684210526315,0.2,1.0,0,1.0,1.0,1.0,0,,,,1,1.0,1.0,0,,,1
a-560,b-378,1.0,MATCH,1.0,1.0,1.0,1.0,1.0,1.0,1.0,1.0,0,0,1.0,1.0,1.0,0,0.0,1.0,0.0,0,1.0,1.0,1.0,0,1.0,1.0,0,,,1
a-916,b-634,1.0,MATCH,1.0,1.0,1.0,1.0,1.0,1.0,1.0,1.0,0,0,0.9696969696969697,0.5,1.0,0,1.0,1.0,1.0,0,1.0,1.0,1.0,0,1.0,1.0,0,,,1
a-1401,b-970,1.0,MATCH,1.0,1.0,1.0,1.0,1.0,1.0,1.0,1.0,0,0,1.0,1.0,1.0,0,1.0,1.0,1.0,0,0.0,0.9857142857142858,1.0,0,1.0,1.0,0,,,1
a-633,b-435,1.0,MATCH,1.0,1.0,1.0,1.0,1.0,1.0,1.0,1.0,0,0,1.0,1.0,1.0,0,1.0,1.0,1.0,0,1.0,1.0,1.0,0,1.0,1.0,0,,,1
a-598,b-408,1.0,MATCH,0.8092948717948718,0.896551724137931,0.896551724137931,1.0,0.6666666666666666,0.0,0.0,0.0,3,0,0.9333333333333332,0.2,1.0,0,0.0,1.0,1.0,0,1.0,1.0,1.0,0,1.0,1.0,0,,,1
a-257,b-178,1.0,MATCH,1.0,1.0,1.0,1.0,1.0,1.0,1.0,1.0,0,0,1.0,1.0,1.0,0,1.0,1.0,1.0,0,0.0,0.9818181818181818,1.0,0,1.0,1.0,0,,,1
a-181,b-125,1.0,MATCH,1.0,1.0,1.0,1.0,1.0,1.0,1.0,1.0,0,0,1.0,1.0,1.0,0,0.0,1.0,0.0,0,1.0,1.0,1.0,0,1.0,1.0,0,,,1
a-680,b-467,1.0,MATCH,1.0,1.0,1.0,1.0,1.0,1.0,1.0,1.0,0,0,0.9285714285714286,0.5,1.0,0,1.0,1.0,1.0,0,0.0,0.9444444444444445,1.0,0,1.0,1.0,0,,,1
a-630,b-432,1.0,MATCH,1.0,1.0,1.0,1.0,1.0,1.0,1.0,1.0,0,0,0.9523809523809524,0.3333333333333333,1.0,0,1.0,1.0,1.0,0,1.0,1.0,1.0,0,1.0,1.0,0,,,1
a-706,b-484,1.0,MATCH,1.0,1.0,1.0,1.0,1.0,1.0,1.0,1.0,0,0,1.0,1.0,1.0,0,1.0,1.0,1.0,0,1.0,1.0,1.0,0,1.0,1.0,0,,,1
a-70,b-47,1.0,MATCH,0.7999999999999999,0.8,0.8,0.8,0.3333333333333333,0.0,1.0,0.0,3,0,1.0,1.0,1.0,0,1.0,1.0,1.0,0,1.0,1.0,1.0,0,1.0,1.0,0,,,1
a-1343,b-926,1.0,MATCH,0.25555555555555554,0.5333333333333333,1.0,1.0,1.0,0.0,0.0,0.0,0,0,1.0,1.0,1.0,0,1.0,1.0,1.0,0,0.0,1.0,0.0,0,1.0,1.0,0,,,1
a-1311,b-903,1.0,MATCH,1.0,1.0,1.0,1.0,1.0,1.0,1.0,1.0,0,0,1.0,1.0,1.0,0,0.0,1.0,0.0,0,1.0,1.0,1.0,0,1.0,1.0,0,,,1
a-1928,b-1347,1.0,MATCH,0.5970695970695971,0.5384615384615384,1.0,1.0,1.0,0.0,0.0,0.0,0,0,0.9285714285714286,0.5,1.0,0,1.0,1.0,1.0,0,,,,1,1.0,1.0,0,,,1
a-987,b-679,1.0,MATCH,1.0,1.0,1.0,1.0,1.0,1.0,1.0,1.0,0,0,1.0,1.0,1.0,0,0.0,1.0,1.0,0,1.0,1.0,1.0,0,1.0,1.0,0,,,1
a-1714,b-1198,1.0,MATCH,0.4551282051282051,0.5384615384615384,1.0,1.0,1.0,0.0,0.0,0.0,0,0,1.0,1.0,1.0,0,1.0,1.0,1.0,0,0.0,1.0,0.0,0,1.0,1.0,0,,,1
a-299,b-206,1.0,MATCH,1.0,1.0,1.0,1.0,1.0,1.0,1.0,1.0,0,0,0.9090909090909091,0.5,1.0,0,1.0,1.0,1.0,0,0.0,0.9625,1.0,0,1.0,1.0,0,,,1
a-292,b-203,1.0,MATCH,1.0,1.0,1.0,1.0,1.0,1.0,1.0,1.0,0,0,0.9655172413793103,0.5,1.0,0,0.0,1.0,0.0,0,1.0,1.0,1.0,0,1.0,1.0,0,,,1
a-1872,b-1308,1.0,MATCH,1.0,1.0,1.0,1.0,1.0,1.0,1.0,1.0,0,0,1.0,1.0,1.0,0,0.0,1.0,1.0,0,1.0,1.0,1.0,0,1.0,1.0,0,,,1
a-525,b-352,1.0,MATCH,1.0,1.0,1.0,1.0,1.0,1.0,1.0,1.0,0,0,1.0,1.0,1.0,0,1.0,1.0,1.0,0,1.0,1.0,1.0,0,1.0,1.0,0,,,1
a-520,b-348,1.0,MATCH,0.47985347985347987,0.7,0.7,0.8333333333333333,0.3333333333333333,0.0,1.0,0.0,6,0,0.9714285714285714,0.5,1.0,0,0.0,1.0,0.0,0,0.0,1.0,0.0,0,1.0,1.0,0,,,1
a-1524,b-1059,1.0,MATCH,1.0,1.0,1.0,1.0,1.0,1.0,1.0,1.0,0,0,1.0,1.0,1.0,0,0.0,1.0,1.0,0,1.0,1.0,1.0,0,1.0,1.0,0,,,1
a-1707,b-1193,1.0,MATCH,1.0,1.0,1.0,1.0,1.0,1.0,1.0,1.0,0,0,1.0,1.0,1.0,0,1.0,1.0,1.0,0,0.0,1.0,0.0,0,1.0,1.0,0,,,1
a-250,b-175,1.0,MATCH,1.0,1.0,1.0,1.0,1.0,1.0,1.0,1.0,0,0,0.8181818181818181,0.3333333333333333,1.0,0,1.0,1.0,1.0,0,1.0,1.0,1.0,0,1.0,1.0,0,,,1
a-1895,b-1322,1.0,MATCH,1.0,1.0,1.0,1.0,1.0,1.0,1.0,1.0,0,0,1.0,1.0,1.0,0,1.0,1.0,1.0,0,0.0,1.0,0.0,0,1.0,1.0,0,,,1
a-55,b-41,1.0,MATCH,1.0,1.0,1.0,1.0,1.0,1.0,1.0,1.0,0,0,1.0,1.0,1.0,0,1.0,1.0,1.0,0,1.0,1.0,1.0,0,1.0,1.0,0,,,1
a-1045,b-723,1.0,MATCH,1.0,1.0,1.0,1.0,1.0,1.0,1.0,1.0,0,0,1.0,1.0,1.0,0,1.0,1.0,1.0,0,0.0,1.0,0.0,0,1.0,1.0,0,,,1
a-1447,b-1003,1.0,MATCH,1.0,1.0,1.0,1.0,1.0,1.0,1.0,1.0,0,0,1.0,1.0,1.0,0,1.0,1.0,1.0,0,1.0,1.0,1.0,0,1.0,1.0,0,,,1
a-1991,b-1394,1.0,MATCH,1.0,1.0,1.0,1.0,1.0,1.0,1.0,1.0,0,0,0.9629629629629629,0.5,1.0,0,1.0,1.0,1.0,0,1.0,1.0,1.0,0,1.0,1.0,0,,,1
a-631,b-433,1.0,MATCH,1.0,1.0,1.0,1.0,1.0,1.0,1.0,1.0,0,0,0.8823529411764706,0.5,1.0,0,1.0,1.0,1.0,0,1.0,1.0,1.0,0,1.0,1.0,0,,,1
a-1398,b-968,1.0,MATCH,1.0,1.0,1.0,1.0,1.0,1.0,1.0,1.0,0,0,1.0,1.0,1.0,0,1.0,1.0,1.0,0,,,,1,1.0,1.0,0,,,1
a-681,b-468,1.0,MATCH,1.0,1.0,1.0,1.0,1.0,1.0,1.0,1.0,0,0,1.0,1.0,1.0,0,1.0,1.0,1.0,0,1.0,1.0,1.0,0,1.0,1.0,0,,,1
a-380,b-256,1.0,MATCH,1.0,1.0,1.0,1.0,1.0,1.0,1.0,1.0,0,0,1.0,1.0,1.0,0,1.0,1.0,1.0,0,1.0,1.0,1.0,0,1.0,1.0,0,,,1
a-1041,b-720,1.0,MATCH,1.0,1.0,1.0,1.0,1.0,1.0,1.0,1.0,0,0,1.0,1.0,1.0,0,1.0,1.0,1.0,0,1.0,1.0,1.0,0,1.0,1.0,0,,,1
a-710,b-487,1.0,MATCH,1.0,1.0,1.0,1.0,1.0,1.0,1.0,1.0,0,0,1.0,1.0,1.0,0,1.0,1.0,1.0,0,0.0,0.9714285714285714,1.0,0,1.0,1.0,0,,,1
a-100,b-65,1.0,MATCH,1.0,1.0,1.0,1.0,1.0,1.0,1.0,1.0,0,0,0.903225806451613,0.2,0.0,0,1.0,1.0,1.0,0,0.0,0.8666666666666667,1.0,0,1.0,1.0,0,,,1
a-1567,b-1092,1.0,MATCH,1.0,1.0,1.0,1.0,1.0,1.0,1.0,1.0,0,0,0.9090909090909091,0.3333333333333333,1.0,0,1.0,1.0,1.0,0,0.0,0.9714285714285714,1.0,0,1.0,1.0,0,,,1
a-286,b-200,1.0,MATCH,1.0,1.0,1.0,1.0,1.0,1.0,1.0,1.0,0,0,1.0,1.0,1.0,0,0.0,1.0,0.0,0,1.0,1.0,1.0,0,1.0,1.0,0,,,1
a-634,b-436,1.0,MATCH,0.41919191919191917,0.7058823529411764,0.7058823529411764,0.8,0.3333333333333333,0.0,1.0,0.0,5,0,1.0,1.0,1.0,0,1.0,1.0,1.0,0,1.0,1.0,1.0,0,1.0,1.0,0,,,1
a-51,b-37,1.0,MATCH,1.0,1.0,1.0,1.0,1.0,1.0,1.0,1.0,0,0,0.9285714285714286,0.2,1.0,0,1.0,1.0,1.0,0,1.0,1.0,1.0,0,1.0,1.0,0,,,1
a-432,b-295,1.0,MATCH,1.0,1.0,1.0,1.0,1.0,1.0,1.0,1.0,0,0,0.9696969696969697,0.25,1.0,0,1.0,1.0,1.0,0,0.0,1.0,0.0,0,1.0,1.0,0,,,1
a-1057,b-733,1.0,MATCH,0.85,0.8888888888888888,0.8888888888888888,1.0,0.6666666666666666,0.0,0.0,0.0,3,0,0.9655172413793103,0.5,1.0,0,0.0,1.0,0.0,0,1.0,1.0,1.0,0,1.0,1.0,0,,,1
a-1764,b-1235,1.0,MATCH,1.0,1.0,1.0,1.0,1.0,1.0,1.0,1.0,0,0,1.0,1.0,1.0,0,1.0,1.0,1.0,0,1.0,1.0,1.0,0,1.0,1.0,0,,,1
a-1828,b-1280,1.0,MATCH,1.0,1.0,1.0,1.0,1.0,1.0,1.0,1.0,0,0,1.0,1.0,1.0,0,1.0,1.0,1.0,0,1.0,1.0,1.0,0,1.0,1.0,0,,,1
a-814,b-558,1.0,MATCH,0.9733333333333334,0.9333333333333332,0.9333333333333332,0.9333333333333332,0.3333333333333333,0.0,0.0,0.0,0,0,1.0,1.0,1.0,0,1.0,1.0,1.0,0,1.0,1.0,1.0,0,1.0,1.0,0,,,1
a-1256,b-868,1.0,MATCH,0.7592592592592592,0.5833333333333333,1.0,1.0,1.0,0.0,0.0,0.0,0,0,1.0,1.0,1.0,0,1.0,1.0,1.0,0,1.0,1.0,1.0,0,1.0,1.0,0,,,1
a-870,b-601,1.0,MATCH,1.0,1.0,1.0,1.0,1.0,1.0,1.0,1.0,0,0,1.0,1.0,1.0,0,1.0,1.0,1.0,0,1.0,1.0,1.0,0,1.0,1.0,0,,,1
a-983,b-676,1.0,MATCH,1.0,1.0,1.0,1.0,1.0,1.0,1.0,1.0,0,0,0.967741935483871,0.5,1.0,0,1.0,1.0,1.0,0,,,,1,1.0,1.0,0,,,1
a-918,b-636,1.0,MATCH,1.0,1.0,1.0,1.0,1.0,1.0,1.0,1.0,0,0,0.967741935483871,0.25,1.0,0,1.0,1.0,1.0,0,1.0,1.0,1.0,0,1.0,1.0,0,,,1
a-1223,b-849,1.0,MATCH,0.9777777777777777,0.9565217391304348,0.9565217391304348,0.9565217391304348,0.3333333333333333,0.0,0.0,0.0,1,0,1.0,1.0,1.0,0,1.0,1.0,1.0,0,0.0,0.9466666666666665,1.0,0,1.0,1.0,0,,,1
a-1934,b-1349,1.0,MATCH,1.0,1.0,1.0,1.0,1.0,1.0,1.0,1.0,0,0,0.96,0.5,1.0,0,1.0,1.0,1.0,0,1.0,1.0,1.0,0,1.0,1.0,0,,,1
a-1048,b-726,1.0,MATCH,1.0,1.0,1.0,1.0,1.0,1.0,1.0,1.0,0,0,1.0,1.0,1.0,0,1.0,1.0,1.0,0,1.0,1.0,1.0,0,1.0,1.0,0,,,1
a-1800,b-1263,1.0,MATCH,1.0,1.0,1.0,1.0,1.0,1.0,1.0,1.0,0,0,1.0,1.0,1.0,0,1.0,1.0,1.0,0,0.0,1.0,0.0,0,1.0,1.0,0,,,1
a-1100,b-761,1.0,MATCH,1.0,1.0,1.0,1.0,1.0,1.0,1.0,1.0,0,0,1.0,1.0,1.0,0,1.0,1.0,1.0,0,1.0,1.0,1.0,0,1.0,1.0,0,,,1
a-221,b-151,1.0,MATCH,1.0,1.0,1.0,1.0,1.0,1.0,1.0,1.0,0,0,1.0,1.0,1.0,0,1.0,1.0,1.0,0,1.0,1.0,1.0,0,1.0,1.0,0,,,1
a-408,b-277,1.0,MATCH,1.0,1.0,1.0,1.0,1.0,1.0,1.0,1.0,0,0,0.967741935483871,0.5,1.0,0,1.0,1.0,1.0,0,0.0,0.9407407407407408,1.0,0,1.0,1.0,0,,,1
a-1540,b-1072,1.0,MATCH,0.5050505050505051,0.7058823529411764,0.7058823529411764,0.8,0.3333333333333333,0.0,1.0,0.0,5,0,1.0,1.0,1.0,0,1.0,1.0,1.0,0,0.0,0.88,1.0,0,1.0,1.0,0,,,1
a-417,b-284,1.0,MATCH,1.0,1.0,1.0,1.0,1.0,1.0,1.0,1.0,0,0,1.0,1.0,1.0,0,1.0,1.0,1.0,0,1.0,1.0,1.0,0,1.0,1.0,0,,,1
a-376,b-254,1.0,MATCH,1.0,1.0,1.0,1.0,1.0,1.0,1.0,1.0,0,0,0.9411764705882354,0.5,1.0,0,0.0,1.0,0.0,0,1.0,1.0,1.0,0,1.0,1.0,0,,,1
a-1606,b-1125,1.0,MATCH,1.0,1.0,1.0,1.0,1.0,1.0,1.0,1.0,0,0,0.9285714285714286,0.5,1.0,0,1.0,1.0,1.0,0,0.0,0.9464285714285714,1.0,0,1.0,1.0,0,,,1
a-974,b-671,1.0,MATCH,1.0,1.0,1.0,1.0,1.0,1.0,1.0,1.0,0,0,1.0,1.0,1.0,0,1.0,1.0,1.0,0,1.0,1.0,1.0,0,1.0,1.0,0,,,1
a-103,b-68,1.0,MATCH,1.0,1.0,1.0,1.0,1.0,1.0,1.0,1.0,0,0,1.0,1.0,1.0,0,1.0,1.0,1.0,0,0.0,0.9111111111111112,1.0,0,1.0,1.0,0,,,1
a-1313,b-904,1.0,MATCH,1.0,1.0,1.0,1.0,1.0,1.0,1.0,1.0,0,0,0.9166666666666667,0.5,0.0,0,1.0,1.0,1.0,0,1.0,1.0,1.0,0,1.0,1.0,0,,,1
a-1278,b-879,1.0,MATCH,1.0,1.0,1.0,1.0,1.0,1.0,1.0,1.0,0,0,0.9375,0.5,1.0,0,0.0,1.0,1.0,0,1.0,1.0,1.0,0,1.0,1.0,0,,,1
a-147,b-100,1.0,MATCH,1.0,1.0,1.0,1.0,1.0,1.0,1.0,1.0,0,0,1.0,1.0,1.0,0,1.0,1.0,1.0,0,,,,1,1.0,1.0,0,,,1
a-1760,b-1232,1.0,MATCH,0.9249999999999999,0.8571428571428572,0.5714285714285714,0.8571428571428571,0.3333333333333333,0.0,1.0,1.0,2,0,1.0,1.0,1.0,0,1.0,1.0,1.0,0,1.0,1.0,1.0,0,1.0,1.0,0,,,1
a-224,b-153,1.0,MATCH,0.5333333333333333,0.5,1.0,1.0,1.0,0.0,0.0,0.0,0,0,1.0,1.0,1.0,0,1.0,1.0,1.0,0,1.0,1.0,1.0,0,1.0,1.0,0,,,1
a-324,b-220,1.0,MATCH,1.0,1.0,1.0,1.0,1.0,1.0,1.0,1.0,0,0,0.9655172413793103,0.5,1.0,0,1.0,1.0,1.0,0,0.0,0.9833333333333333,1.0,0,1.0,1.0,0,,,1
a-685,b-470,1.0,MATCH,1.0,1.0,1.0,1.0,1.0,1.0,1.0,1.0,0,0,1.0,1.0,1.0,0,1.0,1.0,1.0,0,1.0,1.0,1.0,0,1.0,1.0,0,,,1
a-1782,b-1251,1.0,MATCH,1.0,1.0,1.0,1.0,1.0,1.0,1.0,1.0,0,0,0.9743589743589743,0.5,1.0,0,1.0,1.0,1.0,0,1.0,1.0,1.0,0,1.0,1.0,0,,,1
a-1265,b-873,1.0,MATCH,1.0,1.0,1.0,1.0,1.0,1.0,1.0,1.0,0,0,1.0,1.0,1.0,0,0.0,1.0,1.0,0,1.0,1.0,1.0,0,1.0,1.0,0,,,1
a-771,b-527,1.0,MATCH,1.0,1.0,1.0,1.0,1.0,1.0,1.0,1.0,0,0,1.0,1.0,1.0,0,0.0,1.0,1.0,0,1.0,1.0,1.0,0,1.0,1.0,0,,,1
a-302,b-207,1.0,MATCH,1.0,1.0,1.0,1.0,1.0,1.0,1.0,1.0,0,0,1.0,1.0,1.0,0,1.0,1.0,1.0,0,0.0,1.0,0.0,0,1.0,1.0,0,,,1
a-1772,b-1243,1.0,MATCH,1.0,1.0,1.0,1.0,1.0,1.0,1.0,1.0,0,0,1.0,1.0,1.0,0,1.0,1.0,1.0,0,1.0,1.0,1.0,0,1.0,1.0,0,,,1
a-1635,b-1143,1.0,MATCH,1.0,1.0,1.0,1.0,1.0,1.0,1.0,1.0,0,0,1.0,1.0,1.0,0,1.0,1.0,1.0,0,0.0,1.0,0.0,0,1.0,1.0,0,,,1
a-640,b-439,1.0,MATCH,1.0,1.0,1.0,1.0,1.0,1.0,1.0,1.0,0,0,1.0,1.0,1.0,0,1.0,1.0,1.0,0,1.0,1.0,1.0,0,1.0,1.0,0,,,1
a-744,b-507,1.0,MATCH,1.0,1.0,1.0,1.0,1.0,1.0,1.0,1.0,0,0,1.0,1.0,1.0,0,0.0,1.0,0.0,0,1.0,1.0,1.0,0,1.0,1.0,0,,,1
a-1634,b-1142,1.0,MATCH,1.0,1.0,1.0,1.0,1.0,1.0,1.0,1.0,0,0,0.9285714285714286,0.5,1.0,0,1.0,1.0,1.0,0,1.0,1.0,1.0,0,1.0,1.0,0,,,1
a-175,b-122,1.0,MATCH,1.0,1.0,1.0,1.0,1.0,1.0,1.0,1.0,0,0,1.0,1.0,1.0,0,1.0,1.0,1.0,0,1.0,1.0,1.0,0,1.0,1.0,0,,,1
a-1890,b-1319,1.0,MATCH,1.0,1.0,1.0,1.0,1.0,1.0,1.0,1.0,0,0,1.0,1.0,1.0,0,1.0,1.0,1.0,0,1.0,1.0,1.0,0,1.0,1.0,0,,,1
a-1284,b-884,1.0,MATCH,1.0,1.0,1.0,1.0,1.0,1.0,1.0,1.0,0,0,0.9629629629629629,0.5,0.0,0,0.0,1.0,0.0,0,1.0,1.0,1.0,0,1.0,1.0,0,,,1
a-1298,b-895,1.0,MATCH,1.0,1.0,1.0,1.0,1.0,1.0,1.0,1.0,0,0,1.0,1.0,1.0,0,0.0,1.0,0.0,0,1.0,1.0,1.0,0,1.0,1.0,0,,,1
a-572,b-388,1.0,MATCH,1.0,1.0,1.0,1.0,1.0,1.0,1.0,1.0,0,0,0.9285714285714286,0.5,1.0,0,1.0,1.0,1.0,0,1.0,1.0,1.0,0,1.0,1.0,0,,,1
a-303,b-208,1.0,MATCH,1.0,1.0,1.0,1.0,1.0,1.0,1.0,1.0,0,0,1.0,1.0,1.0,0,0.0,1.0,1.0,0,0.0,0.9666666666666667,1.0,0,1.0,1.0,0,,,1
a-1718,b-1201,1.0,MATCH,1.0,1.0,1.0,1.0,1.0,1.0,1.0,1.0,0,0,0.9729729729729729,0.5,0.0,0,1.0,1.0,1.0,0,,,,1,1.0,1.0,0,,,1
a-877,b-607,1.0,MATCH,0.7721153846153846,0.7619047619047619,0.7619047619047619,0.8571428571428571,0.3333333333333333,0.0,1.0,0.0,5,0,1.0,1.0,1.0,0,1.0,1.0,1.0,0,1.0,1.0,1.0,0,1.0,1.0,0,,,1
a-1565,b-1091,1.0,MATCH,0.6111111111111112,0.5,1.0,1.0,1.0,0.0,0.0,0.0,0,0,0.9285714285714286,0.5,1.0,0,1.0,1.0,1.0,0,1.0,1.0,1.0,0,1.0,1.0,0,,,1
a-23,b-18,1.0,MATCH,0.6851851851851851,0.5833333333333333,1.0,1.0,1.0,0.0,0.0,0.0,0,0,0.9473684210526315,0.5,1.0,0,1.0,1.0,1.0,0,1.0,1.0,1.0,0,1.0,1.0,0,,,1
a-957,b-663,1.0,MATCH,1.0,1.0,1.0,1.0,1.0,1.0,1.0,1.0,0,0,0.9743589743589743,0.5,0.0,0,1.0,1.0,1.0,0,0.0,1.0,0.0,0,1.0,1.0,0,,,1
a-1771,b-1242,1.0,MATCH,1.0,1.0,1.0,1.0,1.0,1.0,1.0,1.0,0,0,1.0,1.0,1.0,0,0.0,1.0,0.0,0,,,,1,1.0,1.0,0,,,1
a-47,b-34,1.0,MATCH,1.0,1.0,1.0,1.0,1.0,1.0,1.0,1.0,0,0,1.0,1.0,1.0,0,1.0,1.0,1.0,0,1.0,1.0,1.0,0,1.0,1.0,0,,,1
a-1881,b-1315,1.0,MATCH,1.0,1.0,1.0,1.0,1.0,1.0,1.0,1.0,0,0,1.0,1.0,1.0,0,1.0,1.0,1.0,0,,,,1,1.0,1.0,0,,,1
a-1644,b-1150,1.0,MATCH,1.0,1.0,1.0,1.0,1.0,1.0,1.0,1.0,0,0,0.9375,0.5,1.0,0,1.0,1.0,1.0,0,0.0,0.976923076923077,1.0,0,1.0,1.0,0,,,1
a-1332,b-919,1.0,MATCH,1.0,1.0,1.0,1.0,1.0,1.0,1.0,1.0,0,0,1.0,1.0,1.0,0,1.0,1.0,1.0,0,0.0,0.9611111111111111,1.0,0,1.0,1.0,0,,,1
a-1376,b-952,1.0,MATCH,0.47222222222222215,0.5,1.0,1.0,1.0,0.0,0.0,0.0,0,0,1.0,1.0,1.0,0,1.0,1.0,1.0,0,1.0,1.0,1.0,0,1.0,1.0,0,,,1
a-1140,b-793,1.0,MATCH,1.0,1.0,1.0,1.0,1.0,1.0,1.0,1.0,0,0,1.0,1.0,1.0,0,1.0,1.0,1.0,0,0.0,1.0,0.0,0,1.0,1.0,0,,,1
a-399,b-272,1.0,MATCH,1.0,1.0,1.0,1.0,1.0,1.0,1.0,1.0,0,0,1.0,1.0,1.0,0,1.0,1.0,1.0,0,,,,1,1.0,1.0,0,,,1
a-182,b-126,1.0,MATCH,1.0,1.0,1.0,1.0,1.0,1.0,1.0,1.0,0,0,0.9696969696969697,0.5,0.0,0,1.0,1.0,1.0,0,1.0,1.0,1.0,0,1.0,1.0,0,,,1
a-557,b-375,1.0,MATCH,0.5,0.5,1.0,1.0,1.0,0.0,0.0,0.0,0,0,0.875,0.5,1.0,0,1.0,1.0,1.0,0,0.0,1.0,0.0,0,1.0,1.0,0,,,1
a-1358,b-938,1.0,MATCH,1.0,1.0,1.0,1.0,1.0,1.0,1.0,1.0,0,0,1.0,1.0,1.0,0,1.0,1.0,1.0,0,0.0,0.9714285714285714,1.0,0,1.0,1.0,0,,,1
a-936,b-649,1.0,MATCH,1.0,1.0,1.0,1.0,1.0,1.0,1.0,1.0,0,0,0.9696969696969697,0.5,0.0,0,1.0,1.0,1.0,0,0.0,0.8222222222222223,1.0,0,1.0,1.0,0,,,1
a-589,b-400,1.0,MATCH,1.0,1.0,1.0,1.0,1.0,1.0,1.0,1.0,0,0,0.9375,0.5,1.0,0,1.0,1.0,1.0,0,1.0,1.0,1.0,0,1.0,1.0,0,,,1
a-1275,b-877,1.0,MATCH,1.0,1.0,1.0,1.0,1.0,1.0,1.0,1.0,0,0,1.0,1.0,1.0,0,1.0,1.0,1.0,0,1.0,1.0,1.0,0,1.0,1.0,0,,,1
a-371,b-252,1.0,MATCH,1.0,1.0,1.0,1.0,1.0,1.0,1.0,1.0,0,0,1.0,1.0,1.0,0,1.0,1.0,1.0,0,1.0,1.0,1.0,0,1.0,1.0,0,,,1
a-959,b-664,1.0,MATCH,1.0,1.0,1.0,1.0,1.0,1.0,1.0,1.0,0,0,1.0,1.0,1.0,0,1.0,1.0,1.0,0,1.0,1.0,1.0,0,1.0,1.0,0,,,1
a-1807,b-1268,1.0,MATCH,1.0,1.0,1.0,1.0,1.0,1.0,1.0,1.0,0,0,0.9333333333333332,0.5,0.0,0,1.0,1.0,1.0,0,1.0,1.0,1.0,0,1.0,1.0,0,,,1
a-1502,b-1042,1.0,MATCH,0.7971590909090909,0.814814814814815,0.814814814814815,0.9,0.3333333333333333,0.0,1.0,0.0,5,0,1.0,1.0,1.0,0,0.0,1.0,1.0,0,1.0,1.0,1.0,0,1.0,1.0,0,,,1
a-476,b-320,1.0,MATCH,0.27777777777777773,0.5,1.0,1.0,1.0,0.0,0.0,0.0,0,0,1.0,1.0,1.0,0,1.0,1.0,1.0,0,0.0,0.9708333333333333,1.0,0,1.0,1.0,0,,,1
a-799,b-548,1.0,MATCH,1.0,1.0,1.0,1.0,1.0,1.0,1.0,1.0,0,0,1.0,1.0,1.0,0,1.0,1.0,1.0,0,0.0,1.0,0.0,0,1.0,1.0,0,,,1
a-81,b-52,1.0,MATCH,0.6666666666666666,0.625,1.0,1.0,1.0,0.0,0.0,0.0,0,0,0.8888888888888888,0.2,1.0,0,1.0,1.0,1.0,0,1.0,1.0,1.0,0,1.0,1.0,0,,,1
a-811,b-556,1.0,MATCH,1.0,1.0,1.0,1.0,1.0,1.0,1.0,1.0,0,0,1.0,1.0,1.0,0,1.0,1.0,1.0,0,1.0,1.0,1.0,0,1.0,1.0,0,,,1
a-1874,b-1309,1.0,MATCH,0.7464285714285716,0.736842105263158,0.736842105263158,0.8333333333333333,0.3333333333333333,0.0,1.0,0.0,5,0,0.9767441860465117,0.5,1.0,0,1.0,1.0,1.0,0,1.0,1.0,1.0,0,1.0,1.0,0,,,1
a-1184,b-822,1.0,MATCH,1.0,1.0,1.0,1.0,1.0,1.0,1.0,1.0,0,0,0.9777777777777777,0.5,1.0,0,1.0,1.0,1.0,0,0.0,1.0,0.0,0,1.0,1.0,0,,,1
a-1735,b-1215,1.0,MATCH,1.0,1.0,1.0,1.0,1.0,1.0,1.0,1.0,0,0,0.9375,0.5,1.0,0,1.0,1.0,1.0,0,1.0,1.0,1.0,0,1.0,1.0,0,,,1
a-1997,b-1399,1.0,MATCH,1.0,1.0,1.0,1.0,1.0,1.0,1.0,1.0,0,0,0.923076923076923,0.2,1.0,0,1.0,1.0,1.0,0,0.0,1.0,0.0,0,1.0,1.0,0,,,1
a-1347,b-929,1.0,MATCH,0.8051948051948052,0.7777777777777779,0.7777777777777779,0.8333333333333333,0.3333333333333333,0.0,1.0,0.0,4,0,0.9285714285714286,0.5,1.0,0,1.0,1.0,1.0,0,,,,1,1.0,1.0,0,,,1
a-243,b-170,1.0,MATCH,1.0,1.0,1.0,1.0,1.0,1.0,1.0,1.0,0,0,1.0,1.0,1.0,0,1.0,1.0,1.0,0,1.0,1.0,1.0,0,1.0,1.0,0,,,1
a-672,b-460,1.0,MATCH,0.7875,0.8,0.8,0.8571428571428571,0.3333333333333333,0.0,1.0,0.0,4,0,1.0,1.0,1.0,0,1.0,1.0,1.0,0,0.0,1.0,0.0,0,1.0,1.0,0,,,1
a-813,b-557,1.0,MATCH,1.0,1.0,1.0,1.0,1.0,1.0,1.0,1.0,0,0,1.0,1.0,1.0,0,1.0,1.0,1.0,0,1.0,1.0,1.0,0,1.0,1.0,0,,,1
a-852,b-587,1.0,MATCH,1.0,1.0,1.0,1.0,1.0,1.0,1.0,1.0,0,0,0.9166666666666667,0.5,1.0,0,1.0,1.0,1.0,0,1.0,1.0,1.0,0,1.0,1.0,0,,,1
a-1102,b-763,1.0,MATCH,0.8321428571428573,0.736842105263158,0.736842105263158,0.8333333333333333,0.3333333333333333,0.0,1.0,0.0,5,0,1.0,1.0,1.0,0,0.0,1.0,0.0,0,,,,1,1.0,1.0,0,,,1
a-642,b-441,1.0,MATCH,0.7321428571428571,0.7272727272727273,0.7272727272727273,0.8571428571428571,0.3333333333333333,0.0,0.0,0.0,6,0,0.96,0.5,1.0,0,1.0,1.0,1.0,0,,,,1,1.0,1.0,0,,,1
a-1768,b-1239,1.0,MATCH,0.91,0.8235294117647058,0.8235294117647058,0.8333333333333333,0.3333333333333333,0.0,1.0,0.0,3,0,0.923076923076923,0.5,1.0,0,1.0,1.0,1.0,0,1.0,1.0,1.0,0,1.0,1.0,0,,,1
a-1649,b-1154,1.0,MATCH,1.0,1.0,1.0,1.0,1.0,1.0,1.0,1.0,0,0,1.0,1.0,1.0,0,1.0,1.0,1.0,0,,,,1,1.0,1.0,0,,,1
a-410,b-279,1.0,MATCH,1.0,1.0,1.0,1.0,1.0,1.0,1.0,1.0,0,0,0.9629629629629629,0.5,0.0,0,1.0,1.0,1.0,0,1.0,1.0,1.0,0,1.0,1.0,0,,,1
a-1614,b-1130,1.0,MATCH,1.0,1.0,1.0,1.0,1.0,1.0,1.0,1.0,0,0,1.0,1.0,1.0,0,1.0,1.0,1.0,0,1.0,1.0,1.0,0,1.0,1.0,0,,,1
a-1218,b-847,1.0,MATCH,1.0,1.0,1.0,1.0,1.0,1.0,1.0,1.0,0,0,1.0,1.0,1.0,0,1.0,1.0,1.0,0,1.0,1.0,1.0,0,1.0,1.0,0,,,1
a-374,b-253,1.0,MATCH,1.0,1.0,1.0,1.0,1.0,1.0,1.0,1.0,0,0,1.0,1.0,1.0,0,1.0,1.0,1.0,0,0.0,0.9428571428571428,1.0,0,1.0,1.0,0,,,1
a-238,b-165,1.0,MATCH,1.0,1.0,1.0,1.0,1.0,1.0,1.0,1.0,0,0,0.9629629629629629,0.5,0.0,0,1.0,1.0,1.0,0,1.0,1.0,1.0,0,1.0,1.0,0,,,1
a-1138,b-791,1.0,MATCH,1.0,1.0,1.0,1.0,1.0,1.0,1.0,1.0,0,0,1.0,1.0,1.0,0,1.0,1.0,1.0,0,1.0,1.0,1.0,0,1.0,1.0,0,,,1
a-885,b-613,1.0,MATCH,1.0,1.0,1.0,1.0,1.0,1.0,1.0,1.0,0,0,0.8888888888888888,0.2,0.0,0,1.0,1.0,1.0,0,,,,1,1.0,1.0,0,,,1
a-275,b-194,1.0,MATCH,1.0,1.0,1.0,1.0,1.0,1.0,1.0,1.0,0,0,1.0,1.0,1.0,0,1.0,1.0,1.0,0,1.0,1.0,1.0,0,1.0,1.0,0,,,1
a-1537,b-1069,1.0,MATCH,1.0,1.0,1.0,1.0,1.0,1.0,1.0,1.0,0,0,1.0,1.0,1.0,0,1.0,1.0,1.0,0,1.0,1.0,1.0,0,1.0,1.0,0,,,1
a-1150,b-798,1.0,MATCH,1.0,1.0,1.0,1.0,1.0,1.0,1.0,1.0,0,0,1.0,1.0,1.0,0,0.0,1.0,0.0,0,1.0,1.0,1.0,0,1.0,1.0,0,,,1
a-1375,b-951,1.0,MATCH,1.0,1.0,1.0,1.0,1.0,1.0,1.0,1.0,0,0,1.0,1.0,1.0,0,1.0,1.0,1.0,0,1.0,1.0,1.0,0,1.0,1.0,0,,,1
a-7,b-5,1.0,MATCH,0.6166666666666667,0.5,1.0,1.0,1.0,0.0,0.0,0.0,0,0,0.96,0.5,1.0,0,1.0,1.0,1.0,0,0.0,0.9703703703703703,1.0,0,1.0,1.0,0,,,1
a-1309,b-902,1.0,MATCH,1.0,1.0,1.0,1.0,1.0,1.0,1.0,1.0,0,0,1.0,1.0,1.0,0,1.0,1.0,1.0,0,1.0,1.0,1.0,0,1.0,1.0,0,,,1
a-1526,b-1060,1.0,MATCH,1.0,1.0,1.0,1.0,1.0,1.0,1.0,1.0,0,0,1.0,1.0,1.0,0,0.0,1.0,1.0,0,1.0,1.0,1.0,0,1.0,1.0,0,,,1
a-206,b-144,1.0,MATCH,1.0,1.0,1.0,1.0,1.0,1.0,1.0,1.0,0,0,0.9655172413793103,0.25,1.0,0,1.0,1.0,1.0,0,1.0,1.0,1.0,0,1.0,1.0,0,,,1
a-394,b-267,1.0,MATCH,1.0,1.0,1.0,1.0,1.0,1.0,1.0,1.0,0,0,0.9629629629629629,0.3333333333333333,1.0,0,1.0,1.0,1.0,0,1.0,1.0,1.0,0,1.0,1.0,0,,,1
a-1282,b-882,1.0,MATCH,1.0,1.0,1.0,1.0,1.0,1.0,1.0,1.0,0,0,1.0,1.0,1.0,0,1.0,1.0,1.0,0,1.0,1.0,1.0,0,1.0,1.0,0,,,1
a-947,b-654,1.0,MATCH,1.0,1.0,1.0,1.0,1.0,1.0,1.0,1.0,0,0,1.0,1.0,1.0,0,1.0,1.0,1.0,0,1.0,1.0,1.0,0,1.0,1.0,0,,,1
a-475,b-319,1.0,MATCH,0.7095238095238096,0.5,1.0,1.0,1.0,0.0,0.0,0.0,0,0,0.9285714285714286,0.5,1.0,0,1.0,1.0,1.0,0,,,,1,1.0,1.0,0,,,1
a-729,b-496,1.0,MATCH,1.0,1.0,1.0,1.0,1.0,1.0,1.0,1.0,0,0,1.0,1.0,1.0,0,0.0,1.0,1.0,0,0.0,1.0,0.0,0,1.0,1.0,0,,,1
a-44,b-32,1.0,MATCH,1.0,1.0,1.0,1.0,1.0,1.0,1.0,1.0,0,0,1.0,1.0,1.0,0,1.0,1.0,1.0,0,1.0,1.0,1.0,0,1.0,1.0,0,,,1
a-1259,b-869,1.0,MATCH,0.6111111111111112,0.5,1.0,1.0,1.0,0.0,0.0,0.0,0,0,1.0,1.0,1.0,0,1.0,1.0,1.0,0,0.0,1.0,0.0,0,1.0,1.0,0,,,1
a-39,b-28,1.0,MATCH,1.0,1.0,1.0,1.0,1.0,1.0,1.0,1.0,0,0,1.0,1.0,1.0,0,1.0,1.0,1.0,0,1.0,1.0,1.0,0,1.0,1.0,0,,,1
a-652,b-446,1.0,MATCH,1.0,1.0,1.0,1.0,1.0,1.0,1.0,1.0,0,0,0.923076923076923,0.2,1.0,0,0.0,1.0,1.0,0,0.0,1.0,0.0,0,1.0,1.0,0,,,1
a-93,b-60,1.0,MATCH,1.0,1.0,1.0,1.0,1.0,1.0,1.0,1.0,0,0,1.0,1.0,1.0,0,1.0,1.0,1.0,0,1.0,1.0,1.0,0,1.0,1.0,0,,,1
a-1055,b-732,1.0,MATCH,1.0,1.0,1.0,1.0,1.0,1.0,1.0,1.0,0,0,1.0,1.0,1.0,0,1.0,1.0,1.0,0,1.0,1.0,1.0,0,1.0,1.0,0,,,1
a-202,b-141,1.0,MATCH,1.0,1.0,1.0,1.0,1.0,1.0,1.0,1.0,0,0,1.0,1.0,1.0,0,1.0,1.0,1.0,0,0.0,0.9444444444444445,1.0,0,1.0,1.0,0,,,1
a-124,b-84,1.0,MATCH,0.5833333333333334,0.6666666666666667,0.6666666666666667,0.8,0.3333333333333333,0.0,1.0,0.0,6,0,0.9285714285714286,0.5,0.0,0,1.0,1.0,1.0,0,0.0,1.0,0.0,0,1.0,1.0,0,,,1
a-10,b-8,1.0,MATCH,1.0,1.0,1.0,1.0,1.0,1.0,1.0,1.0,0,0,1.0,1.0,1.0,0,1.0,1.0,1.0,0,1.0,1.0,1.0,0,1.0,1.0,0,,,1
a-678,b-465,1.0,MATCH,1.0,1.0,1.0,1.0,1.0,1.0,1.0,1.0,0,0,1.0,1.0,1.0,0,1.0,1.0,1.0,0,1.0,1.0,1.0,0,1.0,1.0,0,,,1
a-245,b-172,1.0,MATCH,1.0,1.0,1.0,1.0,1.0,1.0,1.0,1.0,0,0,1.0,1.0,1.0,0,0.0,1.0,0.0,0,0.0,0.9666666666666667,1.0,0,1.0,1.0,0,,,1
a-1906,b-1330,1.0,MATCH,1.0,1.0,1.0,1.0,1.0,1.0,1.0,1.0,0,0,1.0,1.0,1.0,0,1.0,1.0,1.0,0,1.0,1.0,1.0,0,1.0,1.0,0,,,1
a-1466,b-1017,1.0,MATCH,1.0,1.0,1.0,1.0,1.0,1.0,1.0,1.0,0,0,1.0,1.0,1.0,0,1.0,1.0,1.0,0,1.0,1.0,1.0,0,1.0,1.0,0,,,1
a-1616,b-1132,1.0,MATCH,0.841025641025641,0.8181818181818181,0.8181818181818181,0.875,0.3333333333333333,0.0,1.0,0.0,4,0,1.0,1.0,1.0,0,1.0,1.0,1.0,0,0.0,0.95,1.0,0,1.0,1.0,0,,,1
a-393,b-266,1.0,MATCH,1.0,1.0,1.0,1.0,1.0,1.0,1.0,1.0,0,0,1.0,1.0,1.0,0,0.0,0.0,0.0,0,1.0,1.0,1.0,0,1.0,1.0,0,,,1
a-1977,b-1382,1.0,MATCH,1.0,1.0,1.0,1.0,1.0,1.0,1.0,1.0,0,0,1.0,1.0,1.0,0,0.0,1.0,0.0,0,0.0,1.0,0.0,0,1.0,1.0,0,,,1
a-1444,b-1000,1.0,MATCH,1.0,1.0,1.0,1.0,1.0,1.0,1.0,1.0,0,0,0.896551724137931,0.2,0.0,0,1.0,1.0,1.0,0,1.0,1.0,1.0,0,1.0,1.0,0,,,1
a-1689,b-1180,1.0,MATCH,1.0,1.0,1.0,1.0,1.0,1.0,1.0,1.0,0,0,1.0,1.0,1.0,0,0.0,1.0,0.0,0,,,,1,1.0,1.0,0,,,1
a-1986,b-1390,1.0,MATCH,1.0,1.0,1.0,1.0,1.0,1.0,1.0,1.0,0,0,1.0,1.0,1.0,0,0.0,1.0,0.0,0,0.0,0.9333333333333332,1.0,0,1.0,1.0,0,,,1
a-158,b-109,1.0,MATCH,0.7566137566137566,0.5714285714285714,1.0,1.0,1.0,0.0,0.0,0.0,0,0,0.9629629629629629,0.25,1.0,0,1.0,1.0,1.0,0,1.0,1.0,1.0,0,1.0,1.0,0,,,1
a-1677,b-1173,1.0,MATCH,0.8321428571428573,0.736842105263158,0.736842105263158,0.8333333333333333,0.3333333333333333,0.0,1.0,0.0,5,0,0.8888888888888888,0.5,1.0,0,0.0,1.0,0.0,0,1.0,1.0,1.0,0,1.0,1.0,0,,,1
a-1434,b-993,1.0,MATCH,1.0,1.0,1.0,1.0,1.0,1.0,1.0,1.0,0,0,1.0,1.0,1.0,0,1.0,1.0,1.0,0,0.0,0.9714285714285714,1.0,0,1.0,1.0,0,,,1
a-807,b-553,1.0,MATCH,1.0,1.0,1.0,1.0,1.0,1.0,1.0,1.0,0,0,1.0,1.0,1.0,0,1.0,1.0,1.0,0,0.0,1.0,0.0,0,1.0,1.0,0,,,1
a-1944,b-1358,1.0,MATCH,1.0,1.0,1.0,1.0,1.0,1.0,1.0,1.0,0,0,0.9333333333333332,0.5,1.0,0,1.0,1.0,1.0,0,0.0,0.9629629629629629,0.0,0,1.0,1.0,0,,,1
a-1201,b-837,1.0,MATCH,1.0,1.0,1.0,1.0,1.0,1.0,1.0,1.0,0,0,1.0,1.0,1.0,0,1.0,1.0,1.0,0,0.0,0.92,1.0,0,1.0,1.0,0,,,1
a-306,b-210,1.0,MATCH,1.0,1.0,1.0,1.0,1.0,1.0,1.0,1.0,0,0,1.0,1.0,1.0,0,1.0,1.0,1.0,0,1.0,1.0,1.0,0,1.0,1.0,0,,,1
a-1145,b-795,1.0,MATCH,1.0,1.0,1.0,1.0,1.0,1.0,1.0,1.0,0,0,1.0,1.0,1.0,0,1.0,1.0,1.0,0,,,,1,1.0,1.0,0,,,1
a-1135,b-788,1.0,MATCH,1.0,1.0,1.0,1.0,1.0,1.0,1.0,1.0,0,0,1.0,1.0,1.0,0,1.0,1.0,1.0,0,0.0,0.9066666666666667,1.0,0,1.0,1.0,0,,,1
a-1024,b-707,1.0,MATCH,1.0,1.0,1.0,1.0,1.0,1.0,1.0,1.0,0,0,1.0,1.0,1.0,0,0.0,1.0,1.0,0,1.0,1.0,1.0,0,1.0,1.0,0,,,1
a-1393,b-965,1.0,MATCH,1.0,1.0,1.0,1.0,1.0,1.0,1.0,1.0,0,0,1.0,1.0,1.0,0,1.0,1.0,1.0,0,1.0,1.0,1.0,0,1.0,1.0,0,,,1
a-1331,b-918,1.0,MATCH,1.0,1.0,1.0,1.0,1.0,1.0,1.0,1.0,0,0,0.923076923076923,0.5,1.0,0,1.0,1.0,1.0,0,1.0,1.0,1.0,0,1.0,1.0,0,,,1
a-1005,b-696,1.0,MATCH,1.0,1.0,1.0,1.0,1.0,1.0,1.0,1.0,0,0,1.0,1.0,1.0,0,1.0,1.0,1.0,0,1.0,1.0,1.0,0,1.0,1.0,0,,,1
a-449,b-305,1.0,MATCH,0.7595238095238096,0.782608695652174,0.782608695652174,0.875,0.3333333333333333,0.0,1.0,0.0,5,0,1.0,1.0,1.0,0,1.0,1.0,1.0,0,1.0,1.0,1.0,0,1.0,1.0,0,,,1
a-234,b-163,1.0,MATCH,1.0,1.0,1.0,1.0,1.0,1.0,1.0,1.0,0,0,1.0,1.0,1.0,0,0.0,1.0,1.0,0,1.0,1.0,1.0,0,1.0,1.0,0,,,1
a-1633,b-1141,1.0,MATCH,1.0,1.0,1.0,1.0,1.0,1.0,1.0,1.0,0,0,0.9,0.0,0.0,0,1.0,1.0,1.0,0,1.0,1.0,1.0,0,1.0,1.0,0,,,1
a-1531,b-1065,1.0,MATCH,0.47222222222222215,0.6666666666666667,0.4444444444444444,0.8,0.3333333333333333,0.0,1.0,0.0,6,0,1.0,1.0,1.0,0,1.0,1.0,1.0,0,1.0,1.0,1.0,0,1.0,1.0,0,,,1
a-862,b-594,1.0,MATCH,0.5444444444444444,0.5,1.0,1.0,1.0,0.0,0.0,0.0,0,0,1.0,1.0,1.0,0,1.0,1.0,1.0,0,1.0,1.0,1.0,0,1.0,1.0,0,,,1
a-819,b-560,1.0,MATCH,1.0,1.0,1.0,1.0,1.0,1.0,1.0,1.0,0,0,0.9629629629629629,0.5,1.0,0,1.0,1.0,1.0,0,1.0,1.0,1.0,0,1.0,1.0,0,,,1
a-223,b-152,1.0,MATCH,1.0,1.0,1.0,1.0,1.0,1.0,1.0,1.0,0,0,1.0,1.0,1.0,0,0.0,0.0,0.0,0,,,,1,1.0,1.0,0,,,1
a-647,b-444,1.0,MATCH,1.0,1.0,1.0,1.0,1.0,1.0,1.0,1.0,0,0,1.0,1.0,1.0,0,1.0,1.0,1.0,0,1.0,1.0,1.0,0,1.0,1.0,0,,,1
a-510,b-341,1.0,MATCH,1.0,1.0,1.0,1.0,1.0,1.0,1.0,1.0,0,0,1.0,1.0,1.0,0,1.0,1.0,1.0,0,1.0,1.0,1.0,0,1.0,1.0,0,,,1
a-226,b-155,1.0,MATCH,1.0,1.0,1.0,1.0,1.0,1.0,1.0,1.0,0,0,1.0,1.0,1.0,0,1.0,1.0,1.0,0,1.0,1.0,1.0,0,1.0,1.0,0,,,1
a-1561,b-1088,1.0,MATCH,1.0,1.0,1.0,1.0,1.0,1.0,1.0,1.0,0,0,1.0,1.0,1.0,0,1.0,1.0,1.0,0,1.0,1.0,1.0,0,1.0,1.0,0,,,1
a-1861,b-1301,1.0,MATCH,1.0,1.0,1.0,1.0,1.0,1.0,1.0,1.0,0,0,1.0,1.0,1.0,0,1.0,1.0,1.0,0,1.0,1.0,1.0,0,1.0,1.0,0,,,1
a-24,b-19,1.0,MATCH,1.0,1.0,1.0,1.0,1.0,1.0,1.0,1.0,0,0,0.9743589743589743,0.5,1.0,0,1.0,1.0,1.0,0,1.0,1.0,1.0,0,1.0,1.0,0,,,1
a-1323,b-912,1.0,MATCH,1.0,1.0,1.0,1.0,1.0,1.0,1.0,1.0,0,0,1.0,1.0,1.0,0,1.0,1.0,1.0,0,,,,1,1.0,1.0,0,,,1
a-1659,b-1160,1.0,MATCH,1.0,1.0,1.0,1.0,1.0,1.0,1.0,1.0,0,0,1.0,1.0,1.0,0,0.0,1.0,1.0,0,1.0,1.0,1.0,0,1.0,1.0,0,,,1
a-1060,b-735,1.0,MATCH,1.0,1.0,1.0,1.0,1.0,1.0,1.0,1.0,0,0,0.975609756097561,0.5,1.0,0,1.0,1.0,1.0,0,0.0,0.9571428571428572,0.0,0,1.0,1.0,0,,,1
a-609,b-417,1.0,MATCH,0.967251461988304,0.972972972972973,0.972972972972973,0.9729729729729729,0.3333333333333333,0.0,0.0,1.0,1,0,1.0,1.0,1.0,0,1.0,1.0,1.0,0,,,,1,1.0,1.0,0,,,1
a-347,b-236,1.0,MATCH,0.553113553113553,0.7,0.7,0.8333333333333333,0.3333333333333333,0.0,1.0,0.0,6,0,1.0,1.0,1.0,0,1.0,1.0,1.0,0,0.0,1.0,0.0,0,1.0,1.0,0,,,1
a-1954,b-1366,1.0,MATCH,0.9820512820512821,0.96,0.96,0.96,0.3333333333333333,0.0,0.0,0.0,1,0,1.0,1.0,1.0,0,1.0,1.0,1.0,0,0.0,0.8666666666666667,1.0,0,1.0,1.0,0,,,1
a-45,b-33,1.0,MATCH,1.0,1.0,1.0,1.0,1.0,1.0,1.0,1.0,0,0,1.0,1.0,1.0,0,1.0,1.0,1.0,0,1.0,1.0,1.0,0,1.0,1.0,0,,,1
a-1766,b-1237,1.0,MATCH,1.0,1.0,1.0,1.0,1.0,1.0,1.0,1.0,0,0,1.0,1.0,1.0,0,1.0,1.0,1.0,0,1.0,1.0,1.0,0,1.0,1.0,0,,,1
a-933,b-646,1.0,MATCH,1.0,1.0,1.0,1.0,1.0,1.0,1.0,1.0,0,0,1.0,1.0,1.0,0,1.0,1.0,1.0,0,1.0,1.0,1.0,0,1.0,1.0,0,,,1
a-758,b-516,1.0,MATCH,1.0,1.0,1.0,1.0,1.0,1.0,1.0,1.0,0,0,1.0,1.0,1.0,0,1.0,1.0,1.0,0,1.0,1.0,1.0,0,1.0,1.0,0,,,1
a-545,b-368,1.0,MATCH,0.746969696969697,0.7586206896551724,0.7586206896551724,0.9,0.3333333333333333,0.0,1.0,0.0,7,0,1.0,1.0,1.0,0,1.0,1.0,1.0,0,0.0,0.98,1.0,0,1.0,1.0,0,,,1
a-409,b-278,1.0,MATCH,0.5230769230769231,0.5384615384615384,1.0,1.0,1.0,0.0,0.0,0.0,0,0,1.0,1.0,1.0,0,1.0,1.0,1.0,0,0.0,1.0,0.0,0,1.0,1.0,0,,,1
a-1053,b-730,1.0,MATCH,1.0,1.0,1.0,1.0,1.0,1.0,1.0,1.0,0,0,1.0,1.0,1.0,0,1.0,1.0,1.0,0,1.0,1.0,1.0,0,1.0,1.0,0,,,1
a-1096,b-758,1.0,MATCH,1.0,1.0,1.0,1.0,1.0,1.0,1.0,1.0,0,0,0.9629629629629629,0.5,1.0,0,1.0,1.0,1.0,0,1.0,1.0,1.0,0,1.0,1.0,0,,,1
a-462,b-313,1.0,MATCH,1.0,1.0,1.0,1.0,1.0,1.0,1.0,1.0,0,0,1.0,1.0,1.0,0,1.0,1.0,1.0,0,1.0,1.0,1.0,0,1.0,1.0,0,,,1
a-1799,b-1262,1.0,MATCH,0.9818181818181818,0.9523809523809522,0.9523809523809522,0.9523809523809524,0.3333333333333333,0.0,0.0,0.0,1,0,1.0,1.0,1.0,0,1.0,1.0,1.0,0,0.0,1.0,0.0,0,1.0,1.0,0,,,1
a-54,b-40,1.0,MATCH,1.0,1.0,1.0,1.0,1.0,1.0,1.0,1.0,0,0,1.0,1.0,1.0,0,0.0,1.0,0.0,0,,,,1,1.0,1.0,0,,,1
a-1832,b-1283,1.0,MATCH,1.0,1.0,1.0,1.0,1.0,1.0,1.0,1.0,0,0,1.0,1.0,1.0,0,1.0,1.0,1.0,0,1.0,1.0,1.0,0,1.0,1.0,0,,,1
a-1745,b-1222,1.0,MATCH,0.5,0.6666666666666667,0.6666666666666667,0.8,0.3333333333333333,0.0,1.0,0.0,6,0,1.0,1.0,1.0,0,1.0,1.0,1.0,0,0.0,1.0,0.0,0,1.0,1.0,0,,,1
a-1935,b-1350,1.0,MATCH,1.0,1.0,1.0,1.0,1.0,1.0,1.0,1.0,0,0,1.0,1.0,1.0,0,1.0,1.0,1.0,0,1.0,1.0,1.0,0,1.0,1.0,0,,,1
a-1193,b-830,1.0,MATCH,1.0,1.0,1.0,1.0,1.0,1.0,1.0,1.0,0,0,0.9411764705882354,0.5,1.0,0,1.0,1.0,1.0,0,1.0,1.0,1.0,0,1.0,1.0,0,,,1
a-1736,b-1216,1.0,MATCH,1.0,1.0,1.0,1.0,1.0,1.0,1.0,1.0,0,0,0.967741935483871,0.5,1.0,0,1.0,1.0,1.0,0,1.0,1.0,1.0,0,1.0,1.0,0,,,1
a-392,b-265,1.0,MATCH,0.5555555555555555,0.5555555555555556,1.0,1.0,1.0,0.0,0.0,0.0,0,0,1.0,1.0,1.0,0,1.0,1.0,1.0,0,1.0,1.0,1.0,0,1.0,1.0,0,,,1
a-1378,b-953,1.0,MATCH,1.0,1.0,1.0,1.0,1.0,1.0,1.0,1.0,0,0,0.9333333333333332,0.5,1.0,0,1.0,1.0,1.0,0,1.0,1.0,1.0,0,1.0,1.0,0,,,1
a-761,b-519,1.0,MATCH,1.0,1.0,1.0,1.0,1.0,1.0,1.0,1.0,0,0,1.0,1.0,1.0,0,0.0,1.0,0.0,0,0.0,1.0,0.0,0,1.0,1.0,0,,,1
a-1532,b-1066,1.0,MATCH,0.9833333333333333,0.9565217391304348,0.9565217391304348,0.9565217391304348,0.3333333333333333,0.0,0.0,0.0,1,0,0.9333333333333332,0.5,1.0,0,1.0,1.0,1.0,0,1.0,1.0,1.0,0,1.0,1.0,0,,,1
a-270,b-190,1.0,MATCH,0.7464285714285716,0.736842105263158,0.631578947368421,0.8333333333333333,0.3333333333333333,0.0,1.0,0.0,5,0,0.9375,0.2,0.0,0,1.0,1.0,1.0,0,1.0,1.0,1.0,0,1.0,1.0,0,,,1
a-601,b-411,1.0,MATCH,1.0,1.0,1.0,1.0,1.0,1.0,1.0,1.0,0,0,0.9333333333333332,0.5,1.0,0,1.0,1.0,1.0,0,1.0,1.0,1.0,0,1.0,1.0,0,,,1
a-1824,b-1277,1.0,MATCH,0.2878787878787879,0.5454545454545454,1.0,1.0,1.0,0.0,0.0,0.0,0,0,1.0,1.0,1.0,0,0.0,1.0,1.0,0,1.0,1.0,1.0,0,1.0,1.0,0,,,1
a-798,b-547,1.0,MATCH,1.0,1.0,1.0,1.0,1.0,1.0,1.0,1.0,0,0,1.0,1.0,1.0,0,1.0,1.0,1.0,0,1.0,1.0,1.0,0,1.0,1.0,0,,,1
a-363,b-247,1.0,MATCH,1.0,1.0,1.0,1.0,1.0,1.0,1.0,1.0,0,0,1.0,1.0,1.0,0,0.0,1.0,0.0,0,0.0,1.0,0.0,0,1.0,1.0,0,,,1
a-832,b-571,1.0,MATCH,0.5861111111111111,0.6956521739130435,0.6956521739130435,0.8571428571428571,0.3333333333333333,0.0,1.0,0.0,7,0,1.0,1.0,1.0,0,0.0,1.0,0.0,0,1.0,1.0,1.0,0,1.0,1.0,0,,,1
a-1515,b-1052,1.0,MATCH,1.0,1.0,1.0,1.0,1.0,1.0,1.0,1.0,0,0,0.95,0.2,0.0,0,1.0,1.0,1.0,0,1.0,1.0,1.0,0,1.0,1.0,0,,,1
a-1517,b-1054,1.0,MATCH,1.0,1.0,1.0,1.0,1.0,1.0,1.0,1.0,0,0,1.0,1.0,1.0,0,1.0,1.0,1.0,0,1.0,1.0,1.0,0,1.0,1.0,0,,,1
a-1387,b-960,1.0,MATCH,1.0,1.0,1.0,1.0,1.0,1.0,1.0,1.0,0,0,1.0,1.0,1.0,0,1.0,1.0,1.0,0,1.0,1.0,1.0,0,1.0,1.0,0,,,1
a-836,b-574,1.0,MATCH,1.0,1.0,1.0,1.0,1.0,1.0,1.0,1.0,0,0,1.0,1.0,1.0,0,1.0,1.0,1.0,0,1.0,1.0,1.0,0,1.0,1.0,0,,,1
a-32,b-23,1.0,MATCH,1.0,1.0,1.0,1.0,1.0,1.0,1.0,1.0,0,0,0.9473684210526315,0.2,1.0,0,1.0,1.0,1.0,0,1.0,1.0,1.0,0,1.0,1.0,0,,,1
a-1303,b-899,1.0,MATCH,1.0,1.0,1.0,1.0,1.0,1.0,1.0,1.0,0,0,0.9696969696969697,0.5,1.0,0,1.0,1.0,1.0,0,,,,1,1.0,1.0,0,,,1
a-679,b-466,1.0,MATCH,1.0,1.0,1.0,1.0,1.0,1.0,1.0,1.0,0,0,1.0,1.0,1.0,0,1.0,1.0,1.0,0,0.0,0.9428571428571428,1.0,0,1.0,1.0,0,,,1
a-546,b-369,1.0,MATCH,0.6666666666666666,0.5,1.0,1.0,1.0,0.0,0.0,0.0,0,0,0.923076923076923,0.5,1.0,0,1.0,1.0,1.0,0,1.0,1.0,1.0,0,1.0,1.0,0,,,1
a-1805,b-1267,1.0,MATCH,0.9803921568627452,0.9696969696969697,0.9696969696969697,0.9696969696969697,0.3333333333333333,0.0,0.0,0.0,1,0,1.0,1.0,1.0,0,1.0,1.0,1.0,0,1.0,1.0,1.0,0,1.0,1.0,0,,,1
a-92,b-59,1.0,MATCH,1.0,1.0,1.0,1.0,1.0,1.0,1.0,1.0,0,0,0.923076923076923,0.5,0.0,0,1.0,1.0,1.0,0,0.0,0.9714285714285714,1.0,0,1.0,1.0,0,,,1
a-3,b-3,1.0,MATCH,1.0,1.0,1.0,1.0,1.0,1.0,1.0,1.0,0,0,1.0,1.0,1.0,0,1.0,1.0,1.0,0,1.0,1.0,1.0,0,1.0,1.0,0,,,1
a-1516,b-1053,1.0,MATCH,0.9733333333333334,0.9333333333333332,0.9333333333333332,0.9333333333333332,0.3333333333333333,0.0,0.0,0.0,0,0,0.9285714285714286,0.2,1.0,0,0.0,1.0,0.0,0,1.0,1.0,1.0,0,1.0,1.0,0,,,1
a-167,b-116,1.0,MATCH,1.0,1.0,1.0,1.0,1.0,1.0,1.0,1.0,0,0,1.0,1.0,1.0,0,1.0,1.0,1.0,0,1.0,1.0,1.0,0,1.0,1.0,0,,,1
a-391,b-264,1.0,MATCH,0.6602564102564102,0.5384615384615384,1.0,1.0,1.0,0.0,0.0,0.0,0,0,1.0,1.0,1.0,0,1.0,1.0,1.0,0,1.0,1.0,1.0,0,1.0,1.0,0,,,1
a-333,b-226,1.0,MATCH,1.0,1.0,1.0,1.0,1.0,1.0,1.0,1.0,0,0,1.0,1.0,1.0,0,0.0,1.0,1.0,0,1.0,1.0,1.0,0,1.0,1.0,0,,,1
a-1329,b-916,1.0,MATCH,1.0,1.0,1.0,1.0,1.0,1.0,1.0,1.0,0,0,1.0,1.0,1.0,0,0.0,1.0,1.0,0,1.0,1.0,1.0,0,1.0,1.0,0,,,1
a-430,b-293,1.0,MATCH,1.0,1.0,1.0,1.0,1.0,1.0,1.0,1.0,0,0,0.967741935483871,0.5,1.0,0,1.0,1.0,1.0,0,1.0,1.0,1.0,0,1.0,1.0,0,,,1
a-1300,b-897,1.0,MATCH,1.0,1.0,1.0,1.0,1.0,1.0,1.0,1.0,0,0,1.0,1.0,1.0,0,1.0,1.0,1.0,0,1.0,1.0,1.0,0,1.0,1.0,0,,,1
a-777,b-532,1.0,MATCH,0.9577777777777777,0.9473684210526316,0.9473684210526316,0.9473684210526315,0.3333333333333333,0.0,0.0,0.0,1,0,1.0,1.0,1.0,0,1.0,1.0,1.0,0,1.0,1.0,1.0,0,1.0,1.0,0,,,1
a-320,b-218,1.0,MATCH,0.8393939393939394,0.9090909090909091,0.4545454545454546,0.9090909090909091,0.3333333333333333,0.0,0.0,0.0,0,0,1.0,1.0,1.0,0,0.0,1.0,1.0,0,1.0,1.0,1.0,0,1.0,1.0,0,,,1
a-1016,b-701,1.0,MATCH,1.0,1.0,1.0,1.0,1.0,1.0,1.0,1.0,0,0,1.0,1.0,1.0,0,1.0,1.0,1.0,0,1.0,1.0,1.0,0,1.0,1.0,0,,,1
a-1857,b-1299,1.0,MATCH,1.0,1.0,1.0,1.0,1.0,1.0,1.0,1.0,0,0,0.923076923076923,0.2,1.0,0,1.0,1.0,1.0,0,,,,1,1.0,1.0,0,,,1
a-1403,b-972,1.0,MATCH,1.0,1.0,1.0,1.0,1.0,1.0,1.0,1.0,0,0,0.875,0.3333333333333333,1.0,0,1.0,1.0,1.0,0,0.0,0.9333333333333333,1.0,0,1.0,1.0,0,,,1
a-1636,b-1144,1.0,MATCH,1.0,1.0,1.0,1.0,1.0,1.0,1.0,1.0,0,0,1.0,1.0,1.0,0,0.0,1.0,0.0,0,1.0,1.0,1.0,0,1.0,1.0,0,,,1
a-615,b-421,1.0,MATCH,0.8242857142857142,0.8235294117647058,0.8235294117647058,0.8333333333333333,0.3333333333333333,0.0,1.0,0.0,3,0,0.96,0.5,1.0,0,1.0,1.0,1.0,0,1.0,1.0,1.0,0,1.0,1.0,0,,,1
a-261,b-182,1.0,MATCH,1.0,1.0,1.0,1.0,1.0,1.0,1.0,1.0,0,0,1.0,1.0,1.0,0,1.0,1.0,1.0,0,1.0,1.0,1.0,0,1.0,1.0,0,,,1
a-565,b-381,1.0,MATCH,0.6851851851851851,0.5833333333333333,1.0,1.0,1.0,0.0,0.0,0.0,0,0,1.0,1.0,1.0,0,1.0,1.0,1.0,0,0.0,1.0,0.0,0,1.0,1.0,0,,,1
a-1623,b-1136,1.0,MATCH,1.0,1.0,1.0,1.0,1.0,1.0,1.0,1.0,0,0,1.0,1.0,1.0,0,1.0,1.0,1.0,0,,,,1,1.0,1.0,0,,,1
a-193,b-134,1.0,MATCH,1.0,1.0,1.0,1.0,1.0,1.0,1.0,1.0,0,0,0.923076923076923,0.5,1.0,0,1.0,1.0,1.0,0,1.0,1.0,1.0,0,1.0,1.0,0,,,1
a-1463,b-1014,1.0,MATCH,1.0,1.0,1.0,1.0,1.0,1.0,1.0,1.0,0,0,0.9285714285714286,0.5,1.0,0,1.0,1.0,1.0,0,1.0,1.0,1.0,0,1.0,1.0,0,,,1
a-1261,b-871,1.0,MATCH,1.0,1.0,1.0,1.0,1.0,1.0,1.0,1.0,0,0,0.9767441860465117,0.5,1.0,0,1.0,1.0,1.0,0,,,,1,1.0,1.0,0,,,1
a-285,b-199,1.0,MATCH,1.0,1.0,1.0,1.0,1.0,1.0,1.0,1.0,0,0,0.9285714285714286,0.5,1.0,0,1.0,1.0,1.0,0,1.0,1.0,1.0,0,1.0,1.0,0,,,1
a-540,b-364,1.0,MATCH,1.0,1.0,1.0,1.0,1.0,1.0,1.0,1.0,0,0,1.0,1.0,1.0,0,0.0,1.0,0.0,0,,,,1,1.0,1.0,0,,,1
a-1968,b-1374,1.0,MATCH,1.0,1.0,1.0,1.0,1.0,1.0,1.0,1.0,0,0,1.0,1.0,1.0,0,1.0,1.0,1.0,0,1.0,1.0,1.0,0,1.0,1.0,0,,,1
a-308,b-212,1.0,MATCH,0.404040404040404,0.5454545454545454,1.0,1.0,1.0,0.0,0.0,0.0,0,0,1.0,1.0,1.0,0,0.0,1.0,1.0,0,0.0,0.9714285714285714,1.0,0,1.0,1.0,0,,,1
a-402,b-273,1.0,MATCH,1.0,1.0,1.0,1.0,1.0,1.0,1.0,1.0,0,0,1.0,1.0,1.0,0,1.0,1.0,1.0,0,0.0,0.975,1.0,0,1.0,1.0,0,,,1
a-1383,b-958,1.0,MATCH,1.0,1.0,1.0,1.0,1.0,1.0,1.0,1.0,0,0,1.0,1.0,1.0,0,1.0,1.0,1.0,0,1.0,1.0,1.0,0,1.0,1.0,0,,,1
a-168,b-117,1.0,MATCH,1.0,1.0,1.0,1.0,1.0,1.0,1.0,1.0,0,0,0.9565217391304348,0.5,1.0,0,0.0,1.0,0.0,0,1.0,1.0,1.0,0,1.0,1.0,0,,,1
a-569,b-385,1.0,MATCH,1.0,1.0,1.0,1.0,1.0,1.0,1.0,1.0,0,0,0.9743589743589743,0.5,1.0,0,0.0,1.0,0.0,0,1.0,1.0,1.0,0,1.0,1.0,0,,,1
a-1281,b-881,1.0,MATCH,0.98,0.9473684210526316,0.9473684210526316,0.9473684210526315,0.3333333333333333,0.0,0.0,0.0,1,0,1.0,1.0,1.0,0,1.0,1.0,1.0,0,1.0,1.0,1.0,0,1.0,1.0,0,,,1
a-728,b-495,1.0,MATCH,1.0,1.0,1.0,1.0,1.0,1.0,1.0,1.0,0,0,1.0,1.0,1.0,0,1.0,1.0,1.0,0,1.0,1.0,1.0,0,1.0,1.0,0,,,1
a-1941,b-1356,1.0,MATCH,1.0,1.0,1.0,1.0,1.0,1.0,1.0,1.0,0,0,1.0,1.0,1.0,0,1.0,1.0,1.0,0,1.0,1.0,1.0,0,1.0,1.0,0,,,1
a-1472,b-1022,1.0,MATCH,1.0,1.0,1.0,1.0,1.0,1.0,1.0,1.0,0,0,0.9166666666666667,0.5,1.0,0,1.0,1.0,1.0,0,1.0,1.0,1.0,0,1.0,1.0,0,,,1
a-1107,b-767,1.0,MATCH,1.0,1.0,1.0,1.0,1.0,1.0,1.0,1.0,0,0,1.0,1.0,1.0,0,0.0,1.0,0.0,0,0.0,1.0,0.0,0,1.0,1.0,0,,,1
a-939,b-650,1.0,MATCH,1.0,1.0,1.0,1.0,1.0,1.0,1.0,1.0,0,0,1.0,1.0,1.0,0,1.0,1.0,1.0,0,0.0,1.0,0.0,0,1.0,1.0,0,,,1
a-1643,b-1149,1.0,MATCH,1.0,1.0,1.0,1.0,1.0,1.0,1.0,1.0,0,0,0.9375,0.5,0.0,0,1.0,1.0,1.0,0,1.0,1.0,1.0,0,1.0,1.0,0,,,1
a-626,b-428,1.0,MATCH,1.0,1.0,1.0,1.0,1.0,1.0,1.0,1.0,0,0,0.8571428571428571,0.3333333333333333,1.0,0,1.0,1.0,1.0,0,1.0,1.0,1.0,0,1.0,1.0,0,,,1
a-1674,b-1170,1.0,MATCH,1.0,1.0,1.0,1.0,1.0,1.0,1.0,1.0,0,0,1.0,1.0,1.0,0,0.0,1.0,1.0,0,1.0,1.0,1.0,0,1.0,1.0,0,,,1
a-1034,b-715,1.0,MATCH,1.0,1.0,1.0,1.0,1.0,1.0,1.0,1.0,0,0,0.9375,0.2,0.0,0,1.0,1.0,1.0,0,0.0,1.0,0.0,0,1.0,1.0,0,,,1
a-1788,b-1256,1.0,MATCH,0.5050505050505051,0.7058823529411764,0.7058823529411764,0.8,0.3333333333333333,0.0,1.0,0.0,5,0,1.0,1.0,1.0,0,0.0,1.0,0.0,0,0.0,0.9066666666666667,1.0,0,1.0,1.0,0,,,1
a-1493,b-1034,1.0,MATCH,1.0,1.0,1.0,1.0,1.0,1.0,1.0,1.0,0,0,0.9,0.5,1.0,0,1.0,1.0,1.0,0,1.0,1.0,1.0,0,1.0,1.0,0,,,1
a-1974,b-1379,1.0,MATCH,0.9477777777777778,0.967741935483871,0.967741935483871,0.967741935483871,0.3333333333333333,0.0,0.0,0.0,1,0,0.9285714285714286,0.5,1.0,0,1.0,1.0,1.0,0,1.0,1.0,1.0,0,1.0,1.0,0,,,1
a-568,b-384,1.0,MATCH,1.0,1.0,1.0,1.0,1.0,1.0,1.0,1.0,0,0,1.0,1.0,1.0,0,1.0,1.0,1.0,0,0.0,0.9611111111111111,1.0,0,1.0,1.0,0,,,1
a-1020,b-704,1.0,MATCH,1.0,1.0,1.0,1.0,1.0,1.0,1.0,1.0,0,0,1.0,1.0,1.0,0,1.0,1.0,1.0,0,0.0,1.0,0.0,0,1.0,1.0,0,,,1
a-566,b-382,1.0,MATCH,1.0,1.0,1.0,1.0,1.0,1.0,1.0,1.0,0,0,0.9655172413793103,0.5,0.0,0,1.0,1.0,1.0,0,1.0,1.0,1.0,0,1.0,1.0,0,,,1
a-1647,b-1152,1.0,MATCH,0.9866666666666667,0.9333333333333332,0.9333333333333332,0.9333333333333332,0.3333333333333333,0.0,0.0,1.0,0,0,1.0,1.0,1.0,0,1.0,1.0,1.0,0,1.0,1.0,1.0,0,1.0,1.0,0,,,1
a-740,b-504,1.0,MATCH,0.7222222222222223,0.5833333333333333,1.0,1.0,1.0,0.0,0.0,0.0,0,0,1.0,1.0,1.0,0,1.0,1.0,1.0,0,0.0,1.0,0.0,0,1.0,1.0,0,,,1
a-1319,b-908,1.0,MATCH,0.8583333333333333,0.8571428571428572,0.8571428571428572,1.0,0.6666666666666666,0.0,0.0,0.0,3,0,0.9655172413793103,0.25,1.0,0,1.0,1.0,1.0,0,1.0,1.0,1.0,0,1.0,1.0,0,,,1
a-1783,b-1252,1.0,MATCH,1.0,1.0,1.0,1.0,1.0,1.0,1.0,1.0,0,0,0.9333333333333332,0.5,1.0,0,1.0,1.0,1.0,0,1.0,1.0,1.0,0,1.0,1.0,0,,,1
a-1588,b-1109,1.0,MATCH,1.0,1.0,1.0,1.0,1.0,1.0,1.0,1.0,0,0,1.0,1.0,1.0,0,0.0,1.0,0.0,0,1.0,1.0,1.0,0,1.0,1.0,0,,,1
a-138,b-93,1.0,MATCH,1.0,1.0,1.0,1.0,1.0,1.0,1.0,1.0,0,0,0.9166666666666667,0.5,1.0,0,1.0,1.0,1.0,0,0.0,0.9571428571428572,1.0,0,1.0,1.0,0,,,1
a-1658,b-1159,1.0,MATCH,1.0,1.0,1.0,1.0,1.0,1.0,1.0,1.0,0,0,0.9729729729729729,0.5,0.0,0,1.0,1.0,1.0,0,1.0,1.0,1.0,0,1.0,1.0,0,,,1
a-943,b-652,1.0,MATCH,0.5166666666666667,0.5,1.0,1.0,1.0,0.0,0.0,0.0,0,0,1.0,1.0,1.0,0,1.0,1.0,1.0,0,1.0,1.0,1.0,0,1.0,1.0,0,,,1
a-574,b-390,1.0,MATCH,1.0,1.0,1.0,1.0,1.0,1.0,1.0,1.0,0,0,1.0,1.0,1.0,0,0.0,1.0,1.0,0,,,,1,1.0,1.0,0,,,1
a-105,b-70,1.0,MATCH,1.0,1.0,1.0,1.0,1.0,1.0,1.0,1.0,0,0,1.0,1.0,1.0,0,1.0,1.0,1.0,0,,,,1,1.0,1.0,0,,,1
a-1249,b-866,1.0,MATCH,1.0,1.0,1.0,1.0,1.0,1.0,1.0,1.0,0,0,1.0,1.0,1.0,0,1.0,1.0,1.0,0,1.0,1.0,1.0,0,1.0,1.0,0,,,1
a-594,b-404,1.0,MATCH,1.0,1.0,1.0,1.0,1.0,1.0,1.0,1.0,0,0,0.9333333333333332,0.5,1.0,0,1.0,1.0,1.0,0,1.0,1.0,1.0,0,1.0,1.0,0,,,1
a-524,b-351,1.0,MATCH,1.0,1.0,1.0,1.0,1.0,1.0,1.0,1.0,0,0,1.0,1.0,1.0,0,0.0,1.0,0.0,0,0.0,1.0,0.0,0,1.0,1.0,0,,,1
a-1697,b-1186,1.0,MATCH,0.7385714285714287,0.5,1.0,1.0,1.0,0.0,0.0,0.0,0,0,1.0,1.0,1.0,0,1.0,1.0,1.0,0,1.0,1.0,1.0,0,1.0,1.0,0,,,1
a-1197,b-834,1.0,MATCH,1.0,1.0,1.0,1.0,1.0,1.0,1.0,1.0,0,0,1.0,1.0,1.0,0,1.0,1.0,1.0,0,0.0,1.0,0.0,0,1.0,1.0,0,,,1
a-898,b-621,1.0,MATCH,1.0,1.0,1.0,1.0,1.0,1.0,1.0,1.0,0,0,1.0,1.0,1.0,0,1.0,1.0,1.0,0,1.0,1.0,1.0,0,1.0,1.0,0,,,1
a-596,b-406,1.0,MATCH,1.0,1.0,1.0,1.0,1.0,1.0,1.0,1.0,0,0,0.6428571428571428,0.2,1.0,0,1.0,1.0,1.0,0,,,,1,1.0,1.0,0,,,1
a-779,b-534,1.0,MATCH,1.0,1.0,1.0,1.0,1.0,1.0,1.0,1.0,0,0,0.9655172413793103,0.5,0.0,0,1.0,1.0,1.0,0,,,,1,1.0,1.0,0,,,1
a-882,b-611,1.0,MATCH,0.48888888888888893,0.5333333333333333,1.0,1.0,1.0,0.0,0.0,0.0,0,0,1.0,1.0,1.0,0,1.0,1.0,1.0,0,1.0,1.0,1.0,0,1.0,1.0,0,,,1
a-1328,b-915,1.0,MATCH,1.0,1.0,1.0,1.0,1.0,1.0,1.0,1.0,0,0,1.0,1.0,1.0,0,1.0,1.0,1.0,0,1.0,1.0,1.0,0,1.0,1.0,0,,,1
a-1009,b-698,1.0,MATCH,1.0,1.0,1.0,1.0,1.0,1.0,1.0,1.0,0,0,0.9629629629629629,0.5,1.0,0,1.0,1.0,1.0,0,1.0,1.0,1.0,0,1.0,1.0,0,,,1
a-772,b-528,1.0,MATCH,1.0,1.0,1.0,1.0,1.0,1.0,1.0,1.0,0,0,0.923076923076923,0.5,1.0,0,1.0,1.0,1.0,0,0.0,0.96,0.0,0,1.0,1.0,0,,,1
a-1599,b-1120,1.0,MATCH,1.0,1.0,1.0,1.0,1.0,1.0,1.0,1.0,0,0,0.9333333333333332,0.5,1.0,0,1.0,1.0,1.0,0,1.0,1.0,1.0,0,1.0,1.0,0,,,1
a-731,b-498,1.0,MATCH,1.0,1.0,1.0,1.0,1.0,1.0,1.0,1.0,0,0,1.0,1.0,1.0,0,1.0,1.0,1.0,0,1.0,1.0,1.0,0,1.0,1.0,0,,,1
a-1074,b-745,1.0,MATCH,1.0,1.0,1.0,1.0,1.0,1.0,1.0,1.0,0,0,0.9375,0.5,0.0,0,1.0,1.0,1.0,0,1.0,1.0,1.0,0,1.0,1.0,0,,,1
a-1355,b-937,1.0,MATCH,1.0,1.0,1.0,1.0,1.0,1.0,1.0,1.0,0,0,1.0,1.0,1.0,0,1.0,1.0,1.0,0,1.0,1.0,1.0,0,1.0,1.0,0,,,1
a-1081,b-751,1.0,MATCH,0.6292929292929292,0.4705882352941176,0.7058823529411764,0.8,0.3333333333333333,0.0,0.0,0.0,5,0,0.689655172413793,0.25,1.0,0,0.0,1.0,0.0,0,0.0,1.0,0.0,0,1.0,1.0,0,,,1
a-1242,b-861,1.0,MATCH,1.0,1.0,1.0,1.0,1.0,1.0,1.0,1.0,0,0,1.0,1.0,1.0,0,1.0,1.0,1.0,0,1.0,1.0,1.0,0,1.0,1.0,0,,,1
a-581,b-394,1.0,MATCH,1.0,1.0,1.0,1.0,1.0,1.0,1.0,1.0,0,0,1.0,1.0,1.0,0,1.0,1.0,1.0,0,1.0,1.0,1.0,0,1.0,1.0,0,,,1
a-1161,b-806,1.0,MATCH,1.0,1.0,1.0,1.0,1.0,1.0,1.0,1.0,0,0,0.9375,0.5,1.0,0,1.0,1.0,1.0,0,1.0,1.0,1.0,0,1.0,1.0,0,,,1
a-492,b-330,1.0,MATCH,1.0,1.0,1.0,1.0,1.0,1.0,1.0,1.0,0,0,1.0,1.0,1.0,0,1.0,1.0,1.0,0,1.0,1.0,1.0,0,1.0,1.0,0,,,1
a-765,b-521,1.0,MATCH,1.0,1.0,1.0,1.0,1.0,1.0,1.0,1.0,0,0,0.9565217391304348,0.5,1.0,0,1.0,1.0,1.0,0,1.0,1.0,1.0,0,1.0,1.0,0,,,1
a-1575,b-1099,1.0,MATCH,1.0,1.0,1.0,1.0,1.0,1.0,1.0,1.0,0,0,0.9696969696969697,0.5,1.0,0,1.0,1.0,1.0,0,1.0,1.0,1.0,0,1.0,1.0,0,,,1
a-791,b-542,1.0,MATCH,1.0,1.0,1.0,1.0,1.0,1.0,1.0,1.0,0,0,0.9375,0.5,1.0,0,1.0,1.0,1.0,0,,,,1,1.0,1.0,0,,,1
a-1543,b-1075,1.0,MATCH,1.0,1.0,1.0,1.0,1.0,1.0,1.0,1.0,0,0,0.9375,0.5,1.0,0,1.0,1.0,1.0,0,1.0,1.0,1.0,0,1.0,1.0,0,,,1
a-1291,b-889,1.0,MATCH,1.0,1.0,1.0,1.0,1.0,1.0,1.0,1.0,0,0,1.0,1.0,1.0,0,1.0,1.0,1.0,0,,,,1,1.0,1.0,0,,,1
a-268,b-189,1.0,MATCH,1.0,1.0,1.0,1.0,1.0,1.0,1.0,1.0,0,0,1.0,1.0,1.0,0,1.0,1.0,1.0,0,0.0,1.0,0.0,0,1.0,1.0,0,,,1
a-1079,b-749,1.0,MATCH,1.0,1.0,1.0,1.0,1.0,1.0,1.0,1.0,0,0,1.0,1.0,1.0,0,0.0,1.0,0.0,0,0.0,0.9466666666666665,1.0,0,1.0,1.0,0,,,1
a-396,b-269,1.0,MATCH,1.0,1.0,1.0,1.0,1.0,1.0,1.0,1.0,0,0,0.967741935483871,0.5,1.0,0,1.0,1.0,1.0,0,1.0,1.0,1.0,0,1.0,1.0,0,,,1
a-1819,b-1273,1.0,MATCH,1.0,1.0,1.0,1.0,1.0,1.0,1.0,1.0,0,0,1.0,1.0,1.0,0,0.0,1.0,0.0,0,1.0,1.0,1.0,0,1.0,1.0,0,,,1
a-556,b-374,1.0,MATCH,1.0,1.0,1.0,1.0,1.0,1.0,1.0,1.0,0,0,1.0,1.0,1.0,0,0.0,1.0,1.0,0,1.0,1.0,1.0,0,1.0,1.0,0,,,1
a-112,b-75,1.0,MATCH,0.5333333333333333,0.6666666666666667,0.6666666666666667,0.75,0.3333333333333333,0.0,1.0,0.0,5,0,0.903225806451613,0.5,1.0,0,1.0,1.0,1.0,0,1.0,1.0,1.0,0,1.0,1.0,0,,,1
a-1288,b-887,1.0,MATCH,0.5151515151515151,0.5454545454545454,1.0,1.0,1.0,0.0,0.0,0.0,0,0,1.0,1.0,1.0,0,1.0,1.0,1.0,0,1.0,1.0,1.0,0,1.0,1.0,0,,,1
a-1264,b-872,1.0,MATCH,1.0,1.0,1.0,1.0,1.0,1.0,1.0,1.0,0,0,1.0,1.0,1.0,0,1.0,1.0,1.0,0,1.0,1.0,1.0,0,1.0,1.0,0,,,1
a-1155,b-802,1.0,MATCH,1.0,1.0,1.0,1.0,1.0,1.0,1.0,1.0,0,0,0.903225806451613,0.2,1.0,0,1.0,1.0,1.0,0,1.0,1.0,1.0,0,1.0,1.0,0,,,1
a-1864,b-1302,1.0,MATCH,0.5970695970695971,0.5384615384615384,1.0,1.0,1.0,0.0,0.0,0.0,0,0,0.6451612903225806,0.25,1.0,0,1.0,1.0,1.0,0,1.0,1.0,1.0,0,1.0,1.0,0,,,1
a-595,b-405,1.0,MATCH,0.27777777777777773,0.5,1.0,1.0,1.0,0.0,0.0,0.0,0,0,1.0,1.0,1.0,0,0.0,1.0,0.0,0,1.0,1.0,1.0,0,1.0,1.0,0,,,1
a-1938,b-1353,1.0,MATCH,0.9377777777777778,0.9,0.9,0.9,0.3333333333333333,0.0,0.0,0.0,0,0,1.0,1.0,1.0,0,1.0,1.0,1.0,0,,,,1,1.0,1.0,0,,,1
a-529,b-355,1.0,MATCH,0.7222222222222223,0.6666666666666667,1.0,1.0,1.0,0.0,0.0,0.0,0,0,1.0,1.0,1.0,0,1.0,1.0,1.0,0,1.0,1.0,1.0,0,1.0,1.0,0,,,1
a-96,b-61,1.0,MATCH,1.0,1.0,1.0,1.0,1.0,1.0,1.0,1.0,0,0,1.0,1.0,1.0,0,1.0,1.0,1.0,0,1.0,1.0,1.0,0,1.0,1.0,0,,,1
a-1499,b-1039,1.0,MATCH,0.7971590909090909,0.814814814814815,0.814814814814815,0.9,0.3333333333333333,0.0,1.0,0.0,5,0,1.0,1.0,1.0,0,1.0,1.0,1.0,0,1.0,1.0,1.0,0,1.0,1.0,0,,,1
a-1795,b-1261,1.0,MATCH,1.0,1.0,1.0,1.0,1.0,1.0,1.0,1.0,0,0,1.0,1.0,1.0,0,1.0,1.0,1.0,0,1.0,1.0,1.0,0,1.0,1.0,0,,,1
a-751,b-510,1.0,MATCH,0.6363636363636364,0.4545454545454546,1.0,1.0,1.0,0.0,0.0,0.0,0,0,1.0,1.0,1.0,0,1.0,1.0,1.0,0,,,,1,1.0,1.0,0,,,1
a-438,b-299,1.0,MATCH,0.7595238095238096,0.782608695652174,0.782608695652174,0.875,0.3333333333333333,0.0,1.0,0.0,5,0,0.967741935483871,0.5,0.0,0,1.0,1.0,1.0,0,0.0,1.0,0.0,0,1.0,1.0,0,,,1
a-783,b-537,1.0,MATCH,0.8300000000000001,0.75,0.75,0.8,0.3333333333333333,0.0,1.0,0.0,4,0,0.9285714285714286,0.5,1.0,0,1.0,1.0,1.0,0,1.0,1.0,1.0,0,1.0,1.0,0,,,1
a-490,b-328,1.0,MATCH,1.0,1.0,1.0,1.0,1.0,1.0,1.0,1.0,0,0,0.9655172413793103,0.25,1.0,0,1.0,1.0,1.0,0,0.0,0.9142857142857143,1.0,0,1.0,1.0,0,,,1
a-1196,b-833,1.0,MATCH,1.0,1.0,1.0,1.0,1.0,1.0,1.0,1.0,0,0,0.9714285714285714,0.5,1.0,0,1.0,1.0,1.0,0,1.0,1.0,1.0,0,1.0,1.0,0,,,1
a-1474,b-1024,1.0,MATCH,1.0,1.0,1.0,1.0,1.0,1.0,1.0,1.0,0,0,0.9375,0.5,1.0,0,1.0,1.0,1.0,0,1.0,1.0,1.0,0,1.0,1.0,0,,,1
a-203,b-142,1.0,MATCH,1.0,1.0,1.0,1.0,1.0,1.0,1.0,1.0,0,0,1.0,1.0,1.0,0,0.0,1.0,0.0,0,,,,1,1.0,1.0,0,,,1
a-1630,b-1139,1.0,MATCH,1.0,1.0,1.0,1.0,1.0,1.0,1.0,1.0,0,0,1.0,1.0,1.0,0,1.0,1.0,1.0,0,0.0,0.9583333333333334,1.0,0,1.0,1.0,0,,,1
a-1274,b-876,1.0,MATCH,0.9818181818181818,0.9523809523809522,0.9523809523809522,0.9523809523809524,0.3333333333333333,0.0,0.0,0.0,1,0,1.0,1.0,1.0,0,1.0,1.0,1.0,0,,,,1,1.0,1.0,0,,,1
a-1431,b-992,1.0,MATCH,0.9874999999999999,0.967741935483871,0.967741935483871,0.967741935483871,0.3333333333333333,0.0,0.0,1.0,1,0,1.0,1.0,1.0,0,1.0,1.0,1.0,0,1.0,1.0,1.0,0,1.0,1.0,0,,,1
a-358,b-244,1.0,MATCH,1.0,1.0,1.0,1.0,1.0,1.0,1.0,1.0,0,0,0.903225806451613,0.2,0.0,0,1.0,1.0,1.0,0,,,,1,1.0,1.0,0,,,1
a-1190,b-827,1.0,MATCH,1.0,1.0,1.0,1.0,1.0,1.0,1.0,1.0,0,0,0.96,0.5,1.0,0,1.0,1.0,1.0,0,1.0,1.0,1.0,0,1.0,1.0,0,,,1
a-1488,b-1032,1.0,MATCH,1.0,1.0,1.0,1.0,1.0,1.0,1.0,1.0,0,0,1.0,1.0,1.0,0,1.0,1.0,1.0,0,1.0,1.0,1.0,0,1.0,1.0,0,,,1
a-1495,b-1036,1.0,MATCH,0.7464285714285716,0.736842105263158,0.736842105263158,0.8333333333333333,0.3333333333333333,0.0,1.0,0.0,5,0,1.0,1.0,1.0,0,1.0,1.0,1.0,0,1.0,1.0,1.0,0,1.0,1.0,0,,,1
a-413,b-282,1.0,MATCH,1.0,1.0,1.0,1.0,1.0,1.0,1.0,1.0,0,0,0.9629629629629629,0.5,1.0,0,1.0,1.0,1.0,0,1.0,1.0,1.0,0,1.0,1.0,0,,,1
a-1503,b-1043,1.0,MATCH,1.0,1.0,1.0,1.0,1.0,1.0,1.0,1.0,0,0,0.9333333333333332,0.5,1.0,0,0.0,1.0,0.0,0,,,,1,1.0,1.0,0,,,1
a-891,b-617,1.0,MATCH,1.0,1.0,1.0,1.0,1.0,1.0,1.0,1.0,0,0,1.0,1.0,1.0,0,1.0,1.0,1.0,0,0.0,0.9333333333333332,1.0,0,1.0,1.0,0,,,1
a-849,b-584,1.0,MATCH,1.0,1.0,1.0,1.0,1.0,1.0,1.0,1.0,0,0,1.0,1.0,1.0,0,0.0,1.0,0.0,0,1.0,1.0,1.0,0,1.0,1.0,0,,,1
a-735,b-500,1.0,MATCH,1.0,1.0,1.0,1.0,1.0,1.0,1.0,1.0,0,0,1.0,1.0,1.0,0,1.0,1.0,1.0,0,1.0,1.0,1.0,0,1.0,1.0,0,,,1
a-1268,b-875,1.0,MATCH,1.0,1.0,1.0,1.0,1.0,1.0,1.0,1.0,0,0,1.0,1.0,1.0,0,0.0,1.0,1.0,0,0.0,1.0,0.0,0,1.0,1.0,0,,,1
a-635,b-437,1.0,MATCH,1.0,1.0,1.0,1.0,1.0,1.0,1.0,1.0,0,0,1.0,1.0,1.0,0,1.0,1.0,1.0,0,1.0,1.0,1.0,0,1.0,1.0,0,,,1
a-336,b-228,1.0,MATCH,1.0,1.0,1.0,1.0,1.0,1.0,1.0,1.0,0,0,0.9375,0.2,1.0,0,1.0,1.0,1.0,0,1.0,1.0,1.0,0,1.0,1.0,0,,,1
a-1417,b-985,1.0,MATCH,1.0,1.0,1.0,1.0,1.0,1.0,1.0,1.0,0,0,0.6923076923076923,0.2,1.0,0,1.0,1.0,1.0,0,1.0,1.0,1.0,0,1.0,1.0,0,,,1
a-619,b-423,1.0,MATCH,1.0,1.0,1.0,1.0,1.0,1.0,1.0,1.0,0,0,0.9375,0.5,1.0,0,1.0,1.0,1.0,0,0.0,1.0,0.0,0,1.0,1.0,0,,,1
a-289,b-202,1.0,MATCH,1.0,1.0,1.0,1.0,1.0,1.0,1.0,1.0,0,0,1.0,1.0,1.0,0,1.0,1.0,1.0,0,1.0,1.0,1.0,0,1.0,1.0,0,,,1
a-1451,b-1006,1.0,MATCH,0.78,0.75,0.75,0.8,0.3333333333333333,0.0,1.0,0.0,4,0,0.9285714285714286,0.5,1.0,0,1.0,1.0,1.0,0,1.0,1.0,1.0,0,1.0,1.0,0,,,1
a-755,b-513,1.0,MATCH,0.9833333333333333,0.9565217391304348,0.9565217391304348,0.9565217391304348,0.3333333333333333,0.0,0.0,0.0,1,0,1.0,1.0,1.0,0,1.0,1.0,1.0,0,0.0,1.0,0.0,0,1.0,1.0,0,,,1
a-1577,b-1101,1.0,MATCH,1.0,1.0,1.0,1.0,1.0,1.0,1.0,1.0,0,0,0.9696969696969697,0.5,1.0,0,1.0,1.0,1.0,0,1.0,1.0,1.0,0,1.0,1.0,0,,,1
a-950,b-657,1.0,MATCH,1.0,1.0,1.0,1.0,1.0,1.0,1.0,1.0,0,0,1.0,1.0,1.0,0,1.0,1.0,1.0,0,,,,1,1.0,1.0,0,,,1
a-1482,b-1028,1.0,MATCH,1.0,1.0,1.0,1.0,1.0,1.0,1.0,1.0,0,0,1.0,1.0,1.0,0,1.0,1.0,1.0,0,0.0,0.9466666666666665,1.0,0,1.0,1.0,0,,,1
a-42,b-31,1.0,MATCH,1.0,1.0,1.0,1.0,1.0,1.0,1.0,1.0,0,0,0.9333333333333332,0.5,1.0,0,0.0,1.0,1.0,0,1.0,1.0,1.0,0,1.0,1.0,0,,,1
a-654,b-448,1.0,MATCH,1.0,1.0,1.0,1.0,1.0,1.0,1.0,1.0,0,0,1.0,1.0,1.0,0,1.0,1.0,1.0,0,1.0,1.0,1.0,0,1.0,1.0,0,,,1
a-123,b-83,1.0,MATCH,1.0,1.0,1.0,1.0,1.0,1.0,1.0,1.0,0,0,0.9743589743589743,0.5,1.0,0,0.0,1.0,0.0,0,1.0,1.0,1.0,0,1.0,1.0,0,,,1
a-1169,b-812,1.0,MATCH,0.47979797979797983,0.7058823529411764,0.7058823529411764,0.8,0.3333333333333333,0.0,1.0,0.0,5,0,0.96,0.5,1.0,0,1.0,1.0,1.0,0,1.0,1.0,1.0,0,1.0,1.0,0,,,1
a-1840,b-1287,1.0,MATCH,1.0,1.0,1.0,1.0,1.0,1.0,1.0,1.0,0,0,1.0,1.0,1.0,0,1.0,1.0,1.0,0,1.0,1.0,1.0,0,1.0,1.0,0,,,1
a-1581,b-1104,1.0,MATCH,1.0,1.0,1.0,1.0,1.0,1.0,1.0,1.0,0,0,1.0,1.0,1.0,0,1.0,1.0,1.0,0,1.0,1.0,1.0,0,1.0,1.0,0,,,1
a-998,b-689,1.0,MATCH,1.0,1.0,1.0,1.0,1.0,1.0,1.0,1.0,0,0,1.0,1.0,1.0,0,1.0,1.0,1.0,0,1.0,1.0,1.0,0,1.0,1.0,0,,,1
a-1987,b-1391,1.0,MATCH,1.0,1.0,1.0,1.0,1.0,1.0,1.0,1.0,0,0,1.0,1.0,1.0,0,1.0,1.0,1.0,0,,,,1,1.0,1.0,0,,,1
a-989,b-681,1.0,MATCH,1.0,1.0,1.0,1.0,1.0,1.0,1.0,1.0,0,0,1.0,1.0,1.0,0,0.0,1.0,0.0,0,0.0,0.9555555555555556,1.0,0,1.0,1.0,0,,,1
a-60,b-43,1.0,MATCH,1.0,1.0,1.0,1.0,1.0,1.0,1.0,1.0,0,0,1.0,1.0,1.0,0,1.0,1.0,1.0,0,1.0,1.0,1.0,0,1.0,1.0,0,,,1
a-1851,b-1295,1.0,MATCH,0.98,0.9473684210526316,0.9473684210526316,0.9473684210526315,0.3333333333333333,0.0,0.0,0.0,1,0,0.9333333333333332,0.5,1.0,0,1.0,1.0,1.0,0,1.0,1.0,1.0,0,1.0,1.0,0,,,1
a-79,b-51,1.0,MATCH,1.0,1.0,1.0,1.0,1.0,1.0,1.0,1.0,0,0,1.0,1.0,1.0,0,1.0,1.0,1.0,0,1.0,1.0,1.0,0,1.0,1.0,0,,,1
a-1453,b-1008,1.0,MATCH,1.0,1.0,1.0,1.0,1.0,1.0,1.0,1.0,0,0,0.9696969696969697,0.5,1.0,0,0.0,1.0,0.0,0,1.0,1.0,1.0,0,1.0,1.0,0,,,1
a-1363,b-941,1.0,MATCH,1.0,1.0,1.0,1.0,1.0,1.0,1.0,1.0,0,0,0.875,0.3333333333333333,0.0,0,1.0,1.0,1.0,0,1.0,1.0,1.0,0,1.0,1.0,0,,,1
a-628,b-430,1.0,MATCH,1.0,1.0,1.0,1.0,1.0,1.0,1.0,1.0,0,0,1.0,1.0,1.0,0,1.0,1.0,1.0,0,0.0,0.9,0.0,0,1.0,1.0,0,,,1
a-1051,b-728,1.0,MATCH,0.6444444444444444,0.5333333333333333,1.0,1.0,1.0,0.0,0.0,0.0,0,0,1.0,1.0,1.0,0,1.0,1.0,1.0,0,0.0,0.9740740740740741,1.0,0,1.0,1.0,0,,,1
a-493,b-331,1.0,MATCH,0.9833333333333333,0.9565217391304348,0.9565217391304348,0.9565217391304348,0.3333333333333333,0.0,0.0,0.0,1,0,1.0,1.0,1.0,0,1.0,1.0,1.0,0,1.0,1.0,1.0,0,1.0,1.0,0,,,1
a-1593,b-1114,1.0,MATCH,1.0,1.0,1.0,1.0,1.0,1.0,1.0,1.0,0,0,1.0,1.0,1.0,0,0.0,1.0,0.0,0,1.0,1.0,1.0,0,1.0,1.0,0,,,1
a-1023,b-706,1.0,MATCH,0.5299145299145299,0.4615384615384615,1.0,1.0,1.0,0.0,0.0,0.0,0,0,1.0,1.0,1.0,0,1.0,1.0,1.0,0,0.0,0.9428571428571428,1.0,0,1.0,1.0,0,,,1
a-541,b-365,1.0,MATCH,1.0,1.0,1.0,1.0,1.0,1.0,1.0,1.0,0,0,1.0,1.0,1.0,0,1.0,1.0,1.0,0,1.0,1.0,1.0,0,1.0,1.0,0,,,1
a-62,b-45,1.0,MATCH,0.7658730158730158,0.5714285714285714,1.0,1.0,1.0,0.0,0.0,0.0,0,0,1.0,1.0,1.0,0,0.0,1.0,1.0,0,1.0,1.0,1.0,0,1.0,1.0,0,,,1
a-1778,b-1247,1.0,MATCH,1.0,1.0,1.0,1.0,1.0,1.0,1.0,1.0,0,0,0.9655172413793103,0.5,0.0,0,1.0,1.0,1.0,0,1.0,1.0,1.0,0,1.0,1.0,0,,,1
a-451,b-307,1.0,MATCH,1.0,1.0,1.0,1.0,1.0,1.0,1.0,1.0,0,0,1.0,1.0,1.0,0,1.0,1.0,1.0,0,1.0,1.0,1.0,0,1.0,1.0,0,,,1
a-166,b-115,1.0,MATCH,1.0,1.0,1.0,1.0,1.0,1.0,1.0,1.0,0,0,0.9333333333333332,0.5,1.0,0,1.0,1.0,1.0,0,0.0,1.0,0.0,0,1.0,1.0,0,,,1
a-801,b-550,1.0,MATCH,0.5,0.5,1.0,1.0,1.0,0.0,0.0,0.0,0,0,1.0,1.0,1.0,0,1.0,1.0,1.0,0,1.0,1.0,1.0,0,1.0,1.0,0,,,1
a-1666,b-1164,1.0,MATCH,1.0,1.0,1.0,1.0,1.0,1.0,1.0,1.0,0,0,1.0,1.0,1.0,0,1.0,1.0,1.0,0,1.0,1.0,1.0,0,1.0,1.0,0,,,1
a-1166,b-810,1.0,MATCH,1.0,1.0,1.0,1.0,1.0,1.0,1.0,1.0,0,0,1.0,1.0,1.0,0,1.0,1.0,1.0,0,1.0,1.0,1.0,0,1.0,1.0,0,,,1
a-466,b-315,1.0,MATCH,1.0,1.0,1.0,1.0,1.0,1.0,1.0,1.0,0,0,0.689655172413793,0.2,1.0,0,1.0,1.0,1.0,0,0.0,1.0,0.0,0,1.0,1.0,0,,,1
a-188,b-131,1.0,MATCH,0.96,0.9,0.9,0.9,0.3333333333333333,0.0,0.0,1.0,0,0,0.5714285714285715,0.0,0.0,0,1.0,1.0,1.0,0,0.0,0.9333333333333333,1.0,0,1.0,1.0,0,,,1
a-1773,b-1244,1.0,MATCH,1.0,1.0,1.0,1.0,1.0,1.0,1.0,1.0,0,0,0.9411764705882354,0.25,1.0,0,1.0,1.0,1.0,0,1.0,1.0,1.0,0,1.0,1.0,0,,,1
a-1308,b-901,1.0,MATCH,1.0,1.0,1.0,1.0,1.0,1.0,1.0,1.0,0,0,1.0,1.0,1.0,0,1.0,1.0,1.0,0,1.0,1.0,1.0,0,1.0,1.0,0,,,1
a-2,b-2,1.0,MATCH,0.6897546897546897,0.6666666666666667,0.6666666666666667,0.8333333333333333,0.3333333333333333,0.0,0.0,0.0,4,0,1.0,1.0,1.0,0,1.0,1.0,1.0,0,1.0,1.0,1.0,0,1.0,1.0,0,,,1
a-828,b-568,1.0,MATCH,1.0,1.0,1.0,1.0,1.0,1.0,1.0,1.0,0,0,1.0,1.0,1.0,0,1.0,1.0,1.0,0,1.0,1.0,1.0,0,1.0,1.0,0,,,1
a-1662,b-1162,1.0,MATCH,1.0,1.0,1.0,1.0,1.0,1.0,1.0,1.0,0,0,0.923076923076923,0.5,1.0,0,1.0,1.0,1.0,0,1.0,1.0,1.0,0,1.0,1.0,0,,,1
a-1286,b-886,1.0,MATCH,1.0,1.0,1.0,1.0,1.0,1.0,1.0,1.0,0,0,1.0,1.0,1.0,0,1.0,1.0,1.0,0,1.0,1.0,1.0,0,1.0,1.0,0,,,1
a-1898,b-1324,1.0,MATCH,1.0,1.0,1.0,1.0,1.0,1.0,1.0,1.0,0,0,1.0,1.0,1.0,0,1.0,1.0,1.0,0,0.0,0.9571428571428572,1.0,0,1.0,1.0,0,,,1
a-34,b-25,1.0,MATCH,1.0,1.0,1.0,1.0,1.0,1.0,1.0,1.0,0,0,0.9333333333333332,0.5,1.0,0,1.0,1.0,1.0,0,0.0,1.0,0.0,0,1.0,1.0,0,,,1
a-1696,b-1185,1.0,MATCH,1.0,1.0,1.0,1.0,1.0,1.0,1.0,1.0,0,0,1.0,1.0,1.0,0,1.0,1.0,1.0,0,1.0,1.0,1.0,0,1.0,1.0,0,,,1
a-1723,b-1205,1.0,MATCH,1.0,1.0,1.0,1.0,1.0,1.0,1.0,1.0,0,0,1.0,1.0,1.0,0,1.0,1.0,1.0,0,0.0,0.975,1.0,0,1.0,1.0,0,,,1
a-1183,b-821,1.0,MATCH,1.0,1.0,1.0,1.0,1.0,1.0,1.0,1.0,0,0,1.0,1.0,1.0,0,1.0,1.0,1.0,0,,,,1,1.0,1.0,0,,,1
a-1544,b-1076,1.0,MATCH,1.0,1.0,1.0,1.0,1.0,1.0,1.0,1.0,0,0,1.0,1.0,1.0,0,1.0,1.0,1.0,0,1.0,1.0,1.0,0,1.0,1.0,0,,,1
a-141,b-95,1.0,MATCH,1.0,1.0,1.0,1.0,1.0,1.0,1.0,1.0,0,0,0.9333333333333332,0.5,1.0,0,1.0,1.0,1.0,0,1.0,1.0,1.0,0,1.0,1.0,0,,,1
a-599,b-409,1.0,MATCH,1.0,1.0,1.0,1.0,1.0,1.0,1.0,1.0,0,0,1.0,1.0,1.0,0,1.0,1.0,1.0,0,1.0,1.0,1.0,0,1.0,1.0,0,,,1
a-1732,b-1212,1.0,MATCH,1.0,1.0,1.0,1.0,1.0,1.0,1.0,1.0,0,0,1.0,1.0,1.0,0,1.0,1.0,1.0,0,1.0,1.0,1.0,0,1.0,1.0,0,,,1
a-781,b-535,1.0,MATCH,1.0,1.0,1.0,1.0,1.0,1.0,1.0,1.0,0,0,1.0,1.0,1.0,0,0.0,1.0,1.0,0,1.0,1.0,1.0,0,1.0,1.0,0,,,1
a-1469,b-1020,1.0,MATCH,1.0,1.0,1.0,1.0,1.0,1.0,1.0,1.0,0,0,1.0,1.0,1.0,0,1.0,1.0,1.0,0,0.0,1.0,0.0,0,1.0,1.0,0,,,1
a-979,b-674,1.0,MATCH,0.78,0.75,0.75,0.8,0.3333333333333333,0.0,1.0,0.0,4,0,0.9655172413793103,0.5,1.0,0,1.0,1.0,1.0,0,1.0,1.0,1.0,0,1.0,1.0,0,,,1
a-1001,b-692,1.0,MATCH,1.0,1.0,1.0,1.0,1.0,1.0,1.0,1.0,0,0,1.0,1.0,1.0,0,1.0,1.0,1.0,0,1.0,1.0,1.0,0,1.0,1.0,0,,,1
a-148,b-101,1.0,MATCH,1.0,1.0,1.0,1.0,1.0,1.0,1.0,1.0,0,0,1.0,1.0,1.0,0,0.0,1.0,0.0,0,1.0,1.0,1.0,0,1.0,1.0,0,,,1
a-1406,b-975,1.0,MATCH,0.8679653679653679,0.88,0.88,1.0,0.6666666666666666,0.0,0.0,0.0,3,0,0.9285714285714286,0.5,0.0,0,0.0,1.0,0.0,0,1.0,1.0,1.0,0,1.0,1.0,0,,,1
a-1739,b-1218,1.0,MATCH,0.695959595959596,0.7058823529411764,0.7058823529411764,0.8,0.3333333333333333,0.0,1.0,0.0,5,0,1.0,1.0,1.0,0,0.0,1.0,0.0,0,1.0,1.0,1.0,0,1.0,1.0,0,,,1
a-1671,b-1167,1.0,MATCH,1.0,1.0,1.0,1.0,1.0,1.0,1.0,1.0,0,0,0.9285714285714286,0.5,0.0,0,1.0,1.0,1.0,0,1.0,1.0,1.0,0,1.0,1.0,0,,,1
a-743,b-506,1.0,MATCH,1.0,1.0,1.0,1.0,1.0,1.0,1.0,1.0,0,0,1.0,1.0,1.0,0,1.0,1.0,1.0,0,1.0,1.0,1.0,0,1.0,1.0,0,,,1
a-934,b-647,1.0,MATCH,1.0,1.0,1.0,1.0,1.0,1.0,1.0,1.0,0,0,1.0,1.0,1.0,0,0.0,1.0,0.0,0,1.0,1.0,1.0,0,1.0,1.0,0,,,1
a-1529,b-1063,1.0,MATCH,0.875,0.736842105263158,0.736842105263158,0.8333333333333333,0.3333333333333333,0.0,1.0,0.0,5,0,0.967741935483871,0.5,1.0,0,1.0,1.0,1.0,0,1.0,1.0,1.0,0,1.0,1.0,0,,,1
a-921,b-639,1.0,MATCH,1.0,1.0,1.0,1.0,1.0,1.0,1.0,1.0,0,0,0.9411764705882354,0.5,0.0,0,0.0,1.0,1.0,0,,,,1,1.0,1.0,0,,,1
a-1521,b-1057,1.0,MATCH,1.0,1.0,1.0,1.0,1.0,1.0,1.0,1.0,0,0,1.0,1.0,1.0,0,1.0,1.0,1.0,0,1.0,1.0,1.0,0,1.0,1.0,0,,,1
a-1945,b-1359,1.0,MATCH,1.0,1.0,1.0,1.0,1.0,1.0,1.0,1.0,0,0,1.0,1.0,1.0,0,1.0,1.0,1.0,0,1.0,1.0,1.0,0,1.0,1.0,0,,,1
a-1594,b-1115,1.0,MATCH,1.0,1.0,1.0,1.0,1.0,1.0,1.0,1.0,0,0,1.0,1.0,1.0,0,1.0,1.0,1.0,0,1.0,1.0,1.0,0,1.0,1.0,0,,,1
a-1839,b-1286,1.0,MATCH,1.0,1.0,1.0,1.0,1.0,1.0,1.0,1.0,0,0,0.6,0.2,1.0,0,0.0,1.0,0.0,0,1.0,1.0,1.0,0,1.0,1.0,0,,,1
a-1004,b-695,1.0,MATCH,1.0,1.0,1.0,1.0,1.0,1.0,1.0,1.0,0,0,1.0,1.0,1.0,0,1.0,1.0,1.0,0,0.0,1.0,0.0,0,1.0,1.0,0,,,1
a-1571,b-1096,1.0,MATCH,0.8376623376623377,0.88,0.88,1.0,0.6666666666666666,0.0,0.0,0.0,3,0,1.0,1.0,1.0,0,1.0,1.0,1.0,0,1.0,1.0,1.0,0,1.0,1.0,0,,,1
a-587,b-398,1.0,MATCH,1.0,1.0,1.0,1.0,1.0,1.0,1.0,1.0,0,0,1.0,1.0,1.0,0,0.0,1.0,1.0,0,1.0,1.0,1.0,0,1.0,1.0,0,,,1
a-597,b-407,1.0,MATCH,1.0,1.0,1.0,1.0,1.0,1.0,1.0,1.0,0,0,1.0,1.0,1.0,0,0.0,1.0,0.0,0,1.0,1.0,1.0,0,1.0,1.0,0,,,1
a-1410,b-979,1.0,MATCH,0.9407407407407408,0.8888888888888888,0.8888888888888888,0.8888888888888888,0.3333333333333333,0.0,0.0,0.0,0,0,1.0,1.0,1.0,0,1.0,1.0,1.0,0,0.0,0.9611111111111111,1.0,0,1.0,1.0,0,,,1
a-1982,b-1387,1.0,MATCH,1.0,1.0,1.0,1.0,1.0,1.0,1.0,1.0,0,0,0.923076923076923,0.5,0.0,0,0.0,1.0,1.0,0,0.0,0.9708333333333333,1.0,0,1.0,1.0,0,,,1
a-954,b-661,1.0,MATCH,0.5555555555555555,0.5,1.0,1.0,1.0,0.0,0.0,0.0,0,0,1.0,1.0,1.0,0,1.0,1.0,1.0,0,0.0,1.0,0.0,0,1.0,1.0,0,,,1
a-1395,b-966,1.0,MATCH,1.0,1.0,1.0,1.0,1.0,1.0,1.0,1.0,0,0,1.0,1.0,1.0,0,1.0,1.0,1.0,0,1.0,1.0,1.0,0,1.0,1.0,0,,,1
a-889,b-615,1.0,MATCH,0.5555555555555555,0.5,1.0,1.0,1.0,0.0,0.0,0.0,0,0,1.0,1.0,1.0,0,1.0,1.0,1.0,0,0.0,1.0,0.0,0,1.0,1.0,0,,,1
a-544,b-367,1.0,MATCH,1.0,1.0,1.0,1.0,1.0,1.0,1.0,1.0,0,0,1.0,1.0,1.0,0,1.0,1.0,1.0,0,1.0,1.0,1.0,0,1.0,1.0,0,,,1
a-1901,b-1326,1.0,MATCH,1.0,1.0,1.0,1.0,1.0,1.0,1.0,1.0,0,0,0.6470588235294117,0.2,1.0,0,0.0,1.0,0.0,0,1.0,1.0,1.0,0,1.0,1.0,0,,,1
a-768,b-524,1.0,MATCH,1.0,1.0,1.0,1.0,1.0,1.0,1.0,1.0,0,0,1.0,1.0,1.0,0,0.0,1.0,0.0,0,,,,1,1.0,1.0,0,,,1
a-1729,b-1210,1.0,MATCH,0.626984126984127,0.5,1.0,1.0,1.0,0.0,0.0,0.0,0,0,1.0,1.0,1.0,0,1.0,1.0,1.0,0,,,,1,1.0,1.0,0,,,1
a-1139,b-792,1.0,MATCH,1.0,1.0,1.0,1.0,1.0,1.0,1.0,1.0,0,0,0.875,0.5,1.0,0,1.0,1.0,1.0,0,0.0,1.0,0.0,0,1.0,1.0,0,,,1
a-860,b-593,1.0,MATCH,1.0,1.0,1.0,1.0,1.0,1.0,1.0,1.0,0,0,1.0,1.0,1.0,0,0.0,1.0,0.0,0,,,,1,1.0,1.0,0,,,1
a-501,b-336,1.0,MATCH,1.0,1.0,1.0,1.0,1.0,1.0,1.0,1.0,0,0,1.0,1.0,1.0,0,1.0,1.0,1.0,0,1.0,1.0,1.0,0,1.0,1.0,0,,,1
a-1765,b-1236,1.0,MATCH,0.9438095238095238,0.9655172413793103,0.9655172413793103,0.9655172413793103,0.3333333333333333,0.0,0.0,0.0,1,0,1.0,1.0,1.0,0,0.0,1.0,1.0,0,,,,1,1.0,1.0,0,,,1
a-143,b-97,1.0,MATCH,1.0,1.0,1.0,1.0,1.0,1.0,1.0,1.0,0,0,1.0,1.0,1.0,0,1.0,1.0,1.0,0,1.0,1.0,1.0,0,1.0,1.0,0,,,1
a-1715,b-1199,1.0,MATCH,1.0,1.0,1.0,1.0,1.0,1.0,1.0,1.0,0,0,0.8461538461538461,0.2,0.0,0,1.0,1.0,1.0,0,1.0,1.0,1.0,0,1.0,1.0,0,,,1
a-162,b-112,1.0,MATCH,1.0,1.0,1.0,1.0,1.0,1.0,1.0,1.0,0,0,1.0,1.0,1.0,0,1.0,1.0,1.0,0,0.0,1.0,0.0,0,1.0,1.0,0,,,1
a-1367,b-945,1.0,MATCH,0.7464285714285716,0.736842105263158,0.736842105263158,0.8333333333333333,0.3333333333333333,0.0,1.0,0.0,5,0,1.0,1.0,1.0,0,1.0,1.0,1.0,0,1.0,1.0,1.0,0,1.0,1.0,0,,,1
a-1152,b-800,1.0,MATCH,1.0,1.0,1.0,1.0,1.0,1.0,1.0,1.0,0,0,0.8666666666666667,0.2,1.0,0,1.0,1.0,1.0,0,,,,1,1.0,1.0,0,,,1
a-1767,b-1238,1.0,MATCH,1.0,1.0,1.0,1.0,1.0,1.0,1.0,1.0,0,0,0.9629629629629629,0.5,1.0,0,1.0,1.0,1.0,0,0.0,1.0,0.0,0,1.0,1.0,0,,,1
a-1457,b-1011,1.0,MATCH,1.0,1.0,1.0,1.0,1.0,1.0,1.0,1.0,0,0,1.0,1.0,1.0,0,0.0,1.0,1.0,0,0.0,1.0,0.0,0,1.0,1.0,0,,,1
a-699,b-480,1.0,MATCH,1.0,1.0,1.0,1.0,1.0,1.0,1.0,1.0,0,0,1.0,1.0,1.0,0,1.0,1.0,1.0,0,1.0,1.0,1.0,0,1.0,1.0,0,,,1
a-669,b-458,1.0,MATCH,1.0,1.0,1.0,1.0,1.0,1.0,1.0,1.0,0,0,1.0,1.0,1.0,0,0.0,1.0,0.0,0,1.0,1.0,1.0,0,1.0,1.0,0,,,1
a-1964,b-1373,1.0,MATCH,0.42857142857142855,0.4285714285714286,1.0,1.0,1.0,0.0,0.0,0.0,0,0,0.9655172413793103,0.5,1.0,0,1.0,1.0,1.0,0,1.0,1.0,1.0,0,1.0,1.0,0,,,1
a-1098,b-759,1.0,MATCH,0.9833333333333333,0.9565217391304348,0.9565217391304348,0.9565217391304348,0.3333333333333333,0.0,0.0,1.0,1,0,1.0,1.0,1.0,0,1.0,1.0,1.0,0,1.0,1.0,1.0,0,1.0,1.0,0,,,1
a-127,b-86,1.0,MATCH,0.9846153846153847,0.96,0.96,0.96,0.3333333333333333,0.0,0.0,0.0,1,0,0.9285714285714286,0.5,1.0,0,1.0,1.0,1.0,0,1.0,1.0,1.0,0,1.0,1.0,0,,,1
a-22,b-17,1.0,MATCH,1.0,1.0,1.0,1.0,1.0,1.0,1.0,1.0,0,0,1.0,1.0,1.0,0,1.0,1.0,1.0,0,0.0,0.975,1.0,0,1.0,1.0,0,,,1
a-425,b-288,1.0,MATCH,1.0,1.0,1.0,1.0,1.0,1.0,1.0,1.0,0,0,0.9629629629629629,0.25,1.0,0,1.0,1.0,1.0,0,,,,1,1.0,1.0,0,,,1
a-893,b-618,1.0,MATCH,0.9854166666666666,0.967741935483871,0.967741935483871,0.967741935483871,0.3333333333333333,0.0,0.0,0.0,1,0,0.9285714285714286,0.5,1.0,0,1.0,1.0,1.0,0,0.0,1.0,0.0,0,1.0,1.0,0,,,1
a-1618,b-1134,1.0,MATCH,1.0,1.0,1.0,1.0,1.0,1.0,1.0,1.0,0,0,1.0,1.0,1.0,0,0.0,1.0,1.0,0,1.0,1.0,1.0,0,1.0,1.0,0,,,1
a-1118,b-776,1.0,MATCH,1.0,1.0,1.0,1.0,1.0,1.0,1.0,1.0,0,0,0.967741935483871,0.5,0.0,0,1.0,1.0,1.0,0,1.0,1.0,1.0,0,1.0,1.0,0,,,1
a-1880,b-1314,1.0,MATCH,0.503030303030303,0.4545454545454546,1.0,1.0,1.0,0.0,0.0,0.0,0,0,1.0,1.0,1.0,0,0.0,1.0,0.0,0,,,,1,1.0,1.0,0,,,1
a-1369,b-947,1.0,MATCH,1.0,1.0,1.0,1.0,1.0,1.0,1.0,1.0,0,0,0.9565217391304348,0.3333333333333333,1.0,0,1.0,1.0,1.0,0,1.0,1.0,1.0,0,1.0,1.0,0,,,1
a-1610,b-1127,1.0,MATCH,1.0,1.0,1.0,1.0,1.0,1.0,1.0,1.0,0,0,1.0,1.0,1.0,0,1.0,1.0,1.0,0,1.0,1.0,1.0,0,1.0,1.0,0,,,1
a-1792,b-1259,1.0,MATCH,1.0,1.0,1.0,1.0,1.0,1.0,1.0,1.0,0,0,1.0,1.0,1.0,0,0.0,1.0,1.0,0,0.0,1.0,0.0,0,1.0,1.0,0,,,1
a-592,b-402,1.0,MATCH,1.0,1.0,1.0,1.0,1.0,1.0,1.0,1.0,0,0,1.0,1.0,1.0,0,1.0,1.0,1.0,0,,,,1,1.0,1.0,0,,,1
a-1230,b-853,1.0,MATCH,1.0,1.0,1.0,1.0,1.0,1.0,1.0,1.0,0,0,0.896551724137931,0.5,1.0,0,1.0,1.0,1.0,0,1.0,1.0,1.0,0,1.0,1.0,0,,,1
a-1843,b-1290,1.0,MATCH,1.0,1.0,1.0,1.0,1.0,1.0,1.0,1.0,0,0,1.0,1.0,1.0,0,1.0,1.0,1.0,0,1.0,1.0,1.0,0,1.0,1.0,0,,,1
a-1943,b-1357,1.0,MATCH,1.0,1.0,1.0,1.0,1.0,1.0,1.0,1.0,0,0,1.0,1.0,1.0,0,1.0,1.0,1.0,0,1.0,1.0,1.0,0,1.0,1.0,0,,,1
a-790,b-541,1.0,MATCH,1.0,1.0,1.0,1.0,1.0,1.0,1.0,1.0,0,0,1.0,1.0,1.0,0,1.0,1.0,1.0,0,1.0,1.0,1.0,0,1.0,1.0,0,,,1
a-1372,b-948,1.0,MATCH,1.0,1.0,1.0,1.0,1.0,1.0,1.0,1.0,0,0,1.0,1.0,1.0,0,1.0,1.0,1.0,0,1.0,1.0,1.0,0,1.0,1.0,0,,,1
a-122,b-82,1.0,MATCH,1.0,1.0,1.0,1.0,1.0,1.0,1.0,1.0,0,0,1.0,1.0,1.0,0,1.0,1.0,1.0,0,,,,1,1.0,1.0,0,,,1
a-661,b-454,1.0,MATCH,1.0,1.0,1.0,1.0,1.0,1.0,1.0,1.0,0,0,1.0,1.0,1.0,0,1.0,1.0,1.0,0,0.0,0.9238095238095239,1.0,0,1.0,1.0,0,,,1
a-1325,b-914,1.0,MATCH,0.8555555555555556,0.9090909090909091,0.9090909090909091,1.0,0.6666666666666666,0.0,0.0,0.0,3,0,1.0,1.0,1.0,0,1.0,1.0,1.0,0,1.0,1.0,1.0,0,1.0,1.0,0,,,1
a-369,b-250,1.0,MATCH,1.0,1.0,1.0,1.0,1.0,1.0,1.0,1.0,0,0,1.0,1.0,1.0,0,1.0,1.0,1.0,0,,,,1,1.0,1.0,0,,,1
a-455,b-309,1.0,MATCH,1.0,1.0,1.0,1.0,1.0,1.0,1.0,1.0,0,0,0.9333333333333332,0.5,1.0,0,1.0,1.0,1.0,0,0.0,1.0,0.0,0,1.0,1.0,0,,,1
a-12,b-10,1.0,MATCH,1.0,1.0,1.0,1.0,1.0,1.0,1.0,1.0,0,0,0.9166666666666667,0.5,0.0,0,1.0,1.0,1.0,0,1.0,1.0,1.0,0,1.0,1.0,0,,,1
a-802,b-551,1.0,MATCH,1.0,1.0,1.0,1.0,1.0,1.0,1.0,1.0,0,0,0.875,0.3333333333333333,1.0,0,1.0,1.0,1.0,0,1.0,1.0,1.0,0,1.0,1.0,0,,,1
a-11,b-9,1.0,MATCH,1.0,1.0,1.0,1.0,1.0,1.0,1.0,1.0,0,0,1.0,1.0,1.0,0,0.0,1.0,0.0,0,0.0,0.8968253968253969,1.0,0,1.0,1.0,0,,,1
a-494,b-332,1.0,MATCH,0.7814285714285714,0.8235294117647058,0.8235294117647058,0.8333333333333333,0.3333333333333333,0.0,1.0,0.0,3,0,1.0,1.0,1.0,0,1.0,1.0,1.0,0,0.0,0.9444444444444445,1.0,0,1.0,1.0,0,,,1
a-1698,b-1187,1.0,MATCH,1.0,1.0,1.0,1.0,1.0,1.0,1.0,1.0,0,0,1.0,1.0,1.0,0,1.0,1.0,1.0,0,1.0,1.0,1.0,0,1.0,1.0,0,,,1
a-896,b-620,1.0,MATCH,1.0,1.0,1.0,1.0,1.0,1.0,1.0,1.0,0,0,1.0,1.0,1.0,0,1.0,1.0,1.0,0,1.0,1.0,1.0,0,1.0,1.0,0,,,1
a-617,b-422,1.0,MATCH,1.0,1.0,1.0,1.0,1.0,1.0,1.0,1.0,0,0,1.0,1.0,1.0,0,1.0,1.0,1.0,0,0.0,1.0,0.0,0,1.0,1.0,0,,,1
a-623,b-426,1.0,MATCH,1.0,1.0,1.0,1.0,1.0,1.0,1.0,1.0,0,0,1.0,1.0,1.0,0,1.0,1.0,1.0,0,1.0,1.0,1.0,0,1.0,1.0,0,,,1
a-1638,b-1146,1.0,MATCH,0.4871794871794872,0.5384615384615384,1.0,1.0,1.0,0.0,0.0,0.0,0,0,1.0,1.0,1.0,0,1.0,1.0,1.0,0,0.0,0.9666666666666667,1.0,0,1.0,1.0,0,,,1
a-1781,b-1250,1.0,MATCH,1.0,1.0,1.0,1.0,1.0,1.0,1.0,1.0,0,0,0.9629629629629629,0.5,0.0,0,1.0,1.0,1.0,0,0.0,0.9619047619047619,1.0,0,1.0,1.0,0,,,1
a-1351,b-933,1.0,MATCH,1.0,1.0,1.0,1.0,1.0,1.0,1.0,1.0,0,0,0.9285714285714286,0.5,1.0,0,1.0,1.0,1.0,0,1.0,1.0,1.0,0,1.0,1.0,0,,,1
a-135,b-91,1.0,MATCH,1.0,1.0,1.0,1.0,1.0,1.0,1.0,1.0,0,0,1.0,1.0,1.0,0,1.0,1.0,1.0,0,1.0,1.0,1.0,0,1.0,1.0,0,,,1
a-613,b-420,1.0,MATCH,1.0,1.0,1.0,1.0,1.0,1.0,1.0,1.0,0,0,1.0,1.0,1.0,0,0.0,1.0,0.0,0,1.0,1.0,1.0,0,1.0,1.0,0,,,1
a-1751,b-1225,1.0,MATCH,1.0,1.0,1.0,1.0,1.0,1.0,1.0,1.0,0,0,0.967741935483871,0.5,0.0,0,1.0,1.0,1.0,0,1.0,1.0,1.0,0,1.0,1.0,0,,,1
a-1382,b-957,1.0,MATCH,0.7627450980392156,0.6,1.0,1.0,1.0,0.0,0.0,0.0,0,0,1.0,1.0,1.0,0,1.0,1.0,1.0,0,1.0,1.0,1.0,0,1.0,1.0,0,,,1
a-641,b-440,1.0,MATCH,0.4551282051282051,0.5384615384615384,1.0,1.0,1.0,0.0,0.0,0.0,0,0,1.0,1.0,1.0,0,1.0,1.0,1.0,0,1.0,1.0,1.0,0,1.0,1.0,0,,,1
a-249,b-174,1.0,MATCH,1.0,1.0,1.0,1.0,1.0,1.0,1.0,1.0,0,0,0.967741935483871,0.5,0.0,0,1.0,1.0,1.0,0,1.0,1.0,1.0,0,1.0,1.0,0,,,1
a-580,b-393,1.0,MATCH,1.0,1.0,1.0,1.0,1.0,1.0,1.0,1.0,0,0,0.9166666666666667,0.5,1.0,0,1.0,1.0,1.0,0,0.0,0.9777777777777777,0.0,0,1.0,1.0,0,,,1
a-571,b-387,1.0,MATCH,1.0,1.0,1.0,1.0,1.0,1.0,1.0,1.0,0,0,1.0,1.0,1.0,0,1.0,1.0,1.0,0,1.0,1.0,1.0,0,1.0,1.0,0,,,1
a-1979,b-1384,1.0,MATCH,1.0,1.0,1.0,1.0,1.0,1.0,1.0,1.0,0,0,1.0,1.0,1.0,0,0.0,1.0,0.0,0,1.0,1.0,1.0,0,1.0,1.0,0,,,1
a-214,b-148,1.0,MATCH,1.0,1.0,1.0,1.0,1.0,1.0,1.0,1.0,0,0,0.9655172413793103,0.5,1.0,0,1.0,1.0,1.0,0,0.0,1.0,0.0,0,1.0,1.0,0,,,1
a-667,b-457,1.0,MATCH,1.0,1.0,1.0,1.0,1.0,1.0,1.0,1.0,0,0,1.0,1.0,1.0,0,1.0,1.0,1.0,0,0.0,0.9625,1.0,0,1.0,1.0,0,,,1
a-260,b-181,1.0,MATCH,1.0,1.0,1.0,1.0,1.0,1.0,1.0,1.0,0,0,1.0,1.0,1.0,0,0.0,1.0,1.0,0,1.0,1.0,1.0,0,1.0,1.0,0,,,1
a-1418,b-986,1.0,MATCH,1.0,1.0,1.0,1.0,1.0,1.0,1.0,1.0,0,0,1.0,1.0,1.0,0,1.0,1.0,1.0,0,1.0,1.0,1.0,0,1.0,1.0,0,,,1
a-1046,b-724,1.0,MATCH,1.0,1.0,1.0,1.0,1.0,1.0,1.0,1.0,0,0,0.8888888888888888,0.3333333333333333,1.0,0,1.0,1.0,1.0,0,1.0,1.0,1.0,0,1.0,1.0,0,,,1
a-824,b-564,1.0,MATCH,0.9466666666666667,0.9473684210526316,0.9473684210526316,0.9473684210526315,0.0,0.0,0.0,0.0,2,0,1.0,1.0,1.0,0,1.0,1.0,1.0,0,,,,1,1.0,1.0,0,,,1
a-713,b-488,1.0,MATCH,0.8376623376623377,0.88,0.88,1.0,0.6666666666666666,0.0,0.0,0.0,3,0,1.0,1.0,1.0,0,1.0,1.0,1.0,0,1.0,1.0,1.0,0,1.0,1.0,0,,,1
a-1576,b-1100,1.0,MATCH,1.0,1.0,1.0,1.0,1.0,1.0,1.0,1.0,0,0,1.0,1.0,1.0,0,1.0,1.0,1.0,0,0.0,1.0,0.0,0,1.0,1.0,0,,,1
a-110,b-74,1.0,MATCH,1.0,1.0,1.0,1.0,1.0,1.0,1.0,1.0,0,0,0.9375,0.5,0.0,0,1.0,1.0,1.0,0,1.0,1.0,1.0,0,1.0,1.0,0,,,1
a-1752,b-1226,1.0,MATCH,1.0,1.0,1.0,1.0,1.0,1.0,1.0,1.0,0,0,1.0,1.0,1.0,0,1.0,1.0,1.0,0,1.0,1.0,1.0,0,1.0,1.0,0,,,1
a-1154,b-801,1.0,MATCH,1.0,1.0,1.0,1.0,1.0,1.0,1.0,1.0,0,0,1.0,1.0,1.0,0,0.0,1.0,1.0,0,0.0,1.0,0.0,0,1.0,1.0,0,,,1
a-225,b-154,1.0,MATCH,1.0,1.0,1.0,1.0,1.0,1.0,1.0,1.0,0,0,1.0,1.0,1.0,0,1.0,1.0,1.0,0,0.0,0.95,1.0,0,1.0,1.0,0,,,1
a-1719,b-1202,1.0,MATCH,1.0,1.0,1.0,1.0,1.0,1.0,1.0,1.0,0,0,1.0,1.0,1.0,0,1.0,1.0,1.0,0,0.0,0.9428571428571428,1.0,0,1.0,1.0,0,,,1
a-1959,b-1368,1.0,MATCH,1.0,1.0,1.0,1.0,1.0,1.0,1.0,1.0,0,0,1.0,1.0,1.0,0,1.0,1.0,1.0,0,0.0,0.9833333333333333,1.0,0,1.0,1.0,0,,,1
a-1352,b-934,1.0,MATCH,1.0,1.0,1.0,1.0,1.0,1.0,1.0,1.0,0,0,1.0,1.0,1.0,0,1.0,1.0,1.0,0,1.0,1.0,1.0,0,1.0,1.0,0,,,1
a-305,b-209,1.0,MATCH,0.6571428571428571,0.6,1.0,1.0,1.0,0.0,0.0,0.0,0,0,1.0,1.0,1.0,0,1.0,1.0,1.0,0,1.0,1.0,1.0,0,1.0,1.0,0,,,1
a-398,b-271,1.0,MATCH,1.0,1.0,1.0,1.0,1.0,1.0,1.0,1.0,0,0,0.9411764705882354,0.2,0.0,0,1.0,1.0,1.0,0,1.0,1.0,1.0,0,1.0,1.0,0,,,1
a-1318,b-907,1.0,MATCH,1.0,1.0,1.0,1.0,1.0,1.0,1.0,1.0,0,0,1.0,1.0,1.0,0,0.0,1.0,0.0,0,1.0,1.0,1.0,0,1.0,1.0,0,,,1
a-1345,b-927,1.0,MATCH,0.5357142857142857,0.6666666666666667,0.6666666666666667,0.8333333333333333,0.3333333333333333,0.0,1.0,0.0,7,0,1.0,1.0,1.0,0,1.0,1.0,1.0,0,1.0,1.0,1.0,0,1.0,1.0,0,,,1
a-858,b-592,1.0,MATCH,0.5444444444444444,0.5333333333333333,1.0,1.0,1.0,0.0,0.0,0.0,0,0,1.0,1.0,1.0,0,1.0,1.0,1.0,0,0.0,0.98,1.0,0,1.0,1.0,0,,,1
a-266,b-187,1.0,MATCH,1.0,1.0,1.0,1.0,1.0,1.0,1.0,1.0,0,0,1.0,1.0,1.0,0,1.0,1.0,1.0,0,1.0,1.0,1.0,0,1.0,1.0,0,,,1
a-142,b-96,1.0,MATCH,1.0,1.0,1.0,1.0,1.0,1.0,1.0,1.0,0,0,1.0,1.0,1.0,0,1.0,1.0,1.0,0,1.0,1.0,1.0,0,1.0,1.0,0,,,1
a-14,b-12,1.0,MATCH,1.0,1.0,1.0,1.0,1.0,1.0,1.0,1.0,0,0,1.0,1.0,1.0,0,1.0,1.0,1.0,0,1.0,1.0,1.0,0,1.0,1.0,0,,,1
a-267,b-188,1.0,MATCH,0.9666666666666666,0.9166666666666665,0.9166666666666665,0.9166666666666667,0.3333333333333333,0.0,0.0,0.0,0,0,0.9729729729729729,0.5,1.0,0,0.0,1.0,1.0,0,1.0,1.0,1.0,0,1.0,1.0,0,,,1
a-1510,b-1049,1.0,MATCH,0.8012820512820513,0.8387096774193549,0.8387096774193549,0.9166666666666667,0.3333333333333333,0.0,1.0,0.0,5,0,0.9655172413793103,0.5,1.0,0,1.0,1.0,1.0,0,0.0,1.0,0.0,0,1.0,1.0,0,,,1
a-1454,b-1009,1.0,MATCH,1.0,1.0,1.0,1.0,1.0,1.0,1.0,1.0,0,0,1.0,1.0,1.0,0,1.0,1.0,1.0,0,1.0,1.0,1.0,0,1.0,1.0,0,,,1
a-1160,b-805,1.0,MATCH,1.0,1.0,1.0,1.0,1.0,1.0,1.0,1.0,0,0,1.0,1.0,1.0,0,0.0,1.0,1.0,0,1.0,1.0,1.0,0,1.0,1.0,0,,,1
a-550,b-371,1.0,MATCH,1.0,1.0,1.0,1.0,1.0,1.0,1.0,1.0,0,0,0.923076923076923,0.5,1.0,0,1.0,1.0,1.0,0,,,,1,1.0,1.0,0,,,1
a-248,b-173,1.0,MATCH,1.0,1.0,1.0,1.0,1.0,1.0,1.0,1.0,0,0,1.0,1.0,1.0,0,1.0,1.0,1.0,0,1.0,1.0,1.0,0,1.0,1.0,0,,,1
a-1784,b-1253,1.0,MATCH,1.0,1.0,1.0,1.0,1.0,1.0,1.0,1.0,0,0,1.0,1.0,1.0,0,0.0,1.0,0.0,0,1.0,1.0,1.0,0,1.0,1.0,0,,,1
a-853,b-588,1.0,MATCH,1.0,1.0,1.0,1.0,1.0,1.0,1.0,1.0,0,0,0.95,0.5,1.0,0,0.0,1.0,0.0,0,1.0,1.0,1.0,0,1.0,1.0,0,,,1
a-1970,b-1375,1.0,MATCH,1.0,1.0,1.0,1.0,1.0,1.0,1.0,1.0,0,0,1.0,1.0,1.0,0,1.0,1.0,1.0,0,1.0,1.0,1.0,0,1.0,1.0,0,,,1
a-323,b-219,1.0,MATCH,1.0,1.0,1.0,1.0,1.0,1.0,1.0,1.0,0,0,1.0,1.0,1.0,0,1.0,1.0,1.0,0,1.0,1.0,1.0,0,1.0,1.0,0,,,1
a-1163,b-808,1.0,MATCH,1.0,1.0,1.0,1.0,1.0,1.0,1.0,1.0,0,0,1.0,1.0,1.0,0,1.0,1.0,1.0,0,1.0,1.0,1.0,0,1.0,1.0,0,,,1
a-151,b-103,1.0,MATCH,0.9846153846153847,0.923076923076923,0.923076923076923,0.923076923076923,0.3333333333333333,0.0,0.0,0.0,0,0,0.7692307692307692,0.2,0.0,0,0.0,1.0,1.0,0,1.0,1.0,1.0,0,1.0,1.0,0,,,1
a-719,b-492,1.0,MATCH,1.0,1.0,1.0,1.0,1.0,1.0,1.0,1.0,0,0,1.0,1.0,1.0,0,0.0,1.0,1.0,0,1.0,1.0,1.0,0,1.0,1.0,0,,,1
a-923,b-641,1.0,MATCH,0.5333333333333333,0.5,1.0,1.0,1.0,0.0,0.0,0.0,0,0,0.9285714285714286,0.5,1.0,0,0.0,1.0,0.0,0,1.0,1.0,1.0,0,1.0,1.0,0,,,1
a-1582,b-1105,1.0,MATCH,1.0,1.0,1.0,1.0,1.0,1.0,1.0,1.0,0,0,1.0,1.0,1.0,0,1.0,1.0,1.0,0,0.0,0.9066666666666667,1.0,0,1.0,1.0,0,,,1
a-1110,b-769,1.0,MATCH,1.0,1.0,1.0,1.0,1.0,1.0,1.0,1.0,0,0,0.96,0.5,0.0,0,1.0,1.0,1.0,0,1.0,1.0,1.0,0,1.0,1.0,0,,,1
a-171,b-119,1.0,MATCH,1.0,1.0,1.0,1.0,1.0,1.0,1.0,1.0,0,0,1.0,1.0,1.0,0,1.0,1.0,1.0,0,1.0,1.0,1.0,0,1.0,1.0,0,,,1
a-1182,b-820,1.0,MATCH,0.9859649122807017,0.972972972972973,0.972972972972973,0.9729729729729729,0.3333333333333333,0.0,0.0,0.0,1,0,1.0,1.0,1.0,0,1.0,1.0,1.0,0,0.0,0.9743589743589745,1.0,0,1.0,1.0,0,,,1
a-1119,b-777,1.0,MATCH,1.0,1.0,1.0,1.0,1.0,1.0,1.0,1.0,0,0,1.0,1.0,1.0,0,1.0,1.0,1.0,0,1.0,1.0,1.0,0,1.0,1.0,0,,,1
a-1557,b-1085,1.0,MATCH,0.7555555555555555,0.5833333333333333,1.0,1.0,1.0,0.0,0.0,0.0,0,0,0.6428571428571428,0.2,1.0,0,0.0,1.0,0.0,0,1.0,1.0,1.0,0,1.0,1.0,0,,,1
a-625,b-427,1.0,MATCH,0.7222222222222223,0.5833333333333333,1.0,1.0,1.0,0.0,0.0,0.0,0,0,1.0,1.0,1.0,0,1.0,1.0,1.0,0,1.0,1.0,1.0,0,1.0,1.0,0,,,1
a-1879,b-1313,1.0,MATCH,1.0,1.0,1.0,1.0,1.0,1.0,1.0,1.0,0,0,1.0,1.0,1.0,0,1.0,1.0,1.0,0,1.0,1.0,1.0,0,1.0,1.0,0,,,1
a-800,b-549,1.0,MATCH,0.8242857142857142,0.8235294117647058,0.8235294117647058,0.8333333333333333,0.3333333333333333,0.0,1.0,0.0,3,0,0.967741935483871,0.25,1.0,0,1.0,1.0,1.0,0,1.0,1.0,1.0,0,1.0,1.0,0,,,1
a-1922,b-1342,1.0,MATCH,1.0,1.0,1.0,1.0,1.0,1.0,1.0,1.0,0,0,0.9655172413793103,0.5,1.0,0,1.0,1.0,1.0,0,1.0,1.0,1.0,0,1.0,1.0,0,,,1
a-459,b-310,1.0,MATCH,0.9794871794871796,0.923076923076923,0.923076923076923,0.923076923076923,0.3333333333333333,0.0,0.0,1.0,0,0,1.0,1.0,1.0,0,1.0,1.0,1.0,0,1.0,1.0,1.0,0,1.0,1.0,0,,,1
a-797,b-546,1.0,MATCH,0.5050505050505051,0.7058823529411764,0.7058823529411764,0.8,0.3333333333333333,0.0,1.0,0.0,5,0,1.0,1.0,1.0,0,1.0,1.0,1.0,0,1.0,1.0,1.0,0,1.0,1.0,0,,,1
a-1070,b-742,1.0,MATCH,0.40740740740740744,0.4444444444444444,1.0,1.0,1.0,0.0,0.0,0.0,0,0,1.0,1.0,1.0,0,1.0,1.0,1.0,0,1.0,1.0,1.0,0,1.0,1.0,0,,,1
a-330,b-223,1.0,MATCH,1.0,1.0,1.0,1.0,1.0,1.0,1.0,1.0,0,0,1.0,1.0,1.0,0,0.0,1.0,1.0,0,,,,1,1.0,1.0,0,,,1
a-605,b-414,1.0,MATCH,1.0,1.0,1.0,1.0,1.0,1.0,1.0,1.0,0,0,1.0,1.0,1.0,0,1.0,1.0,1.0,0,1.0,1.0,1.0,0,1.0,1.0,0,,,1
a-924,b-642,1.0,MATCH,1.0,1.0,1.0,1.0,1.0,1.0,1.0,1.0,0,0,1.0,1.0,1.0,0,1.0,1.0,1.0,0,0.0,1.0,0.0,0,1.0,1.0,0,,,1
a-1885,b-1317,1.0,MATCH,1.0,1.0,1.0,1.0,1.0,1.0,1.0,1.0,0,0,1.0,1.0,1.0,0,1.0,1.0,1.0,0,1.0,1.0,1.0,0,1.0,1.0,0,,,1
a-405,b-275,1.0,MATCH,1.0,1.0,1.0,1.0,1.0,1.0,1.0,1.0,0,0,0.967741935483871,0.5,1.0,0,1.0,1.0,1.0,0,0.0,1.0,0.0,0,1.0,1.0,0,,,1
a-991,b-683,1.0,MATCH,1.0,1.0,1.0,1.0,1.0,1.0,1.0,1.0,0,0,1.0,1.0,1.0,0,1.0,1.0,1.0,0,1.0,1.0,1.0,0,1.0,1.0,0,,,1
a-875,b-605,1.0,MATCH,1.0,1.0,1.0,1.0,1.0,1.0,1.0,1.0,0,0,1.0,1.0,1.0,0,1.0,1.0,1.0,0,1.0,1.0,1.0,0,1.0,1.0,0,,,1
a-359,b-245,1.0,MATCH,1.0,1.0,1.0,1.0,1.0,1.0,1.0,1.0,0,0,1.0,1.0,1.0,0,1.0,1.0,1.0,0,1.0,1.0,1.0,0,1.0,1.0,0,,,1
a-739,b-503,1.0,MATCH,1.0,1.0,1.0,1.0,1.0,1.0,1.0,1.0,0,0,1.0,1.0,1.0,0,1.0,1.0,1.0,0,,,,1,1.0,1.0,0,,,1
a-687,b-472,1.0,MATCH,1.0,1.0,1.0,1.0,1.0,1.0,1.0,1.0,0,0,0.9629629629629629,0.5,1.0,0,1.0,1.0,1.0,0,1.0,1.0,1.0,0,1.0,1.0,0,,,1
a-986,b-678,1.0,MATCH,1.0,1.0,1.0,1.0,1.0,1.0,1.0,1.0,0,0,1.0,1.0,1.0,0,1.0,1.0,1.0,0,1.0,1.0,1.0,0,1.0,1.0,0,,,1
a-1030,b-711,1.0,MATCH,0.9866666666666667,0.9655172413793103,0.9655172413793103,0.9655172413793103,0.3333333333333333,0.0,0.0,0.0,1,0,1.0,1.0,1.0,0,1.0,1.0,1.0,0,1.0,1.0,1.0,0,1.0,1.0,0,,,1
a-1712,b-1196,1.0,MATCH,1.0,1.0,1.0,1.0,1.0,1.0,1.0,1.0,0,0,1.0,1.0,1.0,0,0.0,1.0,0.0,0,1.0,1.0,1.0,0,1.0,1.0,0,,,1
a-752,b-511,1.0,MATCH,1.0,1.0,1.0,1.0,1.0,1.0,1.0,1.0,0,0,0.9767441860465117,0.5,1.0,0,1.0,1.0,1.0,0,1.0,1.0,1.0,0,1.0,1.0,0,,,1
a-1199,b-835,1.0,MATCH,1.0,1.0,1.0,1.0,1.0,1.0,1.0,1.0,0,0,0.9729729729729729,0.5,1.0,0,1.0,1.0,1.0,0,1.0,1.0,1.0,0,1.0,1.0,0,,,1
a-1322,b-911,1.0,MATCH,1.0,1.0,1.0,1.0,1.0,1.0,1.0,1.0,0,0,1.0,1.0,1.0,0,1.0,1.0,1.0,0,1.0,1.0,1.0,0,1.0,1.0,0,,,1
a-1504,b-1044,1.0,MATCH,1.0,1.0,1.0,1.0,1.0,1.0,1.0,1.0,0,0,0.6,0.2,1.0,0,1.0,1.0,1.0,0,1.0,1.0,1.0,0,1.0,1.0,0,,,1
a-66,b-46,1.0,MATCH,1.0,1.0,1.0,1.0,1.0,1.0,1.0,1.0,0,0,1.0,1.0,1.0,0,1.0,1.0,1.0,0,1.0,1.0,1.0,0,1.0,1.0,0,,,1
a-176,b-123,1.0,MATCH,0.88,0.75,0.75,0.8,0.3333333333333333,0.0,1.0,0.0,4,0,1.0,1.0,1.0,0,1.0,1.0,1.0,0,1.0,1.0,1.0,0,1.0,1.0,0,,,1
a-1875,b-1310,1.0,MATCH,1.0,1.0,1.0,1.0,1.0,1.0,1.0,1.0,0,0,1.0,1.0,1.0,0,1.0,1.0,1.0,0,,,,1,1.0,1.0,0,,,1
a-435,b-297,1.0,MATCH,0.7738095238095237,0.6875,1.0,1.0,1.0,0.0,0.0,0.0,0,0,1.0,1.0,1.0,0,1.0,1.0,1.0,0,,,,1,1.0,1.0,0,,,1
a-85,b-56,1.0,MATCH,1.0,1.0,1.0,1.0,1.0,1.0,1.0,1.0,0,0,0.9285714285714286,0.5,1.0,0,1.0,1.0,1.0,0,1.0,1.0,1.0,0,1.0,1.0,0,,,1
a-1054,b-731,1.0,MATCH,0.3,0.5,1.0,1.0,1.0,0.0,0.0,0.0,0,0,1.0,1.0,1.0,0,1.0,1.0,1.0,0,1.0,1.0,1.0,0,1.0,1.0,0,,,1
a-13,b-11,1.0,MATCH,1.0,1.0,1.0,1.0,1.0,1.0,1.0,1.0,0,0,1.0,1.0,1.0,0,1.0,1.0,1.0,0,1.0,1.0,1.0,0,1.0,1.0,0,,,1
a-850,b-585,1.0,MATCH,1.0,1.0,1.0,1.0,1.0,1.0,1.0,1.0,0,0,0.9565217391304348,0.5,0.0,0,0.0,1.0,0.0,0,1.0,1.0,1.0,0,1.0,1.0,0,,,1
a-591,b-401,1.0,MATCH,0.9722222222222222,0.9166666666666665,0.9166666666666665,0.9166666666666667,0.3333333333333333,0.0,0.0,0.0,0,0,1.0,1.0,1.0,0,1.0,1.0,1.0,0,1.0,1.0,1.0,0,1.0,1.0,0,,,1
a-935,b-648,1.0,MATCH,1.0,1.0,1.0,1.0,1.0,1.0,1.0,1.0,0,0,1.0,1.0,1.0,0,1.0,1.0,1.0,0,1.0,1.0,1.0,0,1.0,1.0,0,,,1
a-689,b-474,1.0,MATCH,1.0,1.0,1.0,1.0,1.0,1.0,1.0,1.0,0,0,1.0,1.0,1.0,0,1.0,1.0,1.0,0,1.0,1.0,1.0,0,1.0,1.0,0,,,1
a-1940,b-1355,1.0,MATCH,1.0,1.0,1.0,1.0,1.0,1.0,1.0,1.0,0,0,1.0,1.0,1.0,0,1.0,1.0,1.0,0,1.0,1.0,1.0,0,1.0,1.0,0,,,1
a-160,b-111,1.0,MATCH,1.0,1.0,1.0,1.0,1.0,1.0,1.0,1.0,0,0,1.0,1.0,1.0,0,0.0,1.0,1.0,0,0.0,1.0,0.0,0,1.0,1.0,0,,,1
a-1905,b-1329,1.0,MATCH,0.9791666666666666,0.9375,0.5,0.9375,0.3333333333333333,0.0,0.0,0.0,0,0,1.0,1.0,1.0,0,0.0,1.0,0.0,0,,,,1,1.0,1.0,0,,,1
a-1468,b-1019,1.0,MATCH,0.48214285714285715,0.5,1.0,1.0,1.0,0.0,0.0,0.0,0,0,1.0,1.0,1.0,0,1.0,1.0,1.0,0,1.0,1.0,1.0,0,1.0,1.0,0,,,1
a-1028,b-710,1.0,MATCH,1.0,1.0,1.0,1.0,1.0,1.0,1.0,1.0,0,0,0.6153846153846154,0.2,1.0,0,1.0,1.0,1.0,0,1.0,1.0,1.0,0,1.0,1.0,0,,,1
a-1127,b-782,1.0,MATCH,1.0,1.0,1.0,1.0,1.0,1.0,1.0,1.0,0,0,1.0,1.0,1.0,0,1.0,1.0,1.0,0,0.0,1.0,0.0,0,1.0,1.0,0,,,1
a-876,b-606,1.0,MATCH,1.0,1.0,1.0,1.0,1.0,1.0,1.0,1.0,0,0,0.967741935483871,0.25,1.0,0,1.0,1.0,1.0,0,,,,1,1.0,1.0,0,,,1
a-426,b-289,1.0,MATCH,0.2878787878787879,0.5454545454545454,1.0,1.0,1.0,0.0,0.0,0.0,0,0,0.967741935483871,0.5,1.0,0,1.0,1.0,1.0,0,,,,1,1.0,1.0,0,,,1
a-1589,b-1110,1.0,MATCH,0.626984126984127,0.5,1.0,1.0,1.0,0.0,0.0,0.0,0,0,1.0,1.0,1.0,0,0.0,1.0,0.0,0,1.0,1.0,1.0,0,1.0,1.0,0,,,1
a-969,b-668,1.0,MATCH,0.7721153846153846,0.7619047619047619,0.7619047619047619,0.8571428571428571,0.3333333333333333,0.0,1.0,0.0,5,0,1.0,1.0,1.0,0,1.0,1.0,1.0,0,1.0,1.0,1.0,0,1.0,1.0,0,,,1
a-1446,b-1002,1.0,MATCH,0.5663003663003664,0.7,0.7,0.8333333333333333,0.3333333333333333,0.0,1.0,0.0,6,0,1.0,1.0,1.0,0,1.0,1.0,1.0,0,1.0,1.0,1.0,0,1.0,1.0,0,,,1
a-1090,b-756,1.0,MATCH,1.0,1.0,1.0,1.0,1.0,1.0,1.0,1.0,0,0,0.923076923076923,0.5,0.0,0,0.0,1.0,0.0,0,1.0,1.0,1.0,0,1.0,1.0,0,,,1
a-693,b-477,1.0,MATCH,0.9714285714285714,0.9285714285714286,0.9285714285714286,0.9285714285714286,0.3333333333333333,0.0,0.0,0.0,0,0,1.0,1.0,1.0,0,1.0,1.0,1.0,0,1.0,1.0,1.0,0,1.0,1.0,0,,,1
a-826,b-566,1.0,MATCH,0.46581196581196577,0.631578947368421,0.631578947368421,0.8,0.3333333333333333,0.0,1.0,0.0,7,0,1.0,1.0,1.0,0,0.0,1.0,0.0,0,1.0,1.0,1.0,0,1.0,1.0,0,,,1
a-837,b-575,1.0,MATCH,1.0,1.0,1.0,1.0,1.0,1.0,1.0,1.0,0,0,0.9473684210526315,0.5,1.0,0,1.0,1.0,1.0,0,1.0,1.0,1.0,0,1.0,1.0,0,,,1
a-1854,b-1297,1.0,MATCH,1.0,1.0,1.0,1.0,1.0,1.0,1.0,1.0,0,0,0.8695652173913043,0.2,1.0,0,1.0,1.0,1.0,0,1.0,1.0,1.0,0,1.0,1.0,0,,,1
a-1366,b-944,1.0,MATCH,0.5934343434343434,0.7058823529411764,0.7058823529411764,0.8,0.3333333333333333,0.0,1.0,0.0,5,0,1.0,1.0,1.0,0,1.0,1.0,1.0,0,1.0,1.0,1.0,0,1.0,1.0,0,,,1
a-1207,b-841,1.0,MATCH,0.6111111111111112,0.5,1.0,1.0,1.0,0.0,0.0,0.0,0,0,1.0,1.0,1.0,0,1.0,1.0,1.0,0,0.0,0.9714285714285714,1.0,0,1.0,1.0,0,,,1
a-1909,b-1333,1.0,MATCH,1.0,1.0,1.0,1.0,1.0,1.0,1.0,1.0,0,0,0.96,0.5,1.0,0,0.0,1.0,1.0,0,1.0,1.0,1.0,0,1.0,1.0,0,,,1
a-387,b-261,1.0,MATCH,0.7721153846153846,0.7619047619047619,0.7619047619047619,0.7619047619047619,0.0,0.0,0.0,0.0,5,0,1.0,1.0,1.0,0,1.0,1.0,1.0,0,0.0,0.9619047619047619,1.0,0,1.0,1.0,0,,,1
a-1535,b-1068,1.0,MATCH,1.0,1.0,1.0,1.0,1.0,1.0,1.0,1.0,0,0,0.9655172413793103,0.5,1.0,0,1.0,1.0,1.0,0,1.0,1.0,1.0,0,1.0,1.0,0,,,1
a-1217,b-846,1.0,MATCH,1.0,1.0,1.0,1.0,1.0,1.0,1.0,1.0,0,0,0.9629629629629629,0.5,1.0,0,0.0,1.0,1.0,0,1.0,1.0,1.0,0,1.0,1.0,0,,,1
a-1978,b-1383,1.0,MATCH,1.0,1.0,1.0,1.0,1.0,1.0,1.0,1.0,0,0,1.0,1.0,1.0,0,0.0,1.0,0.0,0,,,,1,1.0,1.0,0,,,1
a-1830,b-1281,1.0,MATCH,1.0,1.0,1.0,1.0,1.0,1.0,1.0,1.0,0,0,0.923076923076923,0.5,0.0,0,1.0,1.0,1.0,0,0.0,0.9777777777777777,0.0,0,1.0,1.0,0,,,1
a-769,b-525,1.0,MATCH,0.47222222222222215,0.5,1.0,1.0,1.0,0.0,0.0,0.0,0,0,0.9696969696969697,0.5,1.0,0,0.0,1.0,1.0,0,1.0,1.0,1.0,0,1.0,1.0,0,,,1
a-665,b-456,1.0,MATCH,0.5230769230769231,0.4615384615384615,1.0,1.0,1.0,0.0,0.0,0.0,0,0,1.0,1.0,1.0,0,1.0,1.0,1.0,0,1.0,1.0,1.0,0,1.0,1.0,0,,,1
a-61,b-44,1.0,MATCH,1.0,1.0,1.0,1.0,1.0,1.0,1.0,1.0,0,0,0.875,0.3333333333333333,0.0,0,1.0,1.0,1.0,0,1.0,1.0,1.0,0,1.0,1.0,0,,,1
a-1720,b-1203,1.0,MATCH,1.0,1.0,1.0,1.0,1.0,1.0,1.0,1.0,0,0,0.8571428571428571,0.3333333333333333,1.0,0,1.0,1.0,1.0,0,,,,1,1.0,1.0,0,,,1
a-1971,b-1376,1.0,MATCH,1.0,1.0,1.0,1.0,1.0,1.0,1.0,1.0,0,0,1.0,1.0,1.0,0,1.0,1.0,1.0,0,1.0,1.0,1.0,0,1.0,1.0,0,,,1
a-1639,b-1147,1.0,MATCH,1.0,1.0,1.0,1.0,1.0,1.0,1.0,1.0,0,0,1.0,1.0,1.0,0,1.0,1.0,1.0,0,1.0,1.0,1.0,0,1.0,1.0,0,,,1
a-756,b-514,1.0,MATCH,0.9846153846153847,0.96,0.96,0.96,0.3333333333333333,0.0,0.0,1.0,1,0,0.9411764705882354,0.5,1.0,0,1.0,1.0,1.0,0,1.0,1.0,1.0,0,1.0,1.0,0,,,1
a-1789,b-1257,1.0,MATCH,1.0,1.0,1.0,1.0,1.0,1.0,1.0,1.0,0,0,1.0,1.0,1.0,0,1.0,1.0,1.0,0,,,,1,1.0,1.0,0,,,1
a-949,b-656,1.0,MATCH,1.0,1.0,1.0,1.0,1.0,1.0,1.0,1.0,0,0,1.0,1.0,1.0,0,0.0,1.0,0.0,0,1.0,1.0,1.0,0,1.0,1.0,0,,,1
a-823,b-563,1.0,MATCH,1.0,1.0,1.0,1.0,1.0,1.0,1.0,1.0,0,0,1.0,1.0,1.0,0,1.0,1.0,1.0,0,1.0,1.0,1.0,0,1.0,1.0,0,,,1
a-1035,b-716,1.0,MATCH,1.0,1.0,1.0,1.0,1.0,1.0,1.0,1.0,0,0,0.9411764705882354,0.2,0.0,0,1.0,1.0,1.0,0,0.0,1.0,0.0,0,1.0,1.0,0,,,1
a-1595,b-1116,1.0,MATCH,1.0,1.0,1.0,1.0,1.0,1.0,1.0,1.0,0,0,0.9655172413793103,0.5,1.0,0,0.0,1.0,1.0,0,1.0,1.0,1.0,0,1.0,1.0,0,,,1
a-1617,b-1133,1.0,MATCH,1.0,1.0,1.0,1.0,1.0,1.0,1.0,1.0,0,0,0.9189189189189189,0.2,0.0,0,1.0,1.0,1.0,0,1.0,1.0,1.0,0,1.0,1.0,0,,,1
a-381,b-257,1.0,MATCH,1.0,1.0,1.0,1.0,1.0,1.0,1.0,1.0,0,0,1.0,1.0,1.0,0,1.0,1.0,1.0,0,0.0,0.96,1.0,0,1.0,1.0,0,,,1
a-1903,b-1327,1.0,MATCH,1.0,1.0,1.0,1.0,1.0,1.0,1.0,1.0,0,0,0.96,0.5,1.0,0,0.0,1.0,0.0,0,1.0,1.0,1.0,0,1.0,1.0,0,,,1
a-607,b-415,1.0,MATCH,1.0,1.0,1.0,1.0,1.0,1.0,1.0,1.0,0,0,1.0,1.0,1.0,0,1.0,1.0,1.0,0,0.0,1.0,0.0,0,1.0,1.0,0,,,1
a-444,b-301,1.0,MATCH,0.7222222222222222,0.5833333333333333,1.0,1.0,1.0,0.0,0.0,0.0,0,0,1.0,1.0,1.0,0,1.0,1.0,1.0,0,0.0,1.0,0.0,0,1.0,1.0,0,,,1
a-952,b-659,1.0,MATCH,1.0,1.0,1.0,1.0,1.0,1.0,1.0,1.0,0,0,0.975609756097561,0.5,1.0,0,1.0,1.0,1.0,0,1.0,1.0,1.0,0,1.0,1.0,0,,,1
a-1452,b-1007,1.0,MATCH,0.7589285714285714,0.7272727272727273,0.7272727272727273,0.8571428571428571,0.3333333333333333,0.0,1.0,0.0,6,0,1.0,1.0,1.0,0,0.0,1.0,0.0,0,1.0,1.0,1.0,0,1.0,1.0,0,,,1
a-446,b-303,1.0,MATCH,1.0,1.0,1.0,1.0,1.0,1.0,1.0,1.0,0,0,1.0,1.0,1.0,0,1.0,1.0,1.0,0,1.0,1.0,1.0,0,1.0,1.0,0,,,1
a-656,b-449,1.0,MATCH,0.7851851851851852,0.6,1.0,1.0,1.0,0.0,0.0,0.0,0,0,0.9444444444444444,0.5,0.0,0,1.0,1.0,1.0,0,1.0,1.0,1.0,0,1.0,1.0,0,,,1
a-1597,b-1118,1.0,MATCH,0.8679653679653679,0.88,0.88,1.0,0.6666666666666666,0.0,0.0,0.0,3,0,0.9655172413793103,0.5,1.0,0,1.0,1.0,1.0,0,0.0,0.9111111111111112,1.0,0,1.0,1.0,0,,,1
a-1132,b-785,1.0,MATCH,1.0,1.0,1.0,1.0,1.0,1.0,1.0,1.0,0,0,1.0,1.0,1.0,0,1.0,1.0,1.0,0,1.0,1.0,1.0,0,1.0,1.0,0,,,1
a-1146,b-796,1.0,MATCH,1.0,1.0,1.0,1.0,1.0,1.0,1.0,1.0,0,0,1.0,1.0,1.0,0,1.0,1.0,1.0,0,1.0,1.0,1.0,0,1.0,1.0,0,,,1
a-204,b-143,1.0,MATCH,0.98,0.9,0.9,0.9,0.3333333333333333,0.0,0.0,0.0,0,0,1.0,1.0,1.0,0,1.0,1.0,1.0,0,,,,1,1.0,1.0,0,,,1
a-1507,b-1047,1.0,MATCH,1.0,1.0,1.0,1.0,1.0,1.0,1.0,1.0,0,0,0.9696969696969697,0.5,0.0,0,0.0,1.0,0.0,0,0.0,1.0,0.0,0,1.0,1.0,0,,,1
a-1232,b-854,1.0,MATCH,1.0,1.0,1.0,1.0,1.0,1.0,1.0,1.0,0,0,1.0,1.0,1.0,0,1.0,1.0,1.0,0,0.0,0.9611111111111111,1.0,0,1.0,1.0,0,,,1
a-1777,b-1246,1.0,MATCH,1.0,1.0,1.0,1.0,1.0,1.0,1.0,1.0,0,0,1.0,1.0,1.0,0,1.0,1.0,1.0,0,1.0,1.0,1.0,0,1.0,1.0,0,,,1
a-621,b-424,1.0,MATCH,1.0,1.0,1.0,1.0,1.0,1.0,1.0,1.0,0,0,1.0,1.0,1.0,0,1.0,1.0,1.0,0,0.0,1.0,0.0,0,1.0,1.0,0,,,1
a-1621,b-1135,1.0,MATCH,1.0,1.0,1.0,1.0,1.0,1.0,1.0,1.0,0,0,0.9333333333333332,0.5,1.0,0,0.0,1.0,1.0,0,1.0,1.0,1.0,0,1.0,1.0,0,,,1
a-1786,b-1255,1.0,MATCH,1.0,1.0,1.0,1.0,1.0,1.0,1.0,1.0,0,0,1.0,1.0,1.0,0,1.0,1.0,1.0,0,1.0,1.0,1.0,0,1.0,1.0,0,,,1
a-1040,b-719,1.0,MATCH,1.0,1.0,1.0,1.0,1.0,1.0,1.0,1.0,0,0,1.0,1.0,1.0,0,1.0,1.0,1.0,0,1.0,1.0,1.0,0,1.0,1.0,0,,,1
a-1341,b-925,1.0,MATCH,1.0,1.0,1.0,1.0,1.0,1.0,1.0,1.0,0,0,1.0,1.0,1.0,0,0.0,1.0,1.0,0,1.0,1.0,1.0,0,1.0,1.0,0,,,1
a-1501,b-1041,1.0,MATCH,1.0,1.0,1.0,1.0,1.0,1.0,1.0,1.0,0,0,1.0,1.0,1.0,0,1.0,1.0,1.0,0,0.0,1.0,0.0,0,1.0,1.0,0,,,1
a-233,b-162,1.0,MATCH,0.5909090909090909,0.7058823529411764,0.7058823529411764,0.8,0.3333333333333333,0.0,1.0,0.0,5,0,1.0,1.0,1.0,0,1.0,1.0,1.0,0,1.0,1.0,1.0,0,1.0,1.0,0,,,1
a-489,b-327,1.0,MATCH,1.0,1.0,1.0,1.0,1.0,1.0,1.0,1.0,0,0,1.0,1.0,1.0,0,1.0,1.0,1.0,0,0.0,1.0,0.0,0,1.0,1.0,0,,,1
a-903,b-626,1.0,MATCH,1.0,1.0,1.0,1.0,1.0,1.0,1.0,1.0,0,0,1.0,1.0,1.0,0,1.0,1.0,1.0,0,,,,1,1.0,1.0,0,,,1
a-1734,b-1214,1.0,MATCH,1.0,1.0,1.0,1.0,1.0,1.0,1.0,1.0,0,0,0.9285714285714286,0.5,1.0,0,1.0,1.0,1.0,0,1.0,1.0,1.0,0,1.0,1.0,0,,,1
a-486,b-325,1.0,MATCH,1.0,1.0,1.0,1.0,1.0,1.0,1.0,1.0,0,0,1.0,1.0,1.0,0,1.0,1.0,1.0,0,1.0,1.0,1.0,0,1.0,1.0,0,,,1
a-52,b-38,1.0,MATCH,1.0,1.0,1.0,1.0,1.0,1.0,1.0,1.0,0,0,1.0,1.0,1.0,0,1.0,1.0,1.0,0,1.0,1.0,1.0,0,1.0,1.0,0,,,1
a-854,b-589,1.0,MATCH,1.0,1.0,1.0,1.0,1.0,1.0,1.0,1.0,0,0,1.0,1.0,1.0,0,0.0,1.0,0.0,0,1.0,1.0,1.0,0,1.0,1.0,0,,,1
a-1754,b-1227,1.0,MATCH,1.0,1.0,1.0,1.0,1.0,1.0,1.0,1.0,0,0,0.9285714285714286,0.5,1.0,0,1.0,1.0,1.0,0,0.0,0.8585858585858586,1.0,0,1.0,1.0,0,,,1
a-1651,b-1156,1.0,MATCH,1.0,1.0,1.0,1.0,1.0,1.0,1.0,1.0,0,0,0.9629629629629629,0.5,0.0,0,1.0,1.0,1.0,0,1.0,1.0,1.0,0,1.0,1.0,0,,,1
a-795,b-544,1.0,MATCH,1.0,1.0,1.0,1.0,1.0,1.0,1.0,1.0,0,0,1.0,1.0,1.0,0,1.0,1.0,1.0,0,1.0,1.0,1.0,0,1.0,1.0,0,,,1
a-287,b-201,1.0,MATCH,1.0,1.0,1.0,1.0,1.0,1.0,1.0,1.0,0,0,1.0,1.0,1.0,0,1.0,1.0,1.0,0,0.0,0.9,1.0,0,1.0,1.0,0,,,1
a-1026,b-709,1.0,MATCH,1.0,1.0,1.0,1.0,1.0,1.0,1.0,1.0,0,0,1.0,1.0,1.0,0,1.0,1.0,1.0,0,,,,1,1.0,1.0,0,,,1
a-810,b-555,1.0,MATCH,0.9866666666666667,0.9333333333333332,0.9333333333333332,0.9333333333333332,0.3333333333333333,0.0,0.0,0.0,0,0,1.0,1.0,1.0,0,1.0,1.0,1.0,0,1.0,1.0,1.0,0,1.0,1.0,0,,,1
a-844,b-580,1.0,MATCH,1.0,1.0,1.0,1.0,1.0,1.0,1.0,1.0,0,0,0.9333333333333332,0.5,1.0,0,1.0,1.0,1.0,0,0.0,1.0,0.0,0,1.0,1.0,0,,,1
a-632,b-434,1.0,MATCH,1.0,1.0,1.0,1.0,1.0,1.0,1.0,1.0,0,0,0.9523809523809524,0.5,1.0,0,1.0,1.0,1.0,0,1.0,1.0,1.0,0,1.0,1.0,0,,,1
a-1727,b-1208,1.0,MATCH,1.0,1.0,1.0,1.0,1.0,1.0,1.0,1.0,0,0,1.0,1.0,1.0,0,1.0,1.0,1.0,0,1.0,1.0,1.0,0,1.0,1.0,0,,,1
a-767,b-523,1.0,MATCH,0.8431818181818183,0.8421052631578947,0.8421052631578947,0.8571428571428571,0.3333333333333333,0.0,1.0,0.0,3,0,1.0,1.0,1.0,0,1.0,1.0,1.0,0,1.0,1.0,1.0,0,1.0,1.0,0,,,1
a-296,b-205,1.0,MATCH,0.9820512820512821,0.96,0.96,0.96,0.3333333333333333,0.0,0.0,0.0,1,0,0.9285714285714286,0.5,0.0,0,1.0,1.0,1.0,0,0.0,1.0,0.0,0,1.0,1.0,0,,,1
a-537,b-362,1.0,MATCH,1.0,1.0,1.0,1.0,1.0,1.0,1.0,1.0,0,0,0.967741935483871,0.5,1.0,0,0.0,1.0,0.0,0,1.0,1.0,1.0,0,1.0,1.0,0,,,1
a-1845,b-1291,1.0,MATCH,1.0,1.0,1.0,1.0,1.0,1.0,1.0,1.0,0,0,1.0,1.0,1.0,0,1.0,1.0,1.0,0,,,,1,1.0,1.0,0,,,1
a-170,b-118,1.0,MATCH,1.0,1.0,1.0,1.0,1.0,1.0,1.0,1.0,0,0,1.0,1.0,1.0,0,1.0,1.0,1.0,0,1.0,1.0,1.0,0,1.0,1.0,0,,,1
a-831,b-570,1.0,MATCH,0.47222222222222215,0.5,1.0,1.0,1.0,0.0,0.0,0.0,0,0,1.0,1.0,1.0,0,1.0,1.0,1.0,0,0.0,0.9333333333333333,1.0,0,1.0,1.0,0,,,1
a-881,b-610,1.0,MATCH,0.9515151515151515,0.9090909090909091,0.9090909090909091,0.9090909090909091,0.3333333333333333,0.0,0.0,0.0,0,0,1.0,1.0,1.0,0,1.0,1.0,1.0,0,1.0,1.0,1.0,0,1.0,1.0,0,,,1
a-99,b-64,1.0,MATCH,1.0,1.0,1.0,1.0,1.0,1.0,1.0,1.0,0,0,1.0,1.0,1.0,0,1.0,1.0,1.0,0,1.0,1.0,1.0,0,1.0,1.0,0,,,1
a-1910,b-1334,1.0,MATCH,1.0,1.0,1.0,1.0,1.0,1.0,1.0,1.0,0,0,1.0,1.0,1.0,0,1.0,1.0,1.0,0,1.0,1.0,1.0,0,1.0,1.0,0,,,1
a-488,b-326,1.0,MATCH,0.9846153846153847,0.96,0.96,0.96,0.3333333333333333,0.0,0.0,1.0,1,0,1.0,1.0,1.0,0,0.0,1.0,0.0,0,1.0,1.0,1.0,0,1.0,1.0,0,,,1
a-817,b-559,1.0,MATCH,1.0,1.0,1.0,1.0,1.0,1.0,1.0,1.0,0,0,1.0,1.0,1.0,0,1.0,1.0,1.0,0,,,,1,1.0,1.0,0,,,1
a-908,b-629,1.0,MATCH,1.0,1.0,1.0,1.0,1.0,1.0,1.0,1.0,0,0,1.0,1.0,1.0,0,1.0,1.0,1.0,0,0.0,1.0,0.0,0,1.0,1.0,0,,,1
a-1612,b-1128,1.0,MATCH,0.5407407407407407,0.7142857142857143,0.7142857142857143,0.75,0.3333333333333333,0.0,1.0,0.0,4,0,0.9444444444444444,0.5,1.0,0,1.0,1.0,1.0,0,1.0,1.0,1.0,0,1.0,1.0,0,,,1
a-753,b-512,1.0,MATCH,0.9484848484848484,0.9166666666666665,0.9166666666666665,0.9166666666666667,0.3333333333333333,0.0,0.0,0.0,0,0,1.0,1.0,1.0,0,1.0,1.0,1.0,0,0.0,0.9277777777777778,1.0,0,1.0,1.0,0,,,1
a-477,b-321,1.0,MATCH,1.0,1.0,1.0,1.0,1.0,1.0,1.0,1.0,0,0,1.0,1.0,1.0,0,1.0,1.0,1.0,0,0.0,0.9555555555555556,1.0,0,1.0,1.0,0,,,1
a-579,b-392,1.0,MATCH,1.0,1.0,1.0,1.0,1.0,1.0,1.0,1.0,0,0,0.967741935483871,0.5,1.0,0,1.0,1.0,1.0,0,1.0,1.0,1.0,0,1.0,1.0,0,,,1
a-145,b-98,1.0,MATCH,0.47222222222222215,0.5,1.0,1.0,1.0,0.0,0.0,0.0,0,0,0.9655172413793103,0.5,1.0,0,1.0,1.0,1.0,0,0.0,0.9625,1.0,0,1.0,1.0,0,,,1
a-125,b-85,1.0,MATCH,1.0,1.0,1.0,1.0,1.0,1.0,1.0,1.0,0,0,1.0,1.0,1.0,0,1.0,1.0,1.0,0,0.0,0.8577777777777779,1.0,0,1.0,1.0,0,,,1
a-757,b-515,1.0,MATCH,1.0,1.0,1.0,1.0,1.0,1.0,1.0,1.0,0,0,0.9655172413793103,0.5,1.0,0,0.0,1.0,0.0,0,,,,1,1.0,1.0,0,,,1
a-1151,b-799,1.0,MATCH,1.0,1.0,1.0,1.0,1.0,1.0,1.0,1.0,0,0,1.0,1.0,1.0,0,1.0,1.0,1.0,0,1.0,1.0,1.0,0,1.0,1.0,0,,,1
a-1667,b-1165,1.0,MATCH,1.0,1.0,1.0,1.0,1.0,1.0,1.0,1.0,0,0,1.0,1.0,1.0,0,1.0,1.0,1.0,0,1.0,1.0,1.0,0,1.0,1.0,0,,,1
a-1202,b-838,1.0,MATCH,1.0,1.0,1.0,1.0,1.0,1.0,1.0,1.0,0,0,1.0,1.0,1.0,0,1.0,1.0,1.0,0,0.0,1.0,0.0,0,1.0,1.0,0,,,1
a-1277,b-878,1.0,MATCH,0.9833333333333333,0.9565217391304348,0.9565217391304348,0.9565217391304348,0.3333333333333333,0.0,0.0,0.0,1,0,1.0,1.0,1.0,0,1.0,1.0,1.0,0,0.0,1.0,0.0,0,1.0,1.0,0,,,1
a-784,b-538,1.0,MATCH,1.0,1.0,1.0,1.0,1.0,1.0,1.0,1.0,0,0,0.923076923076923,0.5,1.0,0,1.0,1.0,1.0,0,1.0,1.0,1.0,0,1.0,1.0,0,,,1
a-342,b-232,1.0,MATCH,0.7875,0.8,0.8,0.8571428571428571,0.3333333333333333,0.0,1.0,0.0,4,0,0.9285714285714286,0.5,1.0,0,1.0,1.0,1.0,0,1.0,1.0,1.0,0,1.0,1.0,0,,,1
a-1605,b-1124,1.0,MATCH,1.0,1.0,1.0,1.0,1.0,1.0,1.0,1.0,0,0,1.0,1.0,1.0,0,1.0,1.0,1.0,0,1.0,1.0,1.0,0,1.0,1.0,0,,,1
a-922,b-640,1.0,MATCH,0.9857142857142858,0.9285714285714286,0.9285714285714286,0.9285714285714286,0.3333333333333333,0.0,0.0,0.0,0,0,0.9629629629629629,0.5,1.0,0,0.0,1.0,0.0,0,0.0,0.9714285714285714,1.0,0,1.0,1.0,0,,,1
a-1675,b-1171,1.0,MATCH,1.0,1.0,1.0,1.0,1.0,1.0,1.0,1.0,0,0,1.0,1.0,1.0,0,1.0,1.0,1.0,0,1.0,1.0,1.0,0,1.0,1.0,0,,,1
a-395,b-268,1.0,MATCH,1.0,1.0,1.0,1.0,1.0,1.0,1.0,1.0,0,0,0.9285714285714286,0.5,0.0,0,1.0,1.0,1.0,0,0.0,1.0,0.0,0,1.0,1.0,0,,,1
a-734,b-499,1.0,MATCH,0.6376984126984128,0.5217391304347826,0.6956521739130435,0.8571428571428571,0.3333333333333333,0.0,0.0,0.0,7,0,1.0,1.0,1.0,0,1.0,1.0,1.0,0,1.0,1.0,1.0,0,1.0,1.0,0,,,1
a-742,b-505,1.0,MATCH,0.92125,0.967741935483871,0.967741935483871,0.967741935483871,0.3333333333333333,0.0,0.0,0.0,1,0,1.0,1.0,1.0,0,0.0,0.0,0.0,0,1.0,1.0,1.0,0,1.0,1.0,0,,,1
a-1975,b-1380,1.0,MATCH,1.0,1.0,1.0,1.0,1.0,1.0,1.0,1.0,0,0,0.9523809523809524,0.5,1.0,0,1.0,1.0,1.0,0,0.0,1.0,0.0,0,1.0,1.0,0,,,1
a-263,b-184,1.0,MATCH,0.839572192513369,0.7857142857142857,0.7857142857142857,0.9,0.3333333333333333,0.0,1.0,0.0,6,0,0.967741935483871,0.25,1.0,0,1.0,1.0,1.0,0,0.0,1.0,0.0,0,1.0,1.0,0,,,1
a-682,b-469,1.0,MATCH,1.0,1.0,1.0,1.0,1.0,1.0,1.0,1.0,0,0,0.8888888888888888,0.3333333333333333,0.0,0,0.0,1.0,1.0,0,1.0,1.0,1.0,0,1.0,1.0,0,,,1
a-1888,b-1318,1.0,MATCH,1.0,1.0,1.0,1.0,1.0,1.0,1.0,1.0,0,0,0.9411764705882354,0.5,0.0,0,1.0,1.0,1.0,0,1.0,1.0,1.0,0,1.0,1.0,0,,,1
a-1188,b-825,1.0,MATCH,1.0,1.0,1.0,1.0,1.0,1.0,1.0,1.0,0,0,1.0,1.0,1.0,0,0.0,1.0,0.0,0,1.0,1.0,1.0,0,1.0,1.0,0,,,1
a-152,b-104,1.0,MATCH,1.0,1.0,1.0,1.0,1.0,1.0,1.0,1.0,0,0,1.0,1.0,1.0,0,1.0,1.0,1.0,0,1.0,1.0,1.0,0,1.0,1.0,0,,,1
a-1926,b-1346,1.0,MATCH,1.0,1.0,1.0,1.0,1.0,1.0,1.0,1.0,0,0,1.0,1.0,1.0,0,1.0,1.0,1.0,0,,,,1,1.0,1.0,0,,,1
a-1730,b-1211,1.0,MATCH,1.0,1.0,1.0,1.0,1.0,1.0,1.0,1.0,0,0,0.923076923076923,0.5,1.0,0,1.0,1.0,1.0,0,0.0,1.0,0.0,0,1.0,1.0,0,,,1
a-378,b-255,1.0,MATCH,1.0,1.0,1.0,1.0,1.0,1.0,1.0,1.0,0,0,1.0,1.0,1.0,0,1.0,1.0,1.0,0,0.0,1.0,0.0,0,1.0,1.0,0,,,1
a-366,b-249,1.0,MATCH,0.5858585858585857,0.5454545454545454,1.0,1.0,1.0,0.0,0.0,0.0,0,0,0.9375,0.5,0.0,0,1.0,1.0,1.0,0,,,,1,1.0,1.0,0,,,1
a-1483,b-1029,1.0,MATCH,0.8671428571428571,0.8235294117647058,0.8235294117647058,0.8333333333333333,0.3333333333333333,0.0,1.0,0.0,3,0,1.0,1.0,1.0,0,1.0,1.0,1.0,0,1.0,1.0,1.0,0,1.0,1.0,0,,,1
a-1821,b-1274,1.0,MATCH,1.0,1.0,1.0,1.0,1.0,1.0,1.0,1.0,0,0,0.9565217391304348,0.5,1.0,0,1.0,1.0,1.0,0,0.0,1.0,0.0,0,1.0,1.0,0,,,1
a-1420,b-988,1.0,MATCH,0.788235294117647,0.5882352941176471,1.0,1.0,1.0,0.0,0.0,0.0,0,0,1.0,1.0,1.0,0,1.0,1.0,1.0,0,0.0,1.0,0.0,0,1.0,1.0,0,,,1
a-1626,b-1137,1.0,MATCH,1.0,1.0,1.0,1.0,1.0,1.0,1.0,1.0,0,0,0.9473684210526315,0.2,1.0,0,1.0,1.0,1.0,0,0.0,0.9523809523809524,1.0,0,1.0,1.0,0,,,1
a-1339,b-923,1.0,MATCH,1.0,1.0,1.0,1.0,1.0,1.0,1.0,1.0,0,0,0.9655172413793103,0.5,1.0,0,0.0,1.0,0.0,0,1.0,1.0,1.0,0,1.0,1.0,0,,,1
a-1214,b-844,1.0,MATCH,0.8300000000000001,0.75,0.75,0.8,0.3333333333333333,0.0,1.0,0.0,4,0,1.0,1.0,1.0,0,1.0,1.0,1.0,0,1.0,1.0,1.0,0,1.0,1.0,0,,,1
a-1031,b-712,1.0,MATCH,1.0,1.0,1.0,1.0,1.0,1.0,1.0,1.0,0,0,1.0,1.0,1.0,0,1.0,1.0,1.0,0,1.0,1.0,1.0,0,1.0,1.0,0,,,1
a-820,b-561,1.0,MATCH,0.9733333333333334,0.9,0.9,0.9,0.3333333333333333,0.0,0.0,0.0,0,0,1.0,1.0,1.0,0,0.0,1.0,0.0,0,1.0,1.0,1.0,0,1.0,1.0,0,,,1
a-1742,b-1219,1.0,MATCH,1.0,1.0,1.0,1.0,1.0,1.0,1.0,1.0,0,0,1.0,1.0,1.0,0,1.0,1.0,1.0,0,1.0,1.0,1.0,0,1.0,1.0,0,,,1
a-118,b-79,1.0,MATCH,0.9800000000000001,0.9333333333333332,0.9333333333333332,0.9333333333333332,0.3333333333333333,0.0,0.0,0.0,0,0,1.0,1.0,1.0,0,1.0,1.0,1.0,0,1.0,1.0,1.0,0,1.0,1.0,0,,,1
a-1509,b-1048,1.0,MATCH,1.0,1.0,1.0,1.0,1.0,1.0,1.0,1.0,0,0,0.9333333333333332,0.5,1.0,0,1.0,1.0,1.0,0,0.0,0.888888888888889,1.0,0,1.0,1.0,0,,,1
a-313,b-214,1.0,MATCH,0.49572649572649574,0.631578947368421,0.631578947368421,0.8,0.3333333333333333,0.0,1.0,0.0,7,0,1.0,1.0,1.0,0,0.0,1.0,0.0,0,1.0,1.0,1.0,0,1.0,1.0,0,,,1
a-1855,b-1298,1.0,MATCH,0.8974747474747474,0.9166666666666665,0.9166666666666665,0.9166666666666667,0.3333333333333333,0.0,0.0,0.0,0,0,1.0,1.0,1.0,0,0.0,0.0,0.0,0,0.0,1.0,0.0,0,1.0,1.0,0,,,1
a-1349,b-931,1.0,MATCH,1.0,1.0,1.0,1.0,1.0,1.0,1.0,1.0,0,0,1.0,1.0,1.0,0,1.0,1.0,1.0,0,1.0,1.0,1.0,0,1.0,1.0,0,,,1
a-528,b-354,1.0,MATCH,1.0,1.0,1.0,1.0,1.0,1.0,1.0,1.0,0,0,0.967741935483871,0.5,1.0,0,1.0,1.0,1.0,0,1.0,1.0,1.0,0,1.0,1.0,0,,,1
a-1336,b-921,1.0,MATCH,0.553113553113553,0.7,0.7,0.8333333333333333,0.3333333333333333,0.0,1.0,0.0,6,0,1.0,1.0,1.0,0,1.0,1.0,1.0,0,1.0,1.0,1.0,0,1.0,1.0,0,,,1
a-538,b-363,1.0,MATCH,0.8300000000000001,0.75,0.75,0.8,0.3333333333333333,0.0,1.0,0.0,4,0,1.0,1.0,1.0,0,0.0,1.0,0.0,0,1.0,1.0,1.0,0,1.0,1.0,0,,,1
a-1838,b-1285,1.0,MATCH,0.7875,0.8,0.8,0.8571428571428571,0.3333333333333333,0.0,1.0,0.0,4,0,0.9333333333333332,0.2,1.0,0,0.0,1.0,0.0,0,1.0,1.0,1.0,0,1.0,1.0,0,,,1
a-499,b-334,1.0,MATCH,0.404040404040404,0.4545454545454546,1.0,1.0,1.0,0.0,0.0,0.0,0,0,1.0,1.0,1.0,0,1.0,1.0,1.0,0,1.0,1.0,1.0,0,1.0,1.0,0,,,1
a-1324,b-913,1.0,MATCH,1.0,1.0,1.0,1.0,1.0,1.0,1.0,1.0,0,0,0.9090909090909091,0.3333333333333333,0.0,0,1.0,1.0,1.0,0,1.0,1.0,1.0,0,1.0,1.0,0,,,1
a-766,b-522,1.0,MATCH,1.0,1.0,1.0,1.0,1.0,1.0,1.0,1.0,0,0,1.0,1.0,1.0,0,1.0,1.0,1.0,0,1.0,1.0,1.0,0,1.0,1.0,0,,,1
a-696,b-478,1.0,MATCH,1.0,1.0,1.0,1.0,1.0,1.0,1.0,1.0,0,0,1.0,1.0,1.0,0,1.0,1.0,1.0,0,1.0,1.0,1.0,0,1.0,1.0,0,,,1
a-240,b-167,1.0,MATCH,1.0,1.0,1.0,1.0,1.0,1.0,1.0,1.0,0,0,0.875,0.3333333333333333,0.0,0,1.0,1.0,1.0,0,1.0,1.0,1.0,0,1.0,1.0,0,,,1
a-500,b-335,1.0,MATCH,0.8480519480519481,0.7777777777777779,0.7777777777777779,0.8333333333333333,0.3333333333333333,0.0,1.0,0.0,4,0,1.0,1.0,1.0,0,1.0,1.0,1.0,0,,,,1,1.0,1.0,0,,,1
a-1541,b-1073,1.0,MATCH,0.69281045751634,0.5294117647058824,1.0,1.0,1.0,0.0,0.0,0.0,0,0,1.0,1.0,1.0,0,1.0,1.0,1.0,0,1.0,1.0,1.0,0,1.0,1.0,0,,,1
a-50,b-36,1.0,MATCH,0.9647058823529412,0.9411764705882352,0.5882352941176471,0.9411764705882354,0.3333333333333333,0.0,0.0,0.0,0,0,0.9629629629629629,0.5,0.0,0,1.0,1.0,1.0,0,1.0,1.0,1.0,0,1.0,1.0,0,,,1
a-184,b-128,1.0,MATCH,1.0,1.0,1.0,1.0,1.0,1.0,1.0,1.0,0,0,0.96,0.3333333333333333,1.0,0,0.0,1.0,0.0,0,1.0,1.0,1.0,0,1.0,1.0,0,,,1
a-705,b-483,1.0,MATCH,1.0,1.0,1.0,1.0,1.0,1.0,1.0,1.0,0,0,1.0,1.0,1.0,0,1.0,1.0,1.0,0,1.0,1.0,1.0,0,1.0,1.0,0,,,1
a-348,b-237,1.0,MATCH,0.8283653846153847,0.896551724137931,0.896551724137931,0.9166666666666667,0.3333333333333333,0.0,1.0,0.0,3,0,1.0,1.0,1.0,0,1.0,1.0,1.0,0,1.0,1.0,1.0,0,1.0,1.0,0,,,1
a-1680,b-1175,1.0,MATCH,1.0,1.0,1.0,1.0,1.0,1.0,1.0,1.0,0,0,0.9333333333333332,0.5,1.0,0,0.0,1.0,0.0,0,1.0,1.0,1.0,0,1.0,1.0,0,,,1
a-559,b-377,1.0,MATCH,0.7464285714285716,0.736842105263158,0.736842105263158,0.8333333333333333,0.3333333333333333,0.0,1.0,0.0,5,0,1.0,1.0,1.0,0,1.0,1.0,1.0,0,1.0,1.0,1.0,0,1.0,1.0,0,,,1
a-691,b-475,1.0,MATCH,1.0,1.0,1.0,1.0,1.0,1.0,1.0,1.0,0,0,1.0,1.0,1.0,0,1.0,1.0,1.0,0,1.0,1.0,1.0,0,1.0,1.0,0,,,1
a-1159,b-804,1.0,MATCH,0.860576923076923,0.896551724137931,0.896551724137931,1.0,0.6666666666666666,0.0,0.0,0.0,3,0,1.0,1.0,1.0,0,1.0,1.0,1.0,0,1.0,1.0,1.0,0,1.0,1.0,0,,,1
a-467,b-316,1.0,MATCH,1.0,1.0,1.0,1.0,1.0,1.0,1.0,1.0,0,0,1.0,1.0,1.0,0,0.0,1.0,0.0,0,1.0,1.0,1.0,0,1.0,1.0,0,,,1
a-1186,b-823,1.0,MATCH,1.0,1.0,1.0,1.0,1.0,1.0,1.0,1.0,0,0,0.9655172413793103,0.25,1.0,0,1.0,1.0,1.0,0,0.0,1.0,0.0,0,1.0,1.0,0,,,1
a-1822,b-1275,1.0,MATCH,1.0,1.0,1.0,1.0,1.0,1.0,1.0,1.0,0,0,0.9333333333333332,0.5,1.0,0,1.0,1.0,1.0,0,,,,1,1.0,1.0,0,,,1
a-1769,b-1240,1.0,MATCH,1.0,1.0,1.0,1.0,1.0,1.0,1.0,1.0,0,0,1.0,1.0,1.0,0,1.0,1.0,1.0,0,0.0,1.0,0.0,0,1.0,1.0,0,,,1
a-1558,b-1086,1.0,MATCH,0.7766666666666667,0.7142857142857143,0.7142857142857143,0.8888888888888888,0.3333333333333333,0.0,1.0,0.0,8,0,1.0,1.0,1.0,0,1.0,1.0,1.0,0,0.0,0.9740740740740741,1.0,0,1.0,1.0,0,,,1
a-1568,b-1093,1.0,MATCH,1.0,1.0,1.0,1.0,1.0,1.0,1.0,1.0,0,0,1.0,1.0,1.0,0,0.0,1.0,1.0,0,1.0,1.0,1.0,0,1.0,1.0,0,,,1
a-327,b-222,1.0,MATCH,0.8321428571428573,0.736842105263158,0.736842105263158,0.8333333333333333,0.3333333333333333,0.0,1.0,0.0,5,0,0.9655172413793103,0.5,1.0,0,1.0,1.0,1.0,0,0.0,1.0,0.0,0,1.0,1.0,0,,,1
a-4,b-4,1.0,MATCH,0.9833333333333333,0.9565217391304348,0.9565217391304348,0.9565217391304348,0.3333333333333333,0.0,0.0,1.0,1,0,0.9166666666666667,0.5,0.0,0,1.0,1.0,1.0,0,1.0,1.0,1.0,0,1.0,1.0,0,,,1
a-1676,b-1172,1.0,MATCH,0.8222222222222223,0.8888888888888888,0.8888888888888888,1.0,0.6666666666666666,0.0,0.0,0.0,3,0,1.0,1.0,1.0,0,0.0,1.0,0.0,0,0.0,1.0,0.0,0,1.0,1.0,0,,,1
a-1988,b-1392,1.0,MATCH,0.9666666666666666,0.9166666666666665,0.9166666666666665,0.9166666666666667,0.3333333333333333,0.0,0.0,0.0,0,0,0.7142857142857143,0.2,1.0,0,0.0,1.0,0.0,0,1.0,1.0,1.0,0,1.0,1.0,0,,,1
a-637,b-438,1.0,MATCH,1.0,1.0,1.0,1.0,1.0,1.0,1.0,1.0,0,0,1.0,1.0,1.0,0,0.0,1.0,0.0,0,1.0,1.0,1.0,0,1.0,1.0,0,,,1
a-1404,b-973,1.0,MATCH,1.0,1.0,1.0,1.0,1.0,1.0,1.0,1.0,0,0,1.0,1.0,1.0,0,1.0,1.0,1.0,0,1.0,1.0,1.0,0,1.0,1.0,0,,,1
a-1065,b-738,1.0,MATCH,1.0,1.0,1.0,1.0,1.0,1.0,1.0,1.0,0,0,1.0,1.0,1.0,0,1.0,1.0,1.0,0,1.0,1.0,1.0,0,1.0,1.0,0,,,1
a-905,b-628,1.0,MATCH,0.9636363636363636,0.9090909090909091,0.9090909090909091,0.9090909090909091,0.3333333333333333,0.0,0.0,0.0,0,0,0.9375,0.5,1.0,0,1.0,1.0,1.0,0,1.0,1.0,1.0,0,1.0,1.0,0,,,1
a-1465,b-1016,1.0,MATCH,0.9692307692307692,0.923076923076923,0.923076923076923,0.923076923076923,0.3333333333333333,0.0,0.0,0.0,0,0,1.0,1.0,1.0,0,0.0,1.0,0.0,0,1.0,1.0,1.0,0,1.0,1.0,0,,,1
a-370,b-251,1.0,MATCH,1.0,1.0,1.0,1.0,1.0,1.0,1.0,1.0,0,0,0.9166666666666667,0.5,0.0,0,1.0,1.0,1.0,0,,,,1,1.0,1.0,0,,,1
a-1445,b-1001,1.0,MATCH,1.0,1.0,1.0,1.0,1.0,1.0,1.0,1.0,0,0,1.0,1.0,1.0,0,1.0,1.0,1.0,0,0.0,1.0,0.0,0,1.0,1.0,0,,,1
a-994,b-685,1.0,MATCH,0.8261904761904761,0.782608695652174,0.782608695652174,0.875,0.3333333333333333,0.0,1.0,0.0,5,0,0.9696969696969697,0.25,1.0,0,0.0,1.0,0.0,0,,,,1,1.0,1.0,0,,,1
a-1380,b-955,1.0,MATCH,0.9666666666666666,0.9166666666666665,0.9166666666666665,0.9166666666666667,0.3333333333333333,0.0,0.0,1.0,0,0,1.0,1.0,1.0,0,1.0,1.0,1.0,0,,,,1,1.0,1.0,0,,,1
a-536,b-361,1.0,MATCH,1.0,1.0,1.0,1.0,1.0,1.0,1.0,1.0,0,0,1.0,1.0,1.0,0,1.0,1.0,1.0,0,1.0,1.0,1.0,0,1.0,1.0,0,,,1
a-778,b-533,1.0,MATCH,1.0,1.0,1.0,1.0,1.0,1.0,1.0,1.0,0,0,1.0,1.0,1.0,0,1.0,1.0,1.0,0,,,,1,1.0,1.0,0,,,1
a-1579,b-1103,1.0,MATCH,1.0,1.0,1.0,1.0,1.0,1.0,1.0,1.0,0,0,0.967741935483871,0.5,1.0,0,1.0,1.0,1.0,0,1.0,1.0,1.0,0,1.0,1.0,0,,,1
a-280,b-196,1.0,MATCH,1.0,1.0,1.0,1.0,1.0,1.0,1.0,1.0,0,0,1.0,1.0,1.0,0,1.0,1.0,1.0,0,0.0,0.9583333333333334,1.0,0,1.0,1.0,0,,,1
a-220,b-150,1.0,MATCH,1.0,1.0,1.0,1.0,1.0,1.0,1.0,1.0,0,0,1.0,1.0,1.0,0,1.0,1.0,1.0,0,0.0,1.0,0.0,0,1.0,1.0,0,,,1
a-1878,b-1312,1.0,MATCH,1.0,1.0,1.0,1.0,1.0,1.0,1.0,1.0,0,0,1.0,1.0,1.0,0,0.0,1.0,1.0,0,1.0,1.0,1.0,0,1.0,1.0,0,,,1
a-1224,b-850,1.0,MATCH,1.0,1.0,1.0,1.0,1.0,1.0,1.0,1.0,0,0,1.0,1.0,1.0,0,1.0,1.0,1.0,0,0.0,1.0,0.0,0,1.0,1.0,0,,,1
a-1365,b-943,1.0,MATCH,1.0,1.0,1.0,1.0,1.0,1.0,1.0,1.0,0,0,0.9411764705882354,0.5,0.0,0,1.0,1.0,1.0,0,1.0,1.0,1.0,0,1.0,1.0,0,,,1
a-431,b-294,1.0,MATCH,1.0,1.0,1.0,1.0,1.0,1.0,1.0,1.0,0,0,0.875,0.3333333333333333,1.0,0,1.0,1.0,1.0,0,1.0,1.0,1.0,0,1.0,1.0,0,,,1
a-967,b-667,1.0,MATCH,0.7687499999999999,0.72,0.72,0.875,0.3333333333333333,0.0,1.0,0.0,7,0,1.0,1.0,1.0,0,1.0,1.0,1.0,0,,,,1,1.0,1.0,0,,,1
a-1315,b-905,1.0,MATCH,1.0,1.0,1.0,1.0,1.0,1.0,1.0,1.0,0,0,0.9090909090909091,0.3333333333333333,1.0,0,1.0,1.0,1.0,0,1.0,1.0,1.0,0,1.0,1.0,0,,,1
a-1002,b-693,1.0,MATCH,1.0,1.0,1.0,1.0,1.0,1.0,1.0,1.0,0,0,1.0,1.0,1.0,0,1.0,1.0,1.0,0,0.0,1.0,0.0,0,1.0,1.0,0,,,1
a-1850,b-1294,1.0,MATCH,0.5791666666666667,0.6666666666666667,0.5,0.8571428571428571,0.3333333333333333,0.0,1.0,0.0,8,0,1.0,1.0,1.0,0,0.0,1.0,0.0,0,0.0,0.9428571428571428,1.0,0,1.0,1.0,0,,,1
a-718,b-491,1.0,MATCH,1.0,1.0,1.0,1.0,1.0,1.0,1.0,1.0,0,0,1.0,1.0,1.0,0,1.0,1.0,1.0,0,1.0,1.0,1.0,0,1.0,1.0,0,,,1
a-1842,b-1289,1.0,MATCH,0.576923076923077,0.5384615384615384,1.0,1.0,1.0,0.0,0.0,0.0,0,0,0.9655172413793103,0.5,1.0,0,1.0,1.0,1.0,0,1.0,1.0,1.0,0,1.0,1.0,0,,,1
a-1496,b-1037,1.0,MATCH,1.0,1.0,1.0,1.0,1.0,1.0,1.0,1.0,0,0,1.0,1.0,1.0,0,1.0,1.0,1.0,0,1.0,1.0,1.0,0,1.0,1.0,0,,,1
a-880,b-609,1.0,MATCH,1.0,1.0,1.0,1.0,1.0,1.0,1.0,1.0,0,0,1.0,1.0,1.0,0,1.0,1.0,1.0,0,0.0,0.96,1.0,0,1.0,1.0,0,,,1
a-212,b-146,1.0,MATCH,0.7924812030075189,0.8484848484848484,0.8484848484848484,0.923076923076923,0.3333333333333333,0.0,1.0,0.0,5,0,1.0,1.0,1.0,0,1.0,1.0,1.0,0,1.0,1.0,1.0,0,1.0,1.0,0,,,1
a-851,b-586,1.0,MATCH,1.0,1.0,1.0,1.0,1.0,1.0,1.0,1.0,0,0,1.0,1.0,1.0,0,1.0,1.0,1.0,0,0.0,0.9523809523809524,1.0,0,1.0,1.0,0,,,1
a-1280,b-880,1.0,MATCH,1.0,1.0,1.0,1.0,1.0,1.0,1.0,1.0,0,0,1.0,1.0,1.0,0,1.0,1.0,1.0,0,1.0,1.0,1.0,0,1.0,1.0,0,,,1
a-855,b-590,1.0,MATCH,0.5897435897435898,0.5384615384615384,1.0,1.0,1.0,0.0,0.0,0.0,0,0,0.9444444444444444,0.5,1.0,0,1.0,1.0,1.0,0,,,,1,1.0,1.0,0,,,1
a-610,b-418,1.0,MATCH,1.0,1.0,1.0,1.0,1.0,1.0,1.0,1.0,0,0,0.9333333333333332,0.5,0.0,0,1.0,1.0,1.0,0,,,,1,1.0,1.0,0,,,1
a-1523,b-1058,1.0,MATCH,1.0,1.0,1.0,1.0,1.0,1.0,1.0,1.0,0,0,1.0,1.0,1.0,0,1.0,1.0,1.0,0,,,,1,1.0,1.0,0,,,1
a-1527,b-1061,1.0,MATCH,0.5833333333333334,0.6666666666666667,0.6666666666666667,0.8,0.3333333333333333,0.0,1.0,0.0,6,0,0.9743589743589743,0.5,1.0,0,1.0,1.0,1.0,0,0.0,1.0,0.0,0,1.0,1.0,0,,,1
a-825,b-565,1.0,MATCH,1.0,1.0,1.0,1.0,1.0,1.0,1.0,1.0,0,0,1.0,1.0,1.0,0,1.0,1.0,1.0,0,1.0,1.0,1.0,0,1.0,1.0,0,,,1
a-1993,b-1396,1.0,MATCH,0.611111111111111,0.5833333333333333,1.0,1.0,1.0,0.0,0.0,0.0,0,0,1.0,1.0,1.0,0,1.0,1.0,1.0,0,0.0,1.0,0.0,0,1.0,1.0,0,,,1
a-530,b-356,1.0,MATCH,0.9874999999999999,0.9375,0.9375,0.9375,0.3333333333333333,0.0,0.0,0.0,0,0,1.0,1.0,1.0,0,1.0,1.0,1.0,0,0.0,0.97,1.0,0,1.0,1.0,0,,,1
a-1206,b-840,1.0,MATCH,1.0,1.0,1.0,1.0,1.0,1.0,1.0,1.0,0,0,0.96,0.5,0.0,0,1.0,1.0,1.0,0,1.0,1.0,1.0,0,1.0,1.0,0,,,1
a-1733,b-1213,1.0,MATCH,1.0,1.0,1.0,1.0,1.0,1.0,1.0,1.0,0,0,1.0,1.0,1.0,0,1.0,1.0,1.0,0,0.0,1.0,0.0,0,1.0,1.0,0,,,1
a-1601,b-1122,1.0,MATCH,0.7971590909090909,0.814814814814815,0.814814814814815,0.9,0.3333333333333333,0.0,1.0,0.0,5,0,1.0,1.0,1.0,0,1.0,1.0,1.0,0,1.0,1.0,1.0,0,1.0,1.0,0,,,1
a-412,b-281,1.0,MATCH,0.48888888888888893,0.5333333333333333,1.0,1.0,1.0,0.0,0.0,0.0,0,0,1.0,1.0,1.0,0,1.0,1.0,1.0,0,1.0,1.0,1.0,0,1.0,1.0,0,,,1
a-1253,b-867,1.0,MATCH,1.0,1.0,1.0,1.0,1.0,1.0,1.0,1.0,0,0,0.96,0.5,1.0,0,1.0,1.0,1.0,0,0.0,1.0,0.0,0,1.0,1.0,0,,,1
a-418,b-285,1.0,MATCH,1.0,1.0,1.0,1.0,1.0,1.0,1.0,1.0,0,0,1.0,1.0,1.0,0,0.0,1.0,1.0,0,1.0,1.0,1.0,0,1.0,1.0,0,,,1
a-1556,b-1084,1.0,MATCH,1.0,1.0,1.0,1.0,1.0,1.0,1.0,1.0,0,0,0.9333333333333332,0.5,0.0,0,1.0,1.0,1.0,0,1.0,1.0,1.0,0,1.0,1.0,0,,,1
a-1354,b-936,1.0,MATCH,1.0,1.0,1.0,1.0,1.0,1.0,1.0,1.0,0,0,1.0,1.0,1.0,0,0.0,1.0,0.0,0,1.0,1.0,1.0,0,1.0,1.0,0,,,1
a-1750,b-1224,1.0,MATCH,1.0,1.0,1.0,1.0,1.0,1.0,1.0,1.0,0,0,0.9473684210526315,0.5,1.0,0,1.0,1.0,1.0,0,0.0,1.0,0.0,0,1.0,1.0,0,,,1
a-1692,b-1182,1.0,MATCH,1.0,1.0,1.0,1.0,1.0,1.0,1.0,1.0,0,0,1.0,1.0,1.0,0,1.0,1.0,1.0,0,0.0,0.9777777777777777,0.0,0,1.0,1.0,0,,,1
a-563,b-380,1.0,MATCH,0.40659340659340665,0.7,0.7,0.8333333333333333,0.3333333333333333,0.0,1.0,0.0,6,0,0.9333333333333332,0.5,1.0,0,1.0,1.0,1.0,0,,,,1,1.0,1.0,0,,,1
a-1047,b-725,1.0,MATCH,1.0,1.0,1.0,1.0,1.0,1.0,1.0,1.0,0,0,0.6857142857142857,0.25,1.0,0,1.0,1.0,1.0,0,0.0,0.9777777777777777,1.0,0,1.0,1.0,0,,,1
a-1244,b-862,1.0,MATCH,1.0,1.0,1.0,1.0,1.0,1.0,1.0,1.0,0,0,1.0,1.0,1.0,0,1.0,1.0,1.0,0,0.0,1.0,0.0,0,1.0,1.0,0,,,1
a-1569,b-1094,1.0,MATCH,1.0,1.0,1.0,1.0,1.0,1.0,1.0,1.0,0,0,1.0,1.0,1.0,0,0.0,1.0,0.0,0,1.0,1.0,1.0,0,1.0,1.0,0,,,1
a-863,b-595,1.0,MATCH,1.0,1.0,1.0,1.0,1.0,1.0,1.0,1.0,0,0,1.0,1.0,1.0,0,1.0,1.0,1.0,0,1.0,1.0,1.0,0,1.0,1.0,0,,,1
a-1419,b-987,1.0,MATCH,1.0,1.0,1.0,1.0,1.0,1.0,1.0,1.0,0,0,0.923076923076923,0.3333333333333333,0.0,0,1.0,1.0,1.0,0,1.0,1.0,1.0,0,1.0,1.0,0,,,1
a-1346,b-928,1.0,MATCH,1.0,1.0,1.0,1.0,1.0,1.0,1.0,1.0,0,0,1.0,1.0,1.0,0,1.0,1.0,1.0,0,1.0,1.0,1.0,0,1.0,1.0,0,,,1
a-709,b-486,1.0,MATCH,1.0,1.0,1.0,1.0,1.0,1.0,1.0,1.0,0,0,1.0,1.0,1.0,0,1.0,1.0,1.0,0,1.0,1.0,1.0,0,1.0,1.0,0,,,1
a-1590,b-1111,1.0,MATCH,0.69281045751634,0.5294117647058824,1.0,1.0,1.0,0.0,0.0,0.0,0,0,1.0,1.0,1.0,0,0.0,1.0,0.0,0,1.0,1.0,1.0,0,1.0,1.0,0,,,1
a-603,b-412,1.0,MATCH,1.0,1.0,1.0,1.0,1.0,1.0,1.0,1.0,0,0,1.0,1.0,1.0,0,1.0,1.0,1.0,0,0.0,1.0,0.0,0,1.0,1.0,0,,,1
a-1086,b-753,1.0,MATCH,1.0,1.0,1.0,1.0,1.0,1.0,1.0,1.0,0,0,0.875,0.3333333333333333,1.0,0,1.0,1.0,1.0,0,1.0,1.0,1.0,0,1.0,1.0,0,,,1
a-1438,b-996,1.0,MATCH,1.0,1.0,1.0,1.0,1.0,1.0,1.0,1.0,0,0,1.0,1.0,1.0,0,1.0,1.0,1.0,0,0.0,0.9794871794871796,1.0,0,1.0,1.0,0,,,1
a-1180,b-818,1.0,MATCH,0.9888888888888889,0.9714285714285714,0.9714285714285714,0.9714285714285714,0.3333333333333333,0.0,0.0,0.0,1,0,0.9696969696969697,0.5,1.0,0,1.0,1.0,1.0,0,1.0,1.0,1.0,0,1.0,1.0,0,,,1
a-873,b-603,1.0,MATCH,1.0,1.0,1.0,1.0,1.0,1.0,1.0,1.0,0,0,1.0,1.0,1.0,0,1.0,1.0,1.0,0,1.0,1.0,1.0,0,1.0,1.0,0,,,1
a-264,b-185,1.0,MATCH,0.9805555555555555,0.9565217391304348,0.9565217391304348,0.9565217391304348,0.3333333333333333,0.0,0.0,0.0,1,0,0.9285714285714286,0.5,1.0,0,1.0,1.0,1.0,0,1.0,1.0,1.0,0,1.0,1.0,0,,,1
a-1631,b-1140,1.0,MATCH,1.0,1.0,1.0,1.0,1.0,1.0,1.0,1.0,0,0,0.9333333333333332,0.5,0.0,0,1.0,1.0,1.0,0,0.0,1.0,0.0,0,1.0,1.0,0,,,1
a-1077,b-747,1.0,MATCH,1.0,1.0,1.0,1.0,1.0,1.0,1.0,1.0,0,0,0.9411764705882354,0.2,0.0,0,1.0,1.0,1.0,0,1.0,1.0,1.0,0,1.0,1.0,0,,,1
a-53,b-39,1.0,MATCH,1.0,1.0,1.0,1.0,1.0,1.0,1.0,1.0,0,0,1.0,1.0,1.0,0,1.0,1.0,1.0,0,1.0,1.0,1.0,0,1.0,1.0,0,,,1
a-172,b-120,1.0,MATCH,1.0,1.0,1.0,1.0,1.0,1.0,1.0,1.0,0,0,1.0,1.0,1.0,0,1.0,1.0,1.0,0,1.0,1.0,1.0,0,1.0,1.0,0,,,1
a-1067,b-740,1.0,MATCH,1.0,1.0,1.0,1.0,1.0,1.0,1.0,1.0,0,0,1.0,1.0,1.0,0,1.0,1.0,1.0,0,0.0,1.0,0.0,0,1.0,1.0,0,,,1
a-648,b-445,1.0,MATCH,0.7892857142857144,0.736842105263158,0.736842105263158,0.8333333333333333,0.3333333333333333,0.0,1.0,0.0,5,0,0.9655172413793103,0.5,1.0,0,0.0,1.0,1.0,0,1.0,1.0,1.0,0,1.0,1.0,0,,,1
a-194,b-135,1.0,MATCH,0.8500000000000001,0.8,0.8,0.8,0.3333333333333333,0.0,1.0,0.0,3,0,1.0,1.0,1.0,0,1.0,1.0,1.0,0,1.0,1.0,1.0,0,1.0,1.0,0,,,1
a-1221,b-848,1.0,MATCH,0.9757575757575758,0.9090909090909091,0.9090909090909091,0.9090909090909091,0.3333333333333333,0.0,0.0,0.0,0,0,1.0,1.0,1.0,0,1.0,1.0,1.0,0,0.0,0.92,1.0,0,1.0,1.0,0,,,1
a-337,b-229,1.0,MATCH,1.0,1.0,1.0,1.0,1.0,1.0,1.0,1.0,0,0,1.0,1.0,1.0,0,0.0,1.0,0.0,0,0.0,0.9555555555555556,1.0,0,1.0,1.0,0,,,1
a-1052,b-729,1.0,MATCH,1.0,1.0,1.0,1.0,1.0,1.0,1.0,1.0,0,0,0.9375,0.5,1.0,0,1.0,1.0,1.0,0,1.0,1.0,1.0,0,1.0,1.0,0,,,1
a-1302,b-898,1.0,MATCH,1.0,1.0,1.0,1.0,1.0,1.0,1.0,1.0,0,0,0.967741935483871,0.5,1.0,0,1.0,1.0,1.0,0,1.0,1.0,1.0,0,1.0,1.0,0,,,1
a-16,b-14,1.0,MATCH,0.8500000000000001,0.8,0.8,0.8,0.3333333333333333,0.0,1.0,0.0,3,0,1.0,1.0,1.0,0,0.0,1.0,0.0,0,1.0,1.0,1.0,0,1.0,1.0,0,,,1
a-1553,b-1083,1.0,MATCH,1.0,1.0,1.0,1.0,1.0,1.0,1.0,1.0,0,0,1.0,1.0,1.0,0,0.0,1.0,1.0,0,0.0,1.0,0.0,0,1.0,1.0,0,,,1
a-228,b-157,1.0,MATCH,1.0,1.0,1.0,1.0,1.0,1.0,1.0,1.0,0,0,0.9333333333333332,0.5,0.0,0,1.0,1.0,1.0,0,1.0,1.0,1.0,0,1.0,1.0,0,,,1
a-1320,b-909,1.0,MATCH,0.9727272727272728,0.9523809523809522,0.9523809523809522,0.9523809523809524,0.3333333333333333,0.0,0.0,0.0,1,0,1.0,1.0,1.0,0,1.0,1.0,1.0,0,0.0,0.9500000000000001,1.0,0,1.0,1.0,0,,,1
a-910,b-631,1.0,MATCH,0.9857142857142858,0.9285714285714286,0.9285714285714286,0.9285714285714286,0.3333333333333333,0.0,0.0,1.0,0,0,1.0,1.0,1.0,0,1.0,1.0,1.0,0,1.0,1.0,1.0,0,1.0,1.0,0,,,1
a-992,b-684,1.0,MATCH,1.0,1.0,1.0,1.0,1.0,1.0,1.0,1.0,0,0,0.967741935483871,0.5,1.0,0,1.0,1.0,1.0,0,1.0,1.0,1.0,0,1.0,1.0,0,,,1
a-555,b-373,1.0,MATCH,1.0,1.0,1.0,1.0,1.0,1.0,1.0,1.0,0,0,1.0,1.0,1.0,0,1.0,1.0,1.0,0,0.0,0.94,1.0,0,1.0,1.0,0,,,1
a-1980,b-1385,1.0,MATCH,1.0,1.0,1.0,1.0,1.0,1.0,1.0,1.0,0,0,1.0,1.0,1.0,0,1.0,1.0,1.0,0,0.0,0.9714285714285714,1.0,0,1.0,1.0,0,,,1
a-1598,b-1119,1.0,MATCH,1.0,1.0,1.0,1.0,1.0,1.0,1.0,1.0,0,0,1.0,1.0,1.0,0,1.0,1.0,1.0,0,1.0,1.0,1.0,0,1.0,1.0,0,,,1
a-1866,b-1304,1.0,MATCH,1.0,1.0,1.0,1.0,1.0,1.0,1.0,1.0,0,0,1.0,1.0,1.0,0,1.0,1.0,1.0,0,,,,1,1.0,1.0,0,,,1
a-1710,b-1194,1.0,MATCH,0.9346153846153846,0.96,0.96,0.96,0.3333333333333333,0.0,0.0,1.0,1,0,0.9047619047619048,0.5,1.0,0,0.0,1.0,1.0,0,,,,1,1.0,1.0,0,,,1
a-1608,b-1126,1.0,MATCH,1.0,1.0,1.0,1.0,1.0,1.0,1.0,1.0,0,0,1.0,1.0,1.0,0,1.0,1.0,1.0,0,1.0,1.0,1.0,0,1.0,1.0,0,,,1
a-344,b-233,1.0,MATCH,1.0,1.0,1.0,1.0,1.0,1.0,1.0,1.0,0,0,1.0,1.0,1.0,0,1.0,1.0,1.0,0,0.0,1.0,0.0,0,1.0,1.0,0,,,1
a-1455,b-1010,1.0,MATCH,1.0,1.0,1.0,1.0,1.0,1.0,1.0,1.0,0,0,1.0,1.0,1.0,0,1.0,1.0,1.0,0,0.0,1.0,0.0,0,1.0,1.0,0,,,1
a-645,b-443,1.0,MATCH,1.0,1.0,1.0,1.0,1.0,1.0,1.0,1.0,0,0,1.0,1.0,1.0,0,1.0,1.0,1.0,0,1.0,1.0,1.0,0,1.0,1.0,0,,,1
a-611,b-419,1.0,MATCH,1.0,1.0,1.0,1.0,1.0,1.0,1.0,1.0,0,0,1.0,1.0,1.0,0,0.0,1.0,1.0,0,0.0,1.0,0.0,0,1.0,1.0,0,,,1
a-483,b-324,1.0,MATCH,1.0,1.0,1.0,1.0,1.0,1.0,1.0,1.0,0,0,1.0,1.0,1.0,0,0.0,1.0,0.0,0,1.0,1.0,1.0,0,1.0,1.0,0,,,1
a-961,b-666,1.0,MATCH,1.0,1.0,1.0,1.0,1.0,1.0,1.0,1.0,0,0,0.9166666666666667,0.5,1.0,0,1.0,1.0,1.0,0,1.0,1.0,1.0,0,1.0,1.0,0,,,1
a-1245,b-863,1.0,MATCH,1.0,1.0,1.0,1.0,1.0,1.0,1.0,1.0,0,0,1.0,1.0,1.0,0,1.0,1.0,1.0,0,1.0,1.0,1.0,0,1.0,1.0,0,,,1
a-146,b-99,1.0,MATCH,1.0,1.0,1.0,1.0,1.0,1.0,1.0,1.0,0,0,1.0,1.0,1.0,0,1.0,1.0,1.0,0,,,,1,1.0,1.0,0,,,1
a-920,b-638,1.0,MATCH,0.5462962962962963,0.4444444444444444,1.0,1.0,1.0,0.0,0.0,0.0,0,0,0.9545454545454546,0.5,1.0,0,1.0,1.0,1.0,0,1.0,1.0,1.0,0,1.0,1.0,0,,,1
a-1779,b-1248,1.0,MATCH,1.0,1.0,1.0,1.0,1.0,1.0,1.0,1.0,0,0,0.923076923076923,0.5,1.0,0,1.0,1.0,1.0,0,0.0,1.0,0.0,0,1.0,1.0,0,,,1
a-149,b-102,1.0,MATCH,1.0,1.0,1.0,1.0,1.0,1.0,1.0,1.0,0,0,1.0,1.0,1.0,0,0.0,1.0,1.0,0,,,,1,1.0,1.0,0,,,1
a-244,b-171,1.0,MATCH,0.9857142857142858,0.9285714285714286,0.9285714285714286,0.9285714285714286,0.3333333333333333,0.0,0.0,1.0,0,0,1.0,1.0,1.0,0,1.0,1.0,1.0,0,0.0,1.0,0.0,0,1.0,1.0,0,,,1
a-1176,b-816,1.0,MATCH,1.0,1.0,1.0,1.0,1.0,1.0,1.0,1.0,0,0,0.9629629629629629,0.5,1.0,0,1.0,1.0,1.0,0,0.0,0.9611111111111111,0.0,0,1.0,1.0,0,,,1
a-821,b-562,1.0,MATCH,1.0,1.0,1.0,1.0,1.0,1.0,1.0,1.0,0,0,0.8571428571428571,0.2,1.0,0,1.0,1.0,1.0,0,1.0,1.0,1.0,0,1.0,1.0,0,,,1
a-1113,b-772,1.0,MATCH,1.0,1.0,1.0,1.0,1.0,1.0,1.0,1.0,0,0,1.0,1.0,1.0,0,1.0,1.0,1.0,0,0.0,0.9500000000000001,1.0,0,1.0,1.0,0,,,1
a-470,b-318,1.0,MATCH,1.0,1.0,1.0,1.0,1.0,1.0,1.0,1.0,0,0,0.9166666666666667,0.5,1.0,0,0.0,1.0,0.0,0,1.0,1.0,1.0,0,1.0,1.0,0,,,1
a-1804,b-1266,1.0,MATCH,1.0,1.0,1.0,1.0,1.0,1.0,1.0,1.0,0,0,1.0,1.0,1.0,0,1.0,1.0,1.0,0,,,,1,1.0,1.0,0,,,1
a-1657,b-1158,1.0,MATCH,1.0,1.0,1.0,1.0,1.0,1.0,1.0,1.0,0,0,1.0,1.0,1.0,0,0.0,1.0,1.0,0,,,,1,1.0,1.0,0,,,1
a-1713,b-1197,1.0,MATCH,1.0,1.0,1.0,1.0,1.0,1.0,1.0,1.0,0,0,1.0,1.0,1.0,0,1.0,1.0,1.0,0,1.0,1.0,1.0,0,1.0,1.0,0,,,1
a-846,b-582,1.0,MATCH,0.6507936507936507,0.6666666666666667,0.6666666666666667,0.8333333333333333,0.25,0.0,0.0,0.0,7,0,1.0,1.0,1.0,0,1.0,1.0,1.0,0,0.0,1.0,0.0,0,1.0,1.0,0,,,1
a-1237,b-859,1.0,MATCH,1.0,1.0,1.0,1.0,1.0,1.0,1.0,1.0,0,0,1.0,1.0,1.0,0,1.0,1.0,1.0,0,0.0,1.0,0.0,0,1.0,1.0,0,,,1
a-1460,b-1012,1.0,MATCH,0.9874999999999999,0.967741935483871,0.967741935483871,0.967741935483871,0.3333333333333333,0.0,0.0,1.0,1,0,0.6666666666666665,0.2,1.0,0,0.0,1.0,1.0,0,1.0,1.0,1.0,0,1.0,1.0,0,,,1
a-1267,b-874,1.0,MATCH,1.0,1.0,1.0,1.0,1.0,1.0,1.0,1.0,0,0,1.0,1.0,1.0,0,1.0,1.0,1.0,0,1.0,1.0,1.0,0,1.0,1.0,0,,,1
a-659,b-452,1.0,MATCH,1.0,1.0,1.0,1.0,1.0,1.0,1.0,1.0,0,0,0.9142857142857143,0.5,1.0,0,1.0,1.0,1.0,0,1.0,1.0,1.0,0,1.0,1.0,0,,,1
a-608,b-416,1.0,MATCH,1.0,1.0,1.0,1.0,1.0,1.0,1.0,1.0,0,0,1.0,1.0,1.0,0,1.0,1.0,1.0,0,1.0,1.0,1.0,0,1.0,1.0,0,,,1
a-674,b-462,1.0,MATCH,1.0,1.0,1.0,1.0,1.0,1.0,1.0,1.0,0,0,0.9629629629629629,0.5,1.0,0,0.0,1.0,0.0,0,1.0,1.0,1.0,0,1.0,1.0,0,,,1
a-165,b-114,1.0,MATCH,1.0,1.0,1.0,1.0,1.0,1.0,1.0,1.0,0,0,1.0,1.0,1.0,0,1.0,1.0,1.0,0,1.0,1.0,1.0,0,1.0,1.0,0,,,1
a-1292,b-890,1.0,MATCH,1.0,1.0,1.0,1.0,1.0,1.0,1.0,1.0,0,0,1.0,1.0,1.0,0,1.0,1.0,1.0,0,1.0,1.0,1.0,0,1.0,1.0,0,,,1
a-1368,b-946,1.0,MATCH,1.0,1.0,1.0,1.0,1.0,1.0,1.0,1.0,0,0,1.0,1.0,1.0,0,1.0,1.0,1.0,0,1.0,1.0,1.0,0,1.0,1.0,0,,,1
a-951,b-658,1.0,MATCH,0.8843137254901962,0.9696969696969697,0.9696969696969697,0.9696969696969697,0.3333333333333333,0.0,0.0,1.0,1,0,0.9473684210526315,0.3333333333333333,1.0,0,1.0,1.0,1.0,0,1.0,1.0,1.0,0,1.0,1.0,0,,,1
a-776,b-531,1.0,MATCH,1.0,1.0,1.0,1.0,1.0,1.0,1.0,1.0,0,0,1.0,1.0,1.0,0,1.0,1.0,1.0,0,1.0,1.0,1.0,0,1.0,1.0,0,,,1
a-562,b-379,1.0,MATCH,0.8136363636363636,0.5833333333333333,1.0,1.0,1.0,0.0,0.0,0.0,0,0,1.0,1.0,1.0,0,1.0,1.0,1.0,0,0.0,1.0,0.0,0,1.0,1.0,0,,,1
a-73,b-48,1.0,MATCH,1.0,1.0,1.0,1.0,1.0,1.0,1.0,1.0,0,0,0.96,0.5,1.0,0,1.0,1.0,1.0,0,0.0,1.0,0.0,0,1.0,1.0,0,,,1
a-207,b-145,1.0,MATCH,1.0,1.0,1.0,1.0,1.0,1.0,1.0,1.0,0,0,1.0,1.0,1.0,0,1.0,1.0,1.0,0,1.0,1.0,1.0,0,1.0,1.0,0,,,1
a-262,b-183,1.0,MATCH,1.0,1.0,1.0,1.0,1.0,1.0,1.0,1.0,0,0,0.9523809523809524,0.3333333333333333,0.0,0,1.0,1.0,1.0,0,0.0,1.0,0.0,0,1.0,1.0,0,,,1
a-27,b-21,1.0,MATCH,0.9818181818181818,0.9523809523809522,0.9523809523809522,0.9523809523809524,0.3333333333333333,0.0,0.0,0.0,1,0,0.9285714285714286,0.2,0.0,0,1.0,1.0,1.0,0,1.0,1.0,1.0,0,1.0,1.0,0,,,1
a-1514,b-1051,1.0,MATCH,1.0,1.0,1.0,1.0,1.0,1.0,1.0,1.0,0,0,0.9696969696969697,0.5,1.0,0,0.0,1.0,0.0,0,1.0,1.0,1.0,0,1.0,1.0,0,,,1
a-1951,b-1364,1.0,MATCH,1.0,1.0,1.0,1.0,1.0,1.0,1.0,1.0,0,0,1.0,1.0,1.0,0,1.0,1.0,1.0,0,1.0,1.0,1.0,0,1.0,1.0,0,,,1
a-356,b-242,1.0,MATCH,1.0,1.0,1.0,1.0,1.0,1.0,1.0,1.0,0,0,1.0,1.0,1.0,0,0.0,1.0,0.0,0,1.0,1.0,1.0,0,1.0,1.0,0,,,1
a-1957,b-1367,1.0,MATCH,1.0,1.0,1.0,1.0,1.0,1.0,1.0,1.0,0,0,1.0,1.0,1.0,0,1.0,1.0,1.0,0,1.0,1.0,1.0,0,1.0,1.0,0,,,1
a-1373,b-949,1.0,MATCH,0.8274999999999999,0.8888888888888888,0.8888888888888888,0.8888888888888888,0.3333333333333333,0.0,1.0,1.0,2,0,1.0,1.0,1.0,0,1.0,1.0,1.0,0,0.0,0.9428571428571428,1.0,0,1.0,1.0,0,,,1
a-1911,b-1335,1.0,MATCH,1.0,1.0,1.0,1.0,1.0,1.0,1.0,1.0,0,0,1.0,1.0,1.0,0,1.0,1.0,1.0,0,1.0,1.0,1.0,0,1.0,1.0,0,,,1
a-1743,b-1220,1.0,MATCH,1.0,1.0,1.0,1.0,1.0,1.0,1.0,1.0,0,0,0.9655172413793103,0.5,0.0,0,1.0,1.0,1.0,0,1.0,1.0,1.0,0,1.0,1.0,0,,,1
a-838,b-576,1.0,MATCH,1.0,1.0,1.0,1.0,1.0,1.0,1.0,1.0,0,0,0.967741935483871,0.25,1.0,0,1.0,1.0,1.0,0,,,,1,1.0,1.0,0,,,1
a-1530,b-1064,1.0,MATCH,1.0,1.0,1.0,1.0,1.0,1.0,1.0,1.0,0,0,1.0,1.0,1.0,0,1.0,1.0,1.0,0,1.0,1.0,1.0,0,1.0,1.0,0,,,1
a-1570,b-1095,1.0,MATCH,1.0,1.0,1.0,1.0,1.0,1.0,1.0,1.0,0,0,0.923076923076923,0.0,1.0,0,1.0,1.0,1.0,0,1.0,1.0,1.0,0,1.0,1.0,0,,,1
a-600,b-410,1.0,MATCH,1.0,1.0,1.0,1.0,1.0,1.0,1.0,1.0,0,0,1.0,1.0,1.0,0,0.0,1.0,1.0,0,1.0,1.0,1.0,0,1.0,1.0,0,,,1
a-429,b-292,1.0,MATCH,0.3,0.5,1.0,1.0,1.0,0.0,0.0,0.0,0,0,0.9523809523809524,0.3333333333333333,1.0,0,1.0,1.0,1.0,0,0.0,1.0,0.0,0,1.0,1.0,0,,,1
a-519,b-347,1.0,MATCH,1.0,1.0,1.0,1.0,1.0,1.0,1.0,1.0,0,0,0.9655172413793103,0.5,1.0,0,1.0,1.0,1.0,0,1.0,1.0,1.0,0,1.0,1.0,0,,,1
a-31,b-22,1.0,MATCH,1.0,1.0,1.0,1.0,1.0,1.0,1.0,1.0,0,0,0.9696969696969697,0.5,1.0,0,1.0,1.0,1.0,0,0.0,0.9555555555555556,0.0,0,1.0,1.0,0,,,1
a-1613,b-1129,1.0,MATCH,1.0,1.0,1.0,1.0,1.0,1.0,1.0,1.0,0,0,1.0,1.0,1.0,0,1.0,1.0,1.0,0,0.0,0.9303030303030303,1.0,0,1.0,1.0,0,,,1
a-1123,b-780,1.0,MATCH,1.0,1.0,1.0,1.0,1.0,1.0,1.0,1.0,0,0,0.9629629629629629,0.5,1.0,0,1.0,1.0,1.0,0,0.0,1.0,0.0,0,1.0,1.0,0,,,1
a-1399,b-969,1.0,MATCH,1.0,1.0,1.0,1.0,1.0,1.0,1.0,1.0,0,0,1.0,1.0,1.0,0,1.0,1.0,1.0,0,0.0,0.9249999999999999,1.0,0,1.0,1.0,0,,,1
a-19,b-16,1.0,MATCH,0.7721153846153846,0.7619047619047619,0.7619047619047619,0.8571428571428571,0.3333333333333333,0.0,1.0,0.0,5,0,1.0,1.0,1.0,0,1.0,1.0,1.0,0,0.0,0.9619047619047619,1.0,0,1.0,1.0,0,,,1
a-1338,b-922,1.0,MATCH,1.0,1.0,1.0,1.0,1.0,1.0,1.0,1.0,0,0,1.0,1.0,1.0,0,1.0,1.0,1.0,0,1.0,1.0,1.0,0,1.0,1.0,0,,,1
a-1705,b-1191,1.0,MATCH,1.0,1.0,1.0,1.0,1.0,1.0,1.0,1.0,0,0,1.0,1.0,1.0,0,0.0,1.0,0.0,0,1.0,1.0,1.0,0,1.0,1.0,0,,,1
a-1937,b-1352,1.0,MATCH,0.25555555555555554,0.5333333333333333,1.0,1.0,1.0,0.0,0.0,0.0,0,0,0.9655172413793103,0.5,1.0,0,0.0,1.0,0.0,0,1.0,1.0,1.0,0,1.0,1.0,0,,,1
a-773,b-529,1.0,MATCH,0.975,0.9333333333333332,0.9333333333333332,0.9333333333333332,0.0,0.0,0.0,0.0,1,0,1.0,1.0,1.0,0,1.0,1.0,1.0,0,1.0,1.0,1.0,0,1.0,1.0,0,,,1
a-1173,b-815,1.0,MATCH,1.0,1.0,1.0,1.0,1.0,1.0,1.0,1.0,0,0,0.9629629629629629,0.25,1.0,0,1.0,1.0,1.0,0,1.0,1.0,1.0,0,1.0,1.0,0,,,1
a-82,b-53,1.0,MATCH,1.0,1.0,1.0,1.0,1.0,1.0,1.0,1.0,0,0,1.0,1.0,1.0,0,1.0,1.0,1.0,0,1.0,1.0,1.0,0,1.0,1.0,0,,,1
a-604,b-413,1.0,MATCH,1.0,1.0,1.0,1.0,1.0,1.0,1.0,1.0,0,0,1.0,1.0,1.0,0,1.0,1.0,1.0,0,1.0,1.0,1.0,0,1.0,1.0,0,,,1
a-629,b-431,1.0,MATCH,1.0,1.0,1.0,1.0,1.0,1.0,1.0,1.0,0,0,0.9444444444444444,0.5,1.0,0,1.0,1.0,1.0,0,1.0,1.0,1.0,0,1.0,1.0,0,,,1
a-1976,b-1381,1.0,MATCH,0.5892857142857143,0.5,1.0,1.0,1.0,0.0,0.0,0.0,0,0,1.0,1.0,1.0,0,1.0,1.0,1.0,0,1.0,1.0,1.0,0,1.0,1.0,0,,,1
a-190,b-132,1.0,MATCH,1.0,1.0,1.0,1.0,1.0,1.0,1.0,1.0,0,0,0.875,0.3333333333333333,1.0,0,1.0,1.0,1.0,0,1.0,1.0,1.0,0,1.0,1.0,0,,,1
a-1852,b-1296,1.0,MATCH,1.0,1.0,1.0,1.0,1.0,1.0,1.0,1.0,0,0,1.0,1.0,1.0,0,1.0,1.0,1.0,0,,,,1,1.0,1.0,0,,,1
a-1290,b-888,1.0,MATCH,1.0,1.0,1.0,1.0,1.0,1.0,1.0,1.0,0,0,1.0,1.0,1.0,0,1.0,1.0,1.0,0,1.0,1.0,1.0,0,1.0,1.0,0,,,1
a-1359,b-939,1.0,MATCH,1.0,1.0,1.0,1.0,1.0,1.0,1.0,1.0,0,0,0.9696969696969697,0.5,1.0,0,1.0,1.0,1.0,0,1.0,1.0,1.0,0,1.0,1.0,0,,,1
a-688,b-473,1.0,MATCH,1.0,1.0,1.0,1.0,1.0,1.0,1.0,1.0,0,0,1.0,1.0,1.0,0,0.0,1.0,0.0,0,0.0,1.0,0.0,0,1.0,1.0,0,,,1
a-1239,b-860,1.0,MATCH,1.0,1.0,1.0,1.0,1.0,1.0,1.0,1.0,0,0,0.967741935483871,0.5,1.0,0,1.0,1.0,1.0,0,1.0,1.0,1.0,0,1.0,1.0,0,,,1
a-424,b-287,1.0,MATCH,1.0,1.0,1.0,1.0,1.0,1.0,1.0,1.0,0,0,1.0,1.0,1.0,0,1.0,1.0,1.0,0,0.0,1.0,0.0,0,1.0,1.0,0,,,1
a-878,b-608,1.0,MATCH,0.9514705882352941,0.9411764705882352,0.9411764705882352,0.9411764705882354,0.3333333333333333,0.0,0.0,0.0,0,0,0.9473684210526315,0.2,1.0,0,0.0,1.0,1.0,0,1.0,1.0,1.0,0,1.0,1.0,0,,,1
a-662,b-455,1.0,MATCH,1.0,1.0,1.0,1.0,1.0,1.0,1.0,1.0,0,0,1.0,1.0,1.0,0,1.0,1.0,1.0,0,,,,1,1.0,1.0,0,,,1
a-1877,b-1311,1.0,MATCH,0.6666666666666666,0.6666666666666667,0.6666666666666667,0.8,0.3333333333333333,0.0,1.0,0.0,6,0,1.0,1.0,1.0,0,1.0,1.0,1.0,0,0.0,1.0,0.0,0,1.0,1.0,0,,,1
a-1865,b-1303,1.0,MATCH,1.0,1.0,1.0,1.0,1.0,1.0,1.0,1.0,0,0,1.0,1.0,1.0,0,1.0,1.0,1.0,0,0.0,1.0,0.0,0,1.0,1.0,0,,,1
a-1574,b-1098,1.0,MATCH,1.0,1.0,1.0,1.0,1.0,1.0,1.0,1.0,0,0,1.0,1.0,1.0,0,1.0,1.0,1.0,0,1.0,1.0,1.0,0,1.0,1.0,0,,,1
a-1552,b-1082,1.0,MATCH,1.0,1.0,1.0,1.0,1.0,1.0,1.0,1.0,0,0,1.0,1.0,1.0,0,1.0,1.0,1.0,0,0.0,0.9222222222222223,1.0,0,1.0,1.0,0,,,1
a-1316,b-906,1.0,MATCH,1.0,1.0,1.0,1.0,1.0,1.0,1.0,1.0,0,0,0.923076923076923,0.5,1.0,0,1.0,1.0,1.0,0,1.0,1.0,1.0,0,1.0,1.0,0,,,1
a-956,b-662,1.0,MATCH,1.0,1.0,1.0,1.0,1.0,1.0,1.0,1.0,0,0,1.0,1.0,1.0,0,1.0,1.0,1.0,0,,,,1,1.0,1.0,0,,,1
a-18,b-15,1.0,MATCH,1.0,1.0,1.0,1.0,1.0,1.0,1.0,1.0,0,0,1.0,1.0,1.0,0,1.0,1.0,1.0,0,1.0,1.0,1.0,0,1.0,1.0,0,,,1
a-714,b-489,1.0,MATCH,0.5299145299145299,0.4615384615384615,1.0,1.0,1.0,0.0,0.0,0.0,0,0,1.0,1.0,1.0,0,1.0,1.0,1.0,0,1.0,1.0,1.0,0,1.0,1.0,0,,,1
a-104,b-69,1.0,MATCH,1.0,1.0,1.0,1.0,1.0,1.0,1.0,1.0,0,0,0.875,0.2,0.0,0,1.0,1.0,1.0,0,1.0,1.0,1.0,0,1.0,1.0,0,,,1
a-389,b-262,1.0,MATCH,0.611111111111111,0.5,1.0,1.0,1.0,0.0,0.0,0.0,0,0,0.967741935483871,0.5,1.0,0,1.0,1.0,1.0,0,1.0,1.0,1.0,0,1.0,1.0,0,,,1
a-1409,b-978,1.0,MATCH,0.7056277056277057,0.5714285714285714,1.0,1.0,1.0,0.0,0.0,0.0,0,0,0.967741935483871,0.5,1.0,0,1.0,1.0,1.0,0,0.0,0.9611111111111111,1.0,0,1.0,1.0,0,,,1
a-1082,b-752,1.0,MATCH,0.9777777777777777,0.9565217391304348,0.9565217391304348,0.9565217391304348,0.3333333333333333,0.0,0.0,0.0,1,0,1.0,1.0,1.0,0,1.0,1.0,1.0,0,1.0,1.0,1.0,0,1.0,1.0,0,,,1
a-1629,b-1138,1.0,MATCH,1.0,1.0,1.0,1.0,1.0,1.0,1.0,1.0,0,0,0.9629629629629629,0.5,1.0,0,1.0,1.0,1.0,0,1.0,1.0,1.0,0,1.0,1.0,0,,,1
a-325,b-221,1.0,MATCH,1.0,1.0,1.0,1.0,1.0,1.0,1.0,1.0,0,0,1.0,1.0,1.0,0,1.0,1.0,1.0,0,0.0,1.0,0.0,0,1.0,1.0,0,,,1
a-570,b-386,1.0,MATCH,1.0,1.0,1.0,1.0,1.0,1.0,1.0,1.0,0,0,1.0,1.0,1.0,0,0.0,1.0,0.0,0,1.0,1.0,1.0,0,1.0,1.0,0,,,1
a-155,b-106,1.0,MATCH,1.0,1.0,1.0,1.0,1.0,1.0,1.0,1.0,0,0,1.0,1.0,1.0,0,1.0,1.0,1.0,0,0.0,1.0,0.0,0,1.0,1.0,0,,,1
a-1717,b-1200,1.0,MATCH,1.0,1.0,1.0,1.0,1.0,1.0,1.0,1.0,0,0,1.0,1.0,1.0,0,0.0,1.0,1.0,0,0.0,1.0,0.0,0,1.0,1.0,0,,,1
a-1422,b-989,1.0,MATCH,0.393939393939394,0.4545454545454546,1.0,1.0,1.0,0.0,0.0,0.0,0,0,1.0,1.0,1.0,0,1.0,1.0,1.0,0,1.0,1.0,1.0,0,1.0,1.0,0,,,1
a-89,b-58,1.0,MATCH,1.0,1.0,1.0,1.0,1.0,1.0,1.0,1.0,0,0,1.0,1.0,1.0,0,0.0,1.0,0.0,0,1.0,1.0,1.0,0,1.0,1.0,0,,,1
a-354,b-240,1.0,MATCH,1.0,1.0,1.0,1.0,1.0,1.0,1.0,1.0,0,0,0.9629629629629629,0.5,0.0,0,1.0,1.0,1.0,0,1.0,1.0,1.0,0,1.0,1.0,0,,,1
a-782,b-536,1.0,MATCH,1.0,1.0,1.0,1.0,1.0,1.0,1.0,1.0,0,0,1.0,1.0,1.0,0,1.0,1.0,1.0,0,0.0,0.9666666666666667,1.0,0,1.0,1.0,0,,,1
a-1688,b-1179,1.0,MATCH,1.0,1.0,1.0,1.0,1.0,1.0,1.0,1.0,0,0,1.0,1.0,1.0,0,1.0,1.0,1.0,0,0.0,1.0,0.0,0,1.0,1.0,0,,,1
a-316,b-215,1.0,MATCH,1.0,1.0,1.0,1.0,1.0,1.0,1.0,1.0,0,0,0.9411764705882354,0.5,0.0,0,1.0,1.0,1.0,0,1.0,1.0,1.0,0,1.0,1.0,0,,,1
a-139,b-94,1.0,MATCH,0.9398989898989898,0.8695652173913043,0.8695652173913043,0.8695652173913043,0.0,0.0,0.0,0.0,1,0,1.0,1.0,1.0,0,1.0,1.0,1.0,0,1.0,1.0,1.0,0,1.0,1.0,0,,,1
a-1722,b-1204,1.0,MATCH,0.9833333333333333,0.9166666666666665,0.9166666666666665,0.9166666666666667,0.3333333333333333,0.0,0.0,0.0,0,0,1.0,1.0,1.0,0,1.0,1.0,1.0,0,1.0,1.0,1.0,0,1.0,1.0,0,,,1
a-101,b-66,1.0,MATCH,0.7904761904761904,0.6666666666666667,0.8333333333333335,0.8888888888888888,0.3333333333333333,0.0,0.0,0.0,4,0,1.0,1.0,1.0,0,1.0,1.0,1.0,0,,,,1,1.0,1.0,0,,,1
a-504,b-339,1.0,MATCH,0.9345029239766082,0.9473684210526316,0.9473684210526316,0.9473684210526315,0.3333333333333333,0.0,0.0,0.0,0,0,1.0,1.0,1.0,0,1.0,1.0,1.0,0,0.0,1.0,0.0,0,1.0,1.0,0,,,1
a-1695,b-1184,1.0,MATCH,1.0,1.0,1.0,1.0,1.0,1.0,1.0,1.0,0,0,1.0,1.0,1.0,0,1.0,1.0,1.0,0,1.0,1.0,1.0,0,1.0,1.0,0,,,1
a-1775,b-1245,1.0,MATCH,1.0,1.0,1.0,1.0,1.0,1.0,1.0,1.0,0,0,1.0,1.0,1.0,0,1.0,1.0,1.0,0,1.0,1.0,1.0,0,1.0,1.0,0,,,1
a-1763,b-1234,1.0,MATCH,1.0,1.0,1.0,1.0,1.0,1.0,1.0,1.0,0,0,1.0,1.0,1.0,0,1.0,1.0,1.0,0,1.0,1.0,1.0,0,1.0,1.0,0,,,1
a-1071,b-743,1.0,MATCH,1.0,1.0,1.0,1.0,1.0,1.0,1.0,1.0,0,0,1.0,1.0,1.0,0,1.0,1.0,1.0,0,1.0,1.0,1.0,0,1.0,1.0,0,,,1
a-1546,b-1078,1.0,MATCH,1.0,1.0,1.0,1.0,1.0,1.0,1.0,1.0,0,0,0.9714285714285714,0.5,1.0,0,0.0,1.0,0.0,0,1.0,1.0,1.0,0,1.0,1.0,0,,,1
a-1578,b-1102,1.0,MATCH,1.0,1.0,1.0,1.0,1.0,1.0,1.0,1.0,0,0,1.0,1.0,1.0,0,1.0,1.0,1.0,0,,,,1,1.0,1.0,0,,,1
a-890,b-616,1.0,MATCH,1.0,1.0,1.0,1.0,1.0,1.0,1.0,1.0,0,0,0.96,0.5,1.0,0,0.0,1.0,0.0,0,1.0,1.0,1.0,0,1.0,1.0,0,,,1
a-1411,b-980,1.0,MATCH,0.7850267379679144,0.7857142857142857,0.7857142857142857,0.9,0.3333333333333333,0.0,1.0,0.0,6,0,1.0,1.0,1.0,0,1.0,1.0,1.0,0,0.0,1.0,0.0,0,1.0,1.0,0,,,1
a-830,b-569,1.0,MATCH,1.0,1.0,1.0,1.0,1.0,1.0,1.0,1.0,0,0,1.0,1.0,1.0,0,1.0,1.0,1.0,0,1.0,1.0,1.0,0,1.0,1.0,0,,,1
a-1136,b-789,1.0,MATCH,0.5494505494505494,0.5384615384615384,1.0,1.0,1.0,0.0,0.0,0.0,0,0,1.0,1.0,1.0,0,1.0,1.0,1.0,0,1.0,1.0,1.0,0,1.0,1.0,0,,,1
a-1063,b-737,1.0,MATCH,1.0,1.0,1.0,1.0,1.0,1.0,1.0,1.0,0,0,1.0,1.0,1.0,0,1.0,1.0,1.0,0,1.0,1.0,1.0,0,1.0,1.0,0,,,1
a-1533,b-1067,1.0,MATCH,0.592156862745098,0.5294117647058824,1.0,1.0,1.0,0.0,0.0,0.0,0,0,0.9285714285714286,0.2,0.0,0,1.0,1.0,1.0,0,,,,1,1.0,1.0,0,,,1
a-796,b-545,1.0,MATCH,1.0,1.0,1.0,1.0,1.0,1.0,1.0,1.0,0,0,0.9655172413793103,0.5,0.0,0,0.0,1.0,0.0,0,1.0,1.0,1.0,0,1.0,1.0,0,,,1
a-1761,b-1233,1.0,MATCH,1.0,1.0,1.0,1.0,1.0,1.0,1.0,1.0,0,0,0.8888888888888888,0.2,1.0,0,1.0,1.0,1.0,0,1.0,1.0,1.0,0,1.0,1.0,0,,,1
a-1436,b-994,1.0,MATCH,0.5444444444444444,0.5,1.0,1.0,1.0,0.0,0.0,0.0,0,0,0.9565217391304348,0.3333333333333333,1.0,0,1.0,1.0,1.0,0,,,,1,1.0,1.0,0,,,1
a-258,b-179,1.0,MATCH,1.0,1.0,1.0,1.0,1.0,1.0,1.0,1.0,0,0,1.0,1.0,1.0,0,0.0,1.0,0.0,0,0.0,0.9666666666666667,0.0,0,1.0,1.0,0,,,1
a-414,b-283,1.0,MATCH,1.0,1.0,1.0,1.0,1.0,1.0,1.0,1.0,0,0,0.9655172413793103,0.5,1.0,0,1.0,1.0,1.0,0,1.0,1.0,1.0,0,1.0,1.0,0,,,1
a-437,b-298,1.0,MATCH,0.5555555555555555,0.5555555555555556,1.0,1.0,1.0,0.0,0.0,0.0,0,0,0.9411764705882354,0.5,0.0,0,1.0,1.0,1.0,0,1.0,1.0,1.0,0,1.0,1.0,0,,,1
a-702,b-481,1.0,MATCH,1.0,1.0,1.0,1.0,1.0,1.0,1.0,1.0,0,0,1.0,1.0,1.0,0,1.0,1.0,1.0,0,0.0,1.0,0.0,0,1.0,1.0,0,,,1
a-109,b-73,1.0,MATCH,1.0,1.0,1.0,1.0,1.0,1.0,1.0,1.0,0,0,1.0,1.0,1.0,0,0.0,1.0,0.0,0,1.0,1.0,1.0,0,1.0,1.0,0,,,1
a-1925,b-1345,1.0,MATCH,1.0,1.0,1.0,1.0,1.0,1.0,1.0,1.0,0,0,0.9655172413793103,0.5,1.0,0,1.0,1.0,1.0,0,1.0,1.0,1.0,0,1.0,1.0,0,,,1
a-842,b-578,1.0,MATCH,1.0,1.0,1.0,1.0,1.0,1.0,1.0,1.0,0,0,1.0,1.0,1.0,0,1.0,1.0,1.0,0,1.0,1.0,1.0,0,1.0,1.0,0,,,1
a-1179,b-817,1.0,MATCH,1.0,1.0,1.0,1.0,1.0,1.0,1.0,1.0,0,0,1.0,1.0,1.0,0,0.0,1.0,0.0,0,0.0,0.975,1.0,0,1.0,1.0,0,,,1
a-1087,b-754,1.0,MATCH,1.0,1.0,1.0,1.0,1.0,1.0,1.0,1.0,0,0,1.0,1.0,1.0,0,1.0,1.0,1.0,0,,,,1,1.0,1.0,0,,,1
a-1360,b-940,1.0,MATCH,1.0,1.0,1.0,1.0,1.0,1.0,1.0,1.0,0,0,0.9411764705882354,0.5,1.0,0,1.0,1.0,1.0,0,0.0,0.9111111111111112,0.0,0,1.0,1.0,0,,,1
a-1893,b-1320,1.0,MATCH,0.9818181818181818,0.9090909090909091,0.9090909090909091,0.9090909090909091,0.3333333333333333,0.0,0.0,1.0,0,0,1.0,1.0,1.0,0,1.0,1.0,1.0,0,0.0,0.9444444444444445,1.0,0,1.0,1.0,0,,,1
a-1385,b-959,1.0,MATCH,1.0,1.0,1.0,1.0,1.0,1.0,1.0,1.0,0,0,1.0,1.0,1.0,0,1.0,1.0,1.0,0,1.0,1.0,1.0,0,1.0,1.0,0,,,1
a-1330,b-917,1.0,MATCH,1.0,1.0,1.0,1.0,1.0,1.0,1.0,1.0,0,0,0.967741935483871,0.5,1.0,0,1.0,1.0,1.0,0,1.0,1.0,1.0,0,1.0,1.0,0,,,1
a-843,b-579,1.0,MATCH,1.0,1.0,1.0,1.0,1.0,1.0,1.0,1.0,0,0,0.967741935483871,0.25,1.0,0,1.0,1.0,1.0,0,1.0,1.0,1.0,0,1.0,1.0,0,,,1
a-715,b-490,1.0,MATCH,1.0,1.0,1.0,1.0,1.0,1.0,1.0,1.0,0,0,1.0,1.0,1.0,0,1.0,1.0,1.0,0,0.0,0.9833333333333333,1.0,0,1.0,1.0,0,,,1
a-502,b-337,1.0,MATCH,1.0,1.0,1.0,1.0,1.0,1.0,1.0,1.0,0,0,0.9565217391304348,0.5,0.0,0,1.0,1.0,1.0,0,1.0,1.0,1.0,0,1.0,1.0,0,,,1
a-1936,b-1351,1.0,MATCH,1.0,1.0,1.0,1.0,1.0,1.0,1.0,1.0,0,0,1.0,1.0,1.0,0,1.0,1.0,1.0,0,1.0,1.0,1.0,0,1.0,1.0,0,,,1
a-310,b-213,1.0,MATCH,0.611111111111111,0.5,1.0,1.0,1.0,0.0,0.0,0.0,0,0,1.0,1.0,1.0,0,1.0,1.0,1.0,0,1.0,1.0,1.0,0,1.0,1.0,0,,,1
a-1924,b-1344,1.0,MATCH,0.7971590909090909,0.814814814814815,0.814814814814815,0.9,0.3333333333333333,0.0,1.0,0.0,5,0,0.9655172413793103,0.5,1.0,0,1.0,1.0,1.0,0,0.0,0.96,1.0,0,1.0,1.0,0,,,1
a-868,b-599,1.0,MATCH,1.0,1.0,1.0,1.0,1.0,1.0,1.0,1.0,0,0,0.9333333333333332,0.5,1.0,0,1.0,1.0,1.0,0,0.0,1.0,0.0,0,1.0,1.0,0,,,1
a-1413,b-982,1.0,MATCH,0.6401515151515151,0.5625,1.0,1.0,1.0,0.0,0.0,0.0,0,0,1.0,1.0,1.0,0,1.0,1.0,1.0,0,1.0,1.0,1.0,0,1.0,1.0,0,,,1
a-660,b-453,1.0,MATCH,1.0,1.0,1.0,1.0,1.0,1.0,1.0,1.0,0,0,0.8888888888888888,0.0,0.0,0,1.0,1.0,1.0,0,0.0,0.9833333333333333,0.0,0,1.0,1.0,0,,,1
a-1116,b-775,1.0,MATCH,0.9874999999999999,0.9375,0.9375,0.9375,0.3333333333333333,0.0,0.0,1.0,0,0,0.9714285714285714,0.5,1.0,0,1.0,1.0,1.0,0,0.0,0.9449074074074074,1.0,0,1.0,1.0,0,,,1
a-704,b-482,1.0,MATCH,1.0,1.0,1.0,1.0,1.0,1.0,1.0,1.0,0,0,0.9375,0.2,0.0,0,1.0,1.0,1.0,0,0.0,0.888888888888889,1.0,0,1.0,1.0,0,,,1
a-1391,b-963,1.0,MATCH,1.0,1.0,1.0,1.0,1.0,1.0,1.0,1.0,0,0,0.9285714285714286,0.5,1.0,0,1.0,1.0,1.0,0,1.0,1.0,1.0,0,1.0,1.0,0,,,1
a-397,b-270,1.0,MATCH,0.64349376114082,0.5294117647058824,1.0,1.0,1.0,0.0,0.0,0.0,0,0,1.0,1.0,1.0,0,1.0,1.0,1.0,0,,,,1,1.0,1.0,0,,,1
a-1744,b-1221,1.0,MATCH,1.0,1.0,1.0,1.0,1.0,1.0,1.0,1.0,0,0,1.0,1.0,1.0,0,1.0,1.0,1.0,0,0.0,0.8933333333333333,1.0,0,1.0,1.0,0,,,1
a-1449,b-1005,1.0,MATCH,1.0,1.0,1.0,1.0,1.0,1.0,1.0,1.0,0,0,0.9629629629629629,0.5,1.0,0,1.0,1.0,1.0,0,0.0,1.0,0.0,0,1.0,1.0,0,,,1
a-901,b-624,1.0,MATCH,1.0,1.0,1.0,1.0,1.0,1.0,1.0,1.0,0,0,0.967741935483871,0.5,1.0,0,0.0,1.0,0.0,0,1.0,1.0,1.0,0,1.0,1.0,0,,,1
a-1600,b-1121,1.0,MATCH,0.9303030303030303,0.9166666666666665,0.5,0.9166666666666667,0.3333333333333333,0.0,0.0,0.0,0,0,1.0,1.0,1.0,0,1.0,1.0,1.0,0,1.0,1.0,1.0,0,1.0,1.0,0,,,1
a-909,b-630,1.0,MATCH,1.0,1.0,1.0,1.0,1.0,1.0,1.0,1.0,0,0,1.0,1.0,1.0,0,0.0,1.0,0.0,0,1.0,1.0,1.0,0,1.0,1.0,0,,,1
a-174,b-121,1.0,MATCH,1.0,1.0,1.0,1.0,1.0,1.0,1.0,1.0,0,0,0.9375,0.2,1.0,0,1.0,1.0,1.0,0,1.0,1.0,1.0,0,1.0,1.0,0,,,1
a-1994,b-1397,1.0,MATCH,0.9666666666666666,0.9166666666666665,0.9166666666666665,0.9166666666666667,0.3333333333333333,0.0,0.0,0.0,0,0,1.0,1.0,1.0,0,1.0,1.0,1.0,0,1.0,1.0,1.0,0,1.0,1.0,0,,,1
a-1654,b-1157,1.0,MATCH,0.5,0.5,1.0,1.0,1.0,0.0,0.0,0.0,0,0,1.0,1.0,1.0,0,0.0,1.0,0.0,0,1.0,1.0,1.0,0,1.0,1.0,0,,,1
a-1467,b-1018,1.0,MATCH,1.0,1.0,1.0,1.0,1.0,1.0,1.0,1.0,0,0,1.0,1.0,1.0,0,1.0,1.0,1.0,0,1.0,1.0,1.0,0,1.0,1.0,0,,,1
a-554,b-372,1.0,MATCH,0.8514423076923078,0.896551724137931,0.896551724137931,1.0,0.6666666666666666,0.0,0.0,0.0,3,0,1.0,1.0,1.0,0,1.0,1.0,1.0,0,1.0,1.0,1.0,0,1.0,1.0,0,,,1
a-1972,b-1377,1.0,MATCH,1.0,1.0,1.0,1.0,1.0,1.0,1.0,1.0,0,0,0.9444444444444444,0.5,1.0,0,1.0,1.0,1.0,0,0.0,0.9777777777777777,0.0,0,1.0,1.0,0,,,1
a-1389,b-961,1.0,MATCH,1.0,1.0,1.0,1.0,1.0,1.0,1.0,1.0,0,0,1.0,1.0,1.0,0,1.0,1.0,1.0,0,0.0,0.9616666666666668,1.0,0,1.0,1.0,0,,,1
a-676,b-464,1.0,MATCH,1.0,1.0,1.0,1.0,1.0,1.0,1.0,1.0,0,0,1.0,1.0,1.0,0,1.0,1.0,1.0,0,1.0,1.0,1.0,0,1.0,1.0,0,,,1
a-1929,b-1348,1.0,MATCH,1.0,1.0,1.0,1.0,1.0,1.0,1.0,1.0,0,0,1.0,1.0,1.0,0,1.0,1.0,1.0,0,,,,1,1.0,1.0,0,,,1
a-899,b-622,1.0,MATCH,0.9644444444444444,0.9333333333333332,0.9333333333333332,0.9333333333333332,0.3333333333333333,0.0,0.0,0.0,0,0,0.9714285714285714,0.5,1.0,0,1.0,1.0,1.0,0,1.0,1.0,1.0,0,1.0,1.0,0,,,1
a-835,b-573,1.0,MATCH,1.0,1.0,1.0,1.0,1.0,1.0,1.0,1.0,0,0,1.0,1.0,1.0,0,1.0,1.0,1.0,0,1.0,1.0,1.0,0,1.0,1.0,0,,,1
a-1211,b-843,1.0,MATCH,1.0,1.0,1.0,1.0,1.0,1.0,1.0,1.0,0,0,0.9285714285714286,0.5,1.0,0,1.0,1.0,1.0,0,1.0,1.0,1.0,0,1.0,1.0,0,,,1
a-1794,b-1260,1.0,MATCH,1.0,1.0,1.0,1.0,1.0,1.0,1.0,1.0,0,0,1.0,1.0,1.0,0,1.0,1.0,1.0,0,1.0,1.0,1.0,0,1.0,1.0,0,,,1
a-793,b-543,1.0,MATCH,0.6222222222222222,0.5333333333333333,1.0,1.0,1.0,0.0,0.0,0.0,0,0,1.0,1.0,1.0,0,0.0,1.0,1.0,0,0.0,0.9555555555555556,1.0,0,1.0,1.0,0,,,1
a-1545,b-1077,1.0,MATCH,1.0,1.0,1.0,1.0,1.0,1.0,1.0,1.0,0,0,1.0,1.0,1.0,0,1.0,1.0,1.0,0,1.0,1.0,1.0,0,1.0,1.0,0,,,1
a-59,b-42,0.9944686157537761,MATCH,0.7675000000000001,0.7692307692307692,0.7692307692307692,0.7692307692307692,0.3333333333333333,0.0,1.0,0.0,3,0,0.9285714285714286,0.5,1.0,0,1.0,1.0,1.0,0,1.0,1.0,1.0,0,1.0,1.0,0,,,1
a-1827,b-1279,0.9888540664460527,MATCH,0.576923076923077,0.5263157894736843,0.5263157894736843,0.5263157894736842,0.0,0.0,0.0,0.0,7,0,1.0,1.0,1.0,0,0.0,1.0,1.0,0,1.0,1.0,1.0,0,1.0,1.0,0,,,1
a-1562,b-1089,0.9888540664460527,MATCH,0.6349206349206349,0.631578947368421,0.631578947368421,0.631578947368421,0.0,0.0,0.0,0.0,5,0,1.0,1.0,1.0,0,1.0,1.0,1.0,0,1.0,1.0,1.0,0,1.0,1.0,0,,,1
a-1983,b-1388,0.9735298871042707,MATCH,0.5050505050505051,0.7058823529411764,0.7058823529411764,0.8,0.3333333333333333,0.0,1.0,0.0,5,0,1.0,1.0,1.0,0,1.0,1.0,1.0,0,,,,1,1.0,1.0,0,,,1
a-254,b-177,0.9560118270080432,MATCH,0.5909090909090909,0.7058823529411764,0.7058823529411764,0.8,0.3333333333333333,0.0,1.0,0.0,5,0,1.0,1.0,1.0,0,0.0,1.0,0.0,0,,,,1,1.0,1.0,0,,,1
a-995,b-686,0.9531632893946889,MATCH,0.8300000000000001,0.75,0.75,0.8,0.3333333333333333,0.0,1.0,0.0,4,0,0.9285714285714286,0.5,0.0,0,1.0,1.0,1.0,0,,,,1,1.0,1.0,0,,,1
a-115,b-76,0.9514634778030618,MATCH,0.9833333333333333,0.9166666666666665,0.5,0.5,0.0,0.0,0.0,0.0,0,0,0.9655172413793103,0.5,1.0,0,1.0,1.0,1.0,0,1.0,1.0,1.0,0,1.0,1.0,0,,,1
a-1679,b-1174,0.9396249801140293,MATCH,0.4920634920634921,0.6,0.6,0.8,0.3333333333333333,0.0,1.0,0.0,8,0,0.8888888888888888,0.0,0.0,0,1.0,1.0,1.0,0,,,,1,1.0,1.0,0,,,1
a-567,b-383,0.908340702496171,MATCH,0.5222222222222221,0.6666666666666667,0.6666666666666667,0.75,0.3333333333333333,0.0,1.0,0.0,5,0,1.0,1.0,1.0,0,1.0,1.0,1.0,0,0.0,0.8500000000000001,1.0,0,1.0,1.0,0,,,1
a-421,b-286,0.9028616095341799,MATCH,0.7000000000000001,0.5333333333333333,0.6666666666666667,0.75,0.3333333333333333,0.0,0.0,0.0,5,0,1.0,1.0,1.0,0,1.0,1.0,1.0,0,0.0,0.9416666666666667,0.0,0,1.0,1.0,0,,,1
a-988,b-680,0.8616364171779051,MATCH,0.5333333333333333,0.6666666666666667,0.6666666666666667,0.75,0.3333333333333333,0.0,1.0,0.0,5,0,1.0,1.0,1.0,0,0.0,1.0,0.0,0,0.0,1.0,0.0,0,1.0,1.0,0,,,1
a-644,b-442,0.7908561541161325,MATCH,0.6964285714285715,0.6363636363636364,0.6363636363636364,0.6363636363636364,0.0,0.0,0.0,0.0,6,0,1.0,1.0,1.0,0,1.0,1.0,1.0,0,0.0,1.0,0.0,0,1.0,1.0,0,,,1
a-1920,b-1341,0.2571862228519144,MATCH,0.7892857142857144,0.736842105263158,0.736842105263158,0.8333333333333333,0.3333333333333333,0.0,1.0,0.0,5,0,1.0,1.0,1.0,0,,,,1,1.0,1.0,1.0,0,1.0,1.0,0,,,1
a-1640,b-1148,0.25457355271701215,MATCH,0.7000000000000001,0.4,0.6666666666666667,0.75,0.3333333333333333,0.0,0.0,0.0,5,0,1.0,1.0,1.0,0,0.0,0.0,0.0,0,0.0,1.0,0.0,0,1.0,1.0,0,,,1
