id_A,id_B
rec-0-org,rec-0-dup-0
rec-1-org,rec-1-dup-0
rec-2-org,rec-2-dup-0
rec-3-org,rec-3-dup-0
rec-4-org,rec-4-dup-0
rec-5-org,rec-5-dup-0
rec-6-org,rec-6-dup-0
rec-7-org,rec-7-dup-0
rec-8-org,rec-8-dup-0
rec-9-org,rec-9-dup-0
rec-10-org,rec-10-dup-0
rec-11-org,rec-11-dup-0
rec-12-org,rec-12-dup-0
rec-13-org,rec-13-dup-0
rec-14-org,rec-14-dup-0
rec-15-org,rec-15-dup-0
rec-16-org,rec-16-dup-0
rec-17-org,rec-17-dup-0
rec-18-org,rec-18-dup-0
rec-19-org,rec-19-dup-0
rec-20-org,rec-20-dup-0
rec-21-org,rec-21-dup-0
rec-22-org,rec-22-dup-0
rec-23-org,rec-23-dup-0
rec-24-org,rec-24-dup-0
rec-25-org,rec-25-dup-0
rec-26-org,rec-26-dup-0
rec-27-org,rec-27-dup-0
rec-28-org,rec-28-dup-0
rec-29-org,rec-29-dup-0
rec-30-org,rec-30-dup-0
rec-31-org,rec-31-dup-0
rec-32-org,rec-32-dup-0
rec-33-org,rec-33-dup-0
rec-34-org,rec-34-dup-0
rec-35-org,rec-35-dup-0
rec-36-org,rec-36-dup-0
rec-37-org,rec-37-dup-0
rec-38-org,rec-38-dup-0
rec-39-org,rec-39-dup-0
rec-40-org,rec-40-dup-0
rec-41-org,rec-41-dup-0
rec-42-org,rec-42-dup-0
rec-43-org,rec-43-dup-0
rec-44-org,rec-44-dup-0
rec-45-org,rec-45-dup-0
rec-46-org,rec-46-dup-0
rec-47-org,rec-47-dup-0
rec-48-org,rec-48-dup-0
rec-49-org,rec-49-dup-0
rec-50-org,rec-50-dup-0
rec-51-org,rec-51-dup-0
rec-52-org,rec-52-dup-0
rec-53-org,rec-53-dup-0
rec-54-org,rec-54-dup-0
rec-55-org,rec-55-dup-0
rec-56-org,rec-56-dup-0
rec-57-org,rec-57-dup-0
rec-58-org,rec-58-dup-0
rec-59-org,rec-59-dup-0
rec-60-org,rec-60-dup-0
rec-61-org,rec-61-dup-0
rec-62-org,rec-62-dup-0
rec-63-org,rec-63-dup-0
rec-64-org,rec-64-dup-0
rec-65-org,rec-65-dup-0
rec-66-org,rec-66-dup-0
rec-67-org,rec-67-dup-0
rec-68-org,rec-68-dup-0
rec-69-org,rec-69-dup-0
rec-70-org,rec-70-dup-0
rec-71-org,rec-71-dup-0
rec-72-org,rec-72-dup-0
rec-73-org,rec-73-dup-0
rec-74-org,rec-74-dup-0
rec-75-org,rec-75-dup-0
rec-76-org,rec-76-dup-0
rec-77-org,rec-77-dup-0
rec-78-org,rec-78-dup-0
rec-79-org,rec-79-dup-0
rec-80-org,rec-80-dup-0
rec-81-org,rec-81-dup-0
rec-82-org,rec-82-dup-0
rec-83-org,rec-83-dup-0
rec-84-org,rec-84-dup-0
rec-85-org,rec-85-dup-0
rec-86-org,rec-86-dup-0
rec-87-org,rec-87-dup-0
rec-88-org,rec-88-dup-0
rec-89-org,rec-89-dup-0
rec-90-org,rec-90-dup-0
rec-91-org,rec-91-dup-0
rec-92-org,rec-92-dup-0
rec-93-org,rec-93-dup-0
rec-94-org,rec-94-dup-0
rec-95-org,rec-95-dup-0
rec-96-org,rec-96-dup-0
rec-97-org,rec-97-dup-0
rec-98-org,rec-98-dup-0
rec-99-org,rec-99-dup-0
rec-100-org,rec-100-dup-0
rec-101-org,rec-101-dup-0
rec-102-org,rec-102-dup-0
rec-103-org,rec-103-dup-0
rec-104-org,rec-104-dup-0
rec-105-org,rec-105-dup-0
rec-106-org,rec-106-dup-0
rec-107-org,rec-107-dup-0
rec-108-org,rec-108-dup-0
rec-109-org,rec-109-dup-0
rec-110-org,rec-110-dup-0
rec-111-org,rec-111-dup-0
rec-112-org,rec-112-dup-0
rec-113-org,rec-113-dup-0
rec-114-org,rec-114-dup-0
rec-115-org,rec-115-dup-0
rec-116-org,rec-116-dup-0
rec-117-org,rec-117-dup-0
rec-118-org,rec-118-dup-0
rec-119-org,rec-119-dup-0
rec-120-org,rec-120-dup-0
rec-121-org,rec-121-dup-0
rec-122-org,rec-122-dup-0
rec-123-org,rec-123-dup-0
rec-124-org,rec-124-dup-0
rec-125-org,rec-125-dup-0
rec-126-org,rec-126-dup-0
rec-127-org,rec-127-dup-0
rec-128-org,rec-128-dup-0
rec-129-org,rec-129-dup-0
rec-130-org,rec-130-dup-0
rec-131-org,rec-131-dup-0
rec-132-org,rec-132-dup-0
rec-133-org,rec-133-dup-0
rec-134-org,rec-134-dup-0
rec-135-org,rec-135-dup-0
rec-136-org,rec-136-dup-0
rec-137-org,rec-137-dup-0
rec-138-org,rec-138-dup-0
rec-139-org,rec-139-dup-0
rec-140-org,rec-140-dup-0
rec-141-org,rec-141-dup-0
rec-142-org,rec-142-dup-0
rec-143-org,rec-143-dup-0
rec-144-org,rec-144-dup-0
rec-145-org,rec-145-dup-0
rec-146-org,rec-146-dup-0
rec-147-org,rec-147-dup-0
rec-148-org,rec-148-dup-0
rec-149-org,rec-149-dup-0
rec-150-org,rec-150-dup-0
rec-151-org,rec-151-dup-0
rec-152-org,rec-152-dup-0
rec-153-org,rec-153-dup-0
rec-154-org,rec-154-dup-0
rec-155-org,rec-155-dup-0
rec-156-org,rec-156-dup-0
rec-157-org,rec-157-dup-0
rec-158-org,rec-158-dup-0
rec-159-org,rec-159-dup-0
rec-160-org,rec-160-dup-0
rec-161-org,rec-161-dup-0
rec-162-org,rec-162-dup-0
rec-163-org,rec-163-dup-0
rec-164-org,rec-164-dup-0
rec-165-org,rec-165-dup-0
rec-166-org,rec-166-dup-0
rec-167-org,rec-167-dup-0
rec-168-org,rec-168-dup-0
rec-169-org,rec-169-dup-0
rec-170-org,rec-170-dup-0
rec-171-org,rec-171-dup-0
rec-172-org,rec-172-dup-0
rec-173-org,rec-173-dup-0
rec-174-org,rec-174-dup-0
rec-175-org,rec-175-dup-0
rec-176-org,rec-176-dup-0
rec-177-org,rec-177-dup-0
rec-178-org,rec-178-dup-0
rec-179-org,rec-179-dup-0
rec-180-org,rec-180-dup-0
rec-181-org,rec-181-dup-0
rec-182-org,rec-182-dup-0
rec-183-org,rec-183-dup-0
rec-184-org,rec-184-dup-0
rec-185-org,rec-185-dup-0
rec-186-org,rec-186-dup-0
rec-187-org,rec-187-dup-0
rec-188-org,rec-188-dup-0
rec-189-org,rec-189-dup-0
rec-190-org,rec-190-dup-0
rec-191-org,rec-191-dup-0
rec-192-org,rec-192-dup-0
rec-193-org,rec-193-dup-0
rec-194-org,rec-194-dup-0
rec-195-org,rec-195-dup-0
rec-196-org,rec-196-dup-0
rec-197-org,rec-197-dup-0
rec-198-org,rec-198-dup-0
rec-199-org,rec-199-dup-0
rec-200-org,rec-200-dup-0
rec-201-org,rec-201-dup-0
rec-202-org,rec-202-dup-0
rec-203-org,rec-203-dup-0
rec-204-org,rec-204-dup-0
rec-205-org,rec-205-dup-0
rec-206-org,rec-206-dup-0
rec-207-org,rec-207-dup-0
rec-208-org,rec-208-dup-0
rec-209-org,rec-209-dup-0
rec-210-org,rec-210-dup-0
rec-211-org,rec-211-dup-0
rec-212-org,rec-212-dup-0
rec-213-org,rec-213-dup-0
rec-214-org,rec-214-dup-0
rec-215-org,rec-215-dup-0
rec-216-org,rec-216-dup-0
rec-217-org,rec-217-dup-0
rec-218-org,rec-218-dup-0
rec-219-org,rec-219-dup-0
rec-220-org,rec-220-dup-0
rec-221-org,rec-221-dup-0
rec-222-org,rec-222-dup-0
rec-223-org,rec-223-dup-0
rec-224-org,rec-224-dup-0
rec-225-org,rec-225-dup-0
rec-226-org,rec-226-dup-0
rec-227-org,rec-227-dup-0
rec-228-org,rec-228-dup-0
rec-229-org,rec-229-dup-0
rec-230-org,rec-230-dup-0
rec-231-org,rec-231-dup-0
rec-232-org,rec-232-dup-0
rec-233-org,rec-233-dup-0
rec-234-org,rec-234-dup-0
rec-235-org,rec-235-dup-0
rec-236-org,rec-236-dup-0
rec-237-org,rec-237-dup-0
rec-238-org,rec-238-dup-0
rec-239-org,rec-239-dup-0
rec-240-org,rec-240-dup-0
rec-241-org,rec-241-dup-0
rec-242-org,rec-242-dup-0
rec-243-org,rec-243-dup-0
rec-244-org,rec-244-dup-0
rec-245-org,rec-245-dup-0
rec-246-org,rec-246-dup-0
rec-247-org,rec-247-dup-0
rec-248-org,rec-248-dup-0
rec-249-org,rec-249-dup-0
rec-250-org,rec-250-dup-0
rec-251-org,rec-251-dup-0
rec-252-org,rec-252-dup-0
rec-253-org,rec-253-dup-0
rec-254-org,rec-254-dup-0
rec-255-org,rec-255-dup-0
rec-256-org,rec-256-dup-0
rec-257-org,rec-257-dup-0
rec-258-org,rec-258-dup-0
rec-259-org,rec-259-dup-0
rec-260-org,rec-260-dup-0
rec-261-org,rec-261-dup-0
rec-262-org,rec-262-dup-0
rec-263-org,rec-263-dup-0
rec-264-org,rec-264-dup-0
rec-265-org,rec-265-dup-0
rec-266-org,rec-266-dup-0
rec-267-org,rec-267-dup-0
rec-268-org,rec-268-dup-0
rec-269-org,rec-269-dup-0
rec-270-org,rec-270-dup-0
rec-271-org,rec-271-dup-0
rec-272-org,rec-272-dup-0
rec-273-org,rec-273-dup-0
rec-274-org,rec-274-dup-0
rec-275-org,rec-275-dup-0
rec-276-org,rec-276-dup-0
rec-277-org,rec-277-dup-0
rec-278-org,rec-278-dup-0
rec-279-org,rec-279-dup-0
rec-280-org,rec-280-dup-0
rec-281-org,rec-281-dup-0
rec-282-org,rec-282-dup-0
rec-283-org,rec-283-dup-0
rec-284-org,rec-284-dup-0
rec-285-org,rec-285-dup-0
rec-286-org,rec-286-dup-0
rec-287-org,rec-287-dup-0
rec-288-org,rec-288-dup-0
rec-289-org,rec-289-dup-0
rec-290-org,rec-290-dup-0
rec-291-org,rec-291-dup-0
rec-292-org,rec-292-dup-0
rec-293-org,rec-293-dup-0
rec-294-org,rec-294-dup-0
rec-295-org,rec-295-dup-0
rec-296-org,rec-296-dup-0
rec-297-org,rec-297-dup-0
rec-298-org,rec-298-dup-0
rec-299-org,rec-299-dup-0
rec-300-org,rec-300-dup-0
rec-301-org,rec-301-dup-0
rec-302-org,rec-302-dup-0
rec-303-org,rec-303-dup-0
rec-304-org,rec-304-dup-0
rec-305-org,rec-305-dup-0
rec-306-org,rec-306-dup-0
rec-307-org,rec-307-dup-0
rec-308-org,rec-308-dup-0
rec-309-org,rec-309-dup-0
rec-310-org,rec-310-dup-0
rec-311-org,rec-311-dup-0
rec-312-org,rec-312-dup-0
rec-313-org,rec-313-dup-0
rec-314-org,rec-314-dup-0
rec-315-org,rec-315-dup-0
rec-316-org,rec-316-dup-0
rec-317-org,rec-317-dup-0
rec-318-org,rec-318-dup-0
rec-319-org,rec-319-dup-0
rec-320-org,rec-320-dup-0
rec-321-org,rec-321-dup-0
rec-322-org,rec-322-dup-0
rec-323-org,rec-323-dup-0
rec-324-org,rec-324-dup-0
rec-325-org,rec-325-dup-0
rec-326-org,rec-326-dup-0
rec-327-org,rec-327-dup-0
rec-328-org,rec-328-dup-0
rec-329-org,rec-329-dup-0
rec-330-org,rec-330-dup-0
rec-331-org,rec-331-dup-0
rec-332-org,rec-332-dup-0
rec-333-org,rec-333-dup-0
rec-334-org,rec-334-dup-0
rec-335-org,rec-335-dup-0
rec-336-org,rec-336-dup-0
rec-337-org,rec-337-dup-0
rec-338-org,rec-338-dup-0
rec-339-org,rec-339-dup-0
rec-340-org,rec-340-dup-0
rec-341-org,rec-341-dup-0
rec-342-org,rec-342-dup-0
rec-343-org,rec-343-dup-0
rec-344-org,rec-344-dup-0
rec-345-org,rec-345-dup-0
rec-346-org,rec-346-dup-0
rec-347-org,rec-347-dup-0
rec-348-org,rec-348-dup-0
rec-349-org,rec-349-dup-0
rec-350-org,rec-350-dup-0
rec-351-org,rec-351-dup-0
rec-352-org,rec-352-dup-0
rec-353-org,rec-353-dup-0
rec-354-org,rec-354-dup-0
rec-355-org,rec-355-dup-0
rec-356-org,rec-356-dup-0
rec-357-org,rec-357-dup-0
rec-358-org,rec-358-dup-0
rec-359-org,rec-359-dup-0
rec-360-org,rec-360-dup-0
rec-361-org,rec-361-dup-0
rec-362-org,rec-362-dup-0
rec-363-org,rec-363-dup-0
rec-364-org,rec-364-dup-0
rec-365-org,rec-365-dup-0
rec-366-org,rec-366-dup-0
rec-367-org,rec-367-dup-0
rec-368-org,rec-368-dup-0
rec-369-org,rec-369-dup-0
rec-370-org,rec-370-dup-0
rec-371-org,rec-371-dup-0
rec-372-org,rec-372-dup-0
rec-373-org,rec-373-dup-0
rec-374-org,rec-374-dup-0
rec-375-org,rec-375-dup-0
rec-376-org,rec-376-dup-0
rec-377-org,rec-377-dup-0
rec-378-org,rec-378-dup-0
rec-379-org,rec-379-dup-0
rec-380-org,rec-380-dup-0
rec-381-org,rec-381-dup-0
rec-382-org,rec-382-dup-0
rec-383-org,rec-383-dup-0
rec-384-org,rec-384-dup-0
rec-385-org,rec-385-dup-0
rec-386-org,rec-386-dup-0
rec-387-org,rec-387-dup-0
rec-388-org,rec-388-dup-0
rec-389-org,rec-389-dup-0
rec-390-org,rec-390-dup-0
rec-391-org,rec-391-dup-0
rec-392-org,rec-392-dup-0
rec-393-org,rec-393-dup-0
rec-394-org,rec-394-dup-0
rec-395-org,rec-395-dup-0
rec-396-org,rec-396-dup-0
rec-397-org,rec-397-dup-0
rec-398-org,rec-398-dup-0
rec-399-org,rec-399-dup-0
rec-400-org,rec-400-dup-0
rec-401-org,rec-401-dup-0
rec-402-org,rec-402-dup-0
rec-403-org,rec-403-dup-0
rec-404-org,rec-404-dup-0
rec-405-org,rec-405-dup-0
rec-406-org,rec-406-dup-0
rec-407-org,rec-407-dup-0
rec-408-org,rec-408-dup-0
rec-409-org,rec-409-dup-0
rec-410-org,rec-410-dup-0
rec-411-org,rec-411-dup-0
rec-412-org,rec-412-dup-0
rec-413-org,rec-413-dup-0
rec-414-org,rec-414-dup-0
rec-415-org,rec-415-dup-0
rec-416-org,rec-416-dup-0
rec-417-org,rec-417-dup-0
rec-418-org,rec-418-dup-0
rec-419-org,rec-419-dup-0
rec-420-org,rec-420-dup-0
rec-421-org,rec-421-dup-0
rec-422-org,rec-422-dup-0
rec-423-org,rec-423-dup-0
rec-424-org,rec-424-dup-0
rec-425-org,rec-425-dup-0
rec-426-org,rec-426-dup-0
rec-427-org,rec-427-dup-0
rec-428-org,rec-428-dup-0
rec-429-org,rec-429-dup-0
rec-430-org,rec-430-dup-0
rec-431-org,rec-431-dup-0
rec-432-org,rec-432-dup-0
rec-433-org,rec-433-dup-0
rec-434-org,rec-434-dup-0
rec-435-org,rec-435-dup-0
rec-436-org,rec-436-dup-0
rec-437-org,rec-437-dup-0
rec-438-org,rec-438-dup-0
rec-439-org,rec-439-dup-0
rec-440-org,rec-440-dup-0
rec-441-org,rec-441-dup-0
rec-442-org,rec-442-dup-0
rec-443-org,rec-443-dup-0
rec-444-org,rec-444-dup-0
rec-445-org,rec-445-dup-0
rec-446-org,rec-446-dup-0
rec-447-org,rec-447-dup-0
rec-448-org,rec-448-dup-0
rec-449-org,rec-449-dup-0
rec-450-org,rec-450-dup-0
rec-451-org,rec-451-dup-0
rec-452-org,rec-452-dup-0
rec-453-org,rec-453-dup-0
rec-454-org,rec-454-dup-0
rec-455-org,rec-455-dup-0
rec-456-org,rec-456-dup-0
rec-457-org,rec-457-dup-0
rec-458-org,rec-458-dup-0
rec-459-org,rec-459-dup-0
rec-460-org,rec-460-dup-0
rec-461-org,rec-461-dup-0
rec-462-org,rec-462-dup-0
rec-463-org,rec-463-dup-0
rec-464-org,rec-464-dup-0
rec-465-org,rec-465-dup-0
rec-466-org,rec-466-dup-0
rec-467-org,rec-467-dup-0
rec-468-org,rec-468-dup-0
rec-469-org,rec-469-dup-0
rec-470-org,rec-470-dup-0
rec-471-org,rec-471-dup-0
rec-472-org,rec-472-dup-0
rec-473-org,rec-473-dup-0
rec-474-org,rec-474-dup-0
rec-475-org,rec-475-dup-0
rec-476-org,rec-476-dup-0
rec-477-org,rec-477-dup-0
rec-478-org,rec-478-dup-0
rec-479-org,rec-479-dup-0
rec-480-org,rec-480-dup-0
rec-481-org,rec-481-dup-0
rec-482-org,rec-482-dup-0
rec-483-org,rec-483-dup-0
rec-484-org,rec-484-dup-0
rec-485-org,rec-485-dup-0
rec-486-org,rec-486-dup-0
rec-487-org,rec-487-dup-0
rec-488-org,rec-488-dup-0
rec-489-org,rec-489-dup-0
rec-490-org,rec-490-dup-0
rec-491-org,rec-491-dup-0
rec-492-org,rec-492-dup-0
rec-493-org,rec-493-dup-0
rec-494-org,rec-494-dup-0
rec-495-org,rec-495-dup-0
rec-496-org,rec-496-dup-0
rec-497-org,rec-497-dup-0
rec-498-org,rec-498-dup-0
rec-499-org,rec-499-dup-0
rec-500-org,rec-500-dup-0
rec-501-org,rec-501-dup-0
rec-502-org,rec-502-dup-0
rec-503-org,rec-503-dup-0
rec-504-org,rec-504-dup-0
rec-505-org,rec-505-dup-0
rec-506-org,rec-506-dup-0
rec-507-org,rec-507-dup-0
rec-508-org,rec-508-dup-0
rec-509-org,rec-509-dup-0
rec-510-org,rec-510-dup-0
rec-511-org,rec-511-dup-0
rec-512-org,rec-512-dup-0
rec-513-org,rec-513-dup-0
rec-514-org,rec-514-dup-0
rec-515-org,rec-515-dup-0
rec-516-org,rec-516-dup-0
rec-517-org,rec-517-dup-0
rec-518-org,rec-518-dup-0
rec-519-org,rec-519-dup-0
rec-520-org,rec-520-dup-0
rec-521-org,rec-521-dup-0
rec-522-org,rec-522-dup-0
rec-523-org,rec-523-dup-0
rec-524-org,rec-524-dup-0
rec-525-org,rec-525-dup-0
rec-526-org,rec-526-dup-0
rec-527-org,rec-527-dup-0
rec-528-org,rec-528-dup-0
rec-529-org,rec-529-dup-0
rec-530-org,rec-530-dup-0
rec-531-org,rec-531-dup-0
rec-532-org,rec-532-dup-0
rec-533-org,rec-533-dup-0
rec-534-org,rec-534-dup-0
rec-535-org,rec-535-dup-0
rec-536-org,rec-536-dup-0
rec-537-org,rec-537-dup-0
rec-538-org,rec-538-dup-0
rec-539-org,rec-539-dup-0
rec-540-org,rec-540-dup-0
rec-541-org,rec-541-dup-0
rec-542-org,rec-542-dup-0
rec-543-org,rec-543-dup-0
rec-544-org,rec-544-dup-0
rec-545-org,rec-545-dup-0
rec-546-org,rec-546-dup-0
rec-547-org,rec-547-dup-0
rec-548-org,rec-548-dup-0
rec-549-org,rec-549-dup-0
rec-550-org,rec-550-dup-0
rec-551-org,rec-551-dup-0
rec-552-org,rec-552-dup-0
rec-553-org,rec-553-dup-0
rec-554-org,rec-554-dup-0
rec-555-org,rec-555-dup-0
rec-556-org,rec-556-dup-0
rec-557-org,rec-557-dup-0
rec-558-org,rec-558-dup-0
rec-559-org,rec-559-dup-0
rec-560-org,rec-560-dup-0
rec-561-org,rec-561-dup-0
rec-562-org,rec-562-dup-0
rec-563-org,rec-563-dup-0
rec-564-org,rec-564-dup-0
rec-565-org,rec-565-dup-0
rec-566-org,rec-566-dup-0
rec-567-org,rec-567-dup-0
rec-568-org,rec-568-dup-0
rec-569-org,rec-569-dup-0
rec-570-org,rec-570-dup-0
rec-571-org,rec-571-dup-0
rec-572-org,rec-572-dup-0
rec-573-org,rec-573-dup-0
rec-574-org,rec-574-dup-0
rec-575-org,rec-575-dup-0
rec-576-org,rec-576-dup-0
rec-577-org,rec-577-dup-0
rec-578-org,rec-578-dup-0
rec-579-org,rec-579-dup-0
rec-580-org,rec-580-dup-0
rec-581-org,rec-581-dup-0
rec-582-org,rec-582-dup-0
rec-583-org,rec-583-dup-0
rec-584-org,rec-584-dup-0
rec-585-org,rec-585-dup-0
rec-586-org,rec-586-dup-0
rec-587-org,rec-587-dup-0
rec-588-org,rec-588-dup-0
rec-589-org,rec-589-dup-0
rec-590-org,rec-590-dup-0
rec-591-org,rec-591-dup-0
rec-592-org,rec-592-dup-0
rec-593-org,rec-593-dup-0
rec-594-org,rec-594-dup-0
rec-595-org,rec-595-dup-0
rec-596-org,rec-596-dup-0
rec-597-org,rec-597-dup-0
rec-598-org,rec-598-dup-0
rec-599-org,rec-599-dup-0
rec-600-org,rec-600-dup-0
rec-601-org,rec-601-dup-0
rec-602-org,rec-602-dup-0
rec-603-org,rec-603-dup-0
rec-604-org,rec-604-dup-0
rec-605-org,rec-605-dup-0
rec-606-org,rec-606-dup-0
rec-607-org,rec-607-dup-0
rec-608-org,rec-608-dup-0
rec-609-org,rec-609-dup-0
rec-610-org,rec-610-dup-0
rec-611-org,rec-611-dup-0
rec-612-org,rec-612-dup-0
rec-613-org,rec-613-dup-0
rec-614-org,rec-614-dup-0
rec-615-org,rec-615-dup-0
rec-616-org,rec-616-dup-0
rec-617-org,rec-617-dup-0
rec-618-org,rec-618-dup-0
rec-619-org,rec-619-dup-0
rec-620-org,rec-620-dup-0
rec-621-org,rec-621-dup-0
rec-622-org,rec-622-dup-0
rec-623-org,rec-623-dup-0
rec-624-org,rec-624-dup-0
rec-625-org,rec-625-dup-0
rec-626-org,rec-626-dup-0
rec-627-org,rec-627-dup-0
rec-628-org,rec-628-dup-0
rec-629-org,rec-629-dup-0
rec-630-org,rec-630-dup-0
rec-631-org,rec-631-dup-0
rec-632-org,rec-632-dup-0
rec-633-org,rec-633-dup-0
rec-634-org,rec-634-dup-0
rec-635-org,rec-635-dup-0
rec-636-org,rec-636-dup-0
rec-637-org,rec-637-dup-0
rec-638-org,rec-638-dup-0
rec-639-org,rec-639-dup-0
rec-640-org,rec-640-dup-0
rec-641-org,rec-641-dup-0
rec-642-org,rec-642-dup-0
rec-643-org,rec-643-dup-0
rec-644-org,rec-644-dup-0
rec-645-org,rec-645-dup-0
rec-646-org,rec-646-dup-0
rec-647-org,rec-647-dup-0
rec-648-org,rec-648-dup-0
rec-649-org,rec-649-dup-0
rec-650-org,rec-650-dup-0
rec-651-org,rec-651-dup-0
rec-652-org,rec-652-dup-0
rec-653-org,rec-653-dup-0
rec-654-org,rec-654-dup-0
rec-655-org,rec-655-dup-0
rec-656-org,rec-656-dup-0
rec-657-org,rec-657-dup-0
rec-658-org,rec-658-dup-0
rec-659-org,rec-659-dup-0
rec-660-org,rec-660-dup-0
rec-661-org,rec-661-dup-0
rec-662-org,rec-662-dup-0
rec-663-org,rec-663-dup-0
rec-664-org,rec-664-dup-0
rec-665-org,rec-665-dup-0
rec-666-org,rec-666-dup-0
rec-667-org,rec-667-dup-0
rec-668-org,rec-668-dup-0
rec-669-org,rec-669-dup-0
rec-670-org,rec-670-dup-0
rec-671-org,rec-671-dup-0
rec-672-org,rec-672-dup-0
rec-673-org,rec-673-dup-0
rec-674-org,rec-674-dup-0
rec-675-org,rec-675-dup-0
rec-676-org,rec-676-dup-0
rec-677-org,rec-677-dup-0
rec-678-org,rec-678-dup-0
rec-679-org,rec-679-dup-0
rec-680-org,rec-680-dup-0
rec-681-org,rec-681-dup-0
rec-682-org,rec-682-dup-0
rec-683-org,rec-683-dup-0
rec-684-org,rec-684-dup-0
rec-685-org,rec-685-dup-0
rec-686-org,rec-686-dup-0
rec-687-org,rec-687-dup-0
rec-688-org,rec-688-dup-0
rec-689-org,rec-689-dup-0
rec-690-org,rec-690-dup-0
rec-691-org,rec-691-dup-0
rec-692-org,rec-692-dup-0
rec-693-org,rec-693-dup-0
rec-694-org,rec-694-dup-0
rec-695-org,rec-695-dup-0
rec-696-org,rec-696-dup-0
rec-697-org,rec-697-dup-0
rec-698-org,rec-698-dup-0
rec-699-org,rec-699-dup-0
rec-700-org,rec-700-dup-0
rec-701-org,rec-701-dup-0
rec-702-org,rec-702-dup-0
rec-703-org,rec-703-dup-0
rec-704-org,rec-704-dup-0
rec-705-org,rec-705-dup-0
rec-706-org,rec-706-dup-0
rec-707-org,rec-707-dup-0
rec-708-org,rec-708-dup-0
rec-709-org,rec-709-dup-0
rec-710-org,rec-710-dup-0
rec-711-org,rec-711-dup-0
rec-712-org,rec-712-dup-0
rec-713-org,rec-713-dup-0
rec-714-org,rec-714-dup-0
rec-715-org,rec-715-dup-0
rec-716-org,rec-716-dup-0
rec-717-org,rec-717-dup-0
rec-718-org,rec-718-dup-0
rec-719-org,rec-719-dup-0
rec-720-org,rec-720-dup-0
rec-721-org,rec-721-dup-0
rec-722-org,rec-722-dup-0
rec-723-org,rec-723-dup-0
rec-724-org,rec-724-dup-0
rec-725-org,rec-725-dup-0
rec-726-org,rec-726-dup-0
rec-727-org,rec-727-dup-0
rec-728-org,rec-728-dup-0
rec-729-org,rec-729-dup-0
rec-730-org,rec-730-dup-0
rec-731-org,rec-731-dup-0
rec-732-org,rec-732-dup-0
rec-733-org,rec-733-dup-0
rec-734-org,rec-734-dup-0
rec-735-org,rec-735-dup-0
rec-736-org,rec-736-dup-0
rec-737-org,rec-737-dup-0
rec-738-org,rec-738-dup-0
rec-739-org,rec-739-dup-0
rec-740-org,rec-740-dup-0
rec-741-org,rec-741-dup-0
rec-742-org,rec-742-dup-0
rec-743-org,rec-743-dup-0
rec-744-org,rec-744-dup-0
rec-745-org,rec-745-dup-0
rec-746-org,rec-746-dup-0
rec-747-org,rec-747-dup-0
rec-748-org,rec-748-dup-0
rec-749-org,rec-749-dup-0
rec-750-org,rec-750-dup-0
rec-751-org,rec-751-dup-0
rec-752-org,rec-752-dup-0
rec-753-org,rec-753-dup-0
rec-754-org,rec-754-dup-0
rec-755-org,rec-755-dup-0
rec-756-org,rec-756-dup-0
rec-757-org,rec-757-dup-0
rec-758-org,rec-758-dup-0
rec-759-org,rec-759-dup-0
rec-760-org,rec-760-dup-0
rec-761-org,rec-761-dup-0
rec-762-org,rec-762-dup-0
rec-763-org,rec-763-dup-0
rec-764-org,rec-764-dup-0
rec-765-org,rec-765-dup-0
rec-766-org,rec-766-dup-0
rec-767-org,rec-767-dup-0
rec-768-org,rec-768-dup-0
rec-769-org,rec-769-dup-0
rec-770-org,rec-770-dup-0
rec-771-org,rec-771-dup-0
rec-772-org,rec-772-dup-0
rec-773-org,rec-773-dup-0
rec-774-org,rec-774-dup-0
rec-775-org,rec-775-dup-0
rec-776-org,rec-776-dup-0
rec-777-org,rec-777-dup-0
rec-778-org,rec-778-dup-0
rec-779-org,rec-779-dup-0
rec-780-org,rec-780-dup-0
rec-781-org,rec-781-dup-0
rec-782-org,rec-782-dup-0
rec-783-org,rec-783-dup-0
rec-784-org,rec-784-dup-0
rec-785-org,rec-785-dup-0
rec-786-org,rec-786-dup-0
rec-787-org,rec-787-dup-0
rec-788-org,rec-788-dup-0
rec-789-org,rec-789-dup-0
rec-790-org,rec-790-dup-0
rec-791-org,rec-791-dup-0
rec-792-org,rec-792-dup-0
rec-793-org,rec-793-dup-0
rec-794-org,rec-794-dup-0
rec-795-org,rec-795-dup-0
rec-796-org,rec-796-dup-0
rec-797-org,rec-797-dup-0
rec-798-org,rec-798-dup-0
rec-799-org,rec-799-dup-0
rec-800-org,rec-800-dup-0
rec-801-org,rec-801-dup-0
rec-802-org,rec-802-dup-0
rec-803-org,rec-803-dup-0
rec-804-org,rec-804-dup-0
rec-805-org,rec-805-dup-0
rec-806-org,rec-806-dup-0
rec-807-org,rec-807-dup-0
rec-808-org,rec-808-dup-0
rec-809-org,rec-809-dup-0
rec-810-org,rec-810-dup-0
rec-811-org,rec-811-dup-0
rec-812-org,rec-812-dup-0
rec-813-org,rec-813-dup-0
rec-814-org,rec-814-dup-0
rec-815-org,rec-815-dup-0
rec-816-org,rec-816-dup-0
rec-817-org,rec-817-dup-0
rec-818-org,rec-818-dup-0
rec-819-org,rec-819-dup-0
rec-820-org,rec-820-dup-0
rec-821-org,rec-821-dup-0
rec-822-org,rec-822-dup-0
rec-823-org,rec-823-dup-0
rec-824-org,rec-824-dup-0
rec-825-org,rec-825-dup-0
rec-826-org,rec-826-dup-0
rec-827-org,rec-827-dup-0
rec-828-org,rec-828-dup-0
rec-829-org,rec-829-dup-0
rec-830-org,rec-830-dup-0
rec-831-org,rec-831-dup-0
rec-832-org,rec-832-dup-0
rec-833-org,rec-833-dup-0
rec-834-org,rec-834-dup-0
rec-835-org,rec-835-dup-0
rec-836-org,rec-836-dup-0
rec-837-org,rec-837-dup-0
rec-838-org,rec-838-dup-0
rec-839-org,rec-839-dup-0
rec-840-org,rec-840-dup-0
rec-841-org,rec-841-dup-0
rec-842-org,rec-842-dup-0
rec-843-org,rec-843-dup-0
rec-844-org,rec-844-dup-0
rec-845-org,rec-845-dup-0
rec-846-org,rec-846-dup-0
rec-847-org,rec-847-dup-0
rec-848-org,rec-848-dup-0
rec-849-org,rec-849-dup-0
rec-850-org,rec-850-dup-0
rec-851-org,rec-851-dup-0
rec-852-org,rec-852-dup-0
rec-853-org,rec-853-dup-0
rec-854-org,rec-854-dup-0
rec-855-org,rec-855-dup-0
rec-856-org,rec-856-dup-0
rec-857-org,rec-857-dup-0
rec-858-org,rec-858-dup-0
rec-859-org,rec-859-dup-0
rec-860-org,rec-860-dup-0
rec-861-org,rec-861-dup-0
rec-862-org,rec-862-dup-0
rec-863-org,rec-863-dup-0
rec-864-org,rec-864-dup-0
rec-865-org,rec-865-dup-0
rec-866-org,rec-866-dup-0
rec-867-org,rec-867-dup-0
rec-868-org,rec-868-dup-0
rec-869-org,rec-869-dup-0
rec-870-org,rec-870-dup-0
rec-871-org,rec-871-dup-0
rec-872-org,rec-872-dup-0
rec-873-org,rec-873-dup-0
rec-874-org,rec-874-dup-0
rec-875-org,rec-875-dup-0
rec-876-org,rec-876-dup-0
rec-877-org,rec-877-dup-0
rec-878-org,rec-878-dup-0
rec-879-org,rec-879-dup-0
rec-880-org,rec-880-dup-0
rec-881-org,rec-881-dup-0
rec-882-org,rec-882-dup-0
rec-883-org,rec-883-dup-0
rec-884-org,rec-884-dup-0
rec-885-org,rec-885-dup-0
rec-886-org,rec-886-dup-0
rec-887-org,rec-887-dup-0
rec-888-org,rec-888-dup-0
rec-889-org,rec-889-dup-0
rec-890-org,rec-890-dup-0
rec-891-org,rec-891-dup-0
rec-892-org,rec-892-dup-0
rec-893-org,rec-893-dup-0
rec-894-org,rec-894-dup-0
rec-895-org,rec-895-dup-0
rec-896-org,rec-896-dup-0
rec-897-org,rec-897-dup-0
rec-898-org,rec-898-dup-0
rec-899-org,rec-899-dup-0
rec-900-org,rec-900-dup-0
rec-901-org,rec-901-dup-0
rec-902-org,rec-902-dup-0
rec-903-org,rec-903-dup-0
rec-904-org,rec-904-dup-0
rec-905-org,rec-905-dup-0
rec-906-org,rec-906-dup-0
rec-907-org,rec-907-dup-0
rec-908-org,rec-908-dup-0
rec-909-org,rec-909-dup-0
rec-910-org,rec-910-dup-0
rec-911-org,rec-911-dup-0
rec-912-org,rec-912-dup-0
rec-913-org,rec-913-dup-0
rec-914-org,rec-914-dup-0
rec-915-org,rec-915-dup-0
rec-916-org,rec-916-dup-0
rec-917-org,rec-917-dup-0
rec-918-org,rec-918-dup-0
rec-919-org,rec-919-dup-0
rec-920-org,rec-920-dup-0
rec-921-org,rec-921-dup-0
rec-922-org,rec-922-dup-0
rec-923-org,rec-923-dup-0
rec-924-org,rec-924-dup-0
rec-925-org,rec-925-dup-0
rec-926-org,rec-926-dup-0
rec-927-org,rec-927-dup-0
rec-928-org,rec-928-dup-0
rec-929-org,rec-929-dup-0
rec-930-org,rec-930-dup-0
rec-931-org,rec-931-dup-0
rec-932-org,rec-932-dup-0
rec-933-org,rec-933-dup-0
rec-934-org,rec-934-dup-0
rec-935-org,rec-935-dup-0
rec-936-org,rec-936-dup-0
rec-937-org,rec-937-dup-0
rec-938-org,rec-938-dup-0
rec-939-org,rec-939-dup-0
rec-940-org,rec-940-dup-0
rec-941-org,rec-941-dup-0
rec-942-org,rec-942-dup-0
rec-943-org,rec-943-dup-0
rec-944-org,rec-944-dup-0
rec-945-org,rec-945-dup-0
rec-946-org,rec-946-dup-0
rec-947-org,rec-947-dup-0
rec-948-org,rec-948-dup-0
rec-949-org,rec-949-dup-0
rec-950-org,rec-950-dup-0
rec-951-org,rec-951-dup-0
rec-952-org,rec-952-dup-0
rec-953-org,rec-953-dup-0
rec-954-org,rec-954-dup-0
rec-955-org,rec-955-dup-0
rec-956-org,rec-956-dup-0
rec-957-org,rec-957-dup-0
rec-958-org,rec-958-dup-0
rec-959-org,rec-959-dup-0
rec-960-org,rec-960-dup-0
rec-961-org,rec-961-dup-0
rec-962-org,rec-962-dup-0
rec-963-org,rec-963-dup-0
rec-964-org,rec-964-dup-0
rec-965-org,rec-965-dup-0
rec-966-org,rec-966-dup-0
rec-967-org,rec-967-dup-0
rec-968-org,rec-968-dup-0
rec-969-org,rec-969-dup-0
rec-970-org,rec-970-dup-0
rec-971-org,rec-971-dup-0
rec-972-org,rec-972-dup-0
rec-973-org,rec-973-dup-0
rec-974-org,rec-974-dup-0
rec-975-org,rec-975-dup-0
rec-976-org,rec-976-dup-0
rec-977-org,rec-977-dup-0
rec-978-org,rec-978-dup-0
rec-979-org,rec-979-dup-0
rec-980-org,rec-980-dup-0
rec-981-org,rec-981-dup-0
rec-982-org,rec-982-dup-0
rec-983-org,rec-983-dup-0
rec-984-org,rec-984-dup-0
rec-985-org,rec-985-dup-0
rec-986-org,rec-986-dup-0
rec-987-org,rec-987-dup-0
rec-988-org,rec-988-dup-0
rec-989-org,rec-989-dup-0
rec-990-org,rec-990-dup-0
rec-991-org,rec-991-dup-0
rec-992-org,rec-992-dup-0
rec-993-org,rec-993-dup-0
rec-994-org,rec-994-dup-0
rec-995-org,rec-995-dup-0
rec-996-org,rec-996-dup-0
rec-997-org,rec-997-dup-0
rec-998-org,rec-998-dup-0
rec-999-org,rec-999-dup-0
rec-1000-org,rec-1000-dup-0
rec-1001-org,rec-1001-dup-0
rec-1002-org,rec-1002-dup-0
rec-1003-org,rec-1003-dup-0
rec-1004-org,rec-1004-dup-0
rec-1005-org,rec-1005-dup-0
rec-1006-org,rec-1006-dup-0
rec-1007-org,rec-1007-dup-0
rec-1008-org,rec-1008-dup-0
rec-1009-org,rec-1009-dup-0
rec-1010-org,rec-1010-dup-0
rec-1011-org,rec-1011-dup-0
rec-1012-org,rec-1012-dup-0
rec-1013-org,rec-1013-dup-0
rec-1014-org,rec-1014-dup-0
rec-1015-org,rec-1015-dup-0
rec-1016-org,rec-1016-dup-0
rec-1017-org,rec-1017-dup-0
rec-1018-org,rec-1018-dup-0
rec-1019-org,rec-1019-dup-0
rec-1020-org,rec-1020-dup-0
rec-1021-org,rec-1021-dup-0
rec-1022-org,rec-1022-dup-0
rec-1023-org,rec-1023-dup-0
rec-1024-org,rec-1024-dup-0
rec-1025-org,rec-1025-dup-0
rec-1026-org,rec-1026-dup-0
rec-1027-org,rec-1027-dup-0
rec-1028-org,rec-1028-dup-0
rec-1029-org,rec-1029-dup-0
rec-1030-org,rec-1030-dup-0
rec-1031-org,rec-1031-dup-0
rec-1032-org,rec-1032-dup-0
rec-1033-org,rec-1033-dup-0
rec-1034-org,rec-1034-dup-0
rec-1035-org,rec-1035-dup-0
rec-1036-org,rec-1036-dup-0
rec-1037-org,rec-1037-dup-0
rec-1038-org,rec-1038-dup-0
rec-1039-org,rec-1039-dup-0
rec-1040-org,rec-1040-dup-0
rec-1041-org,rec-1041-dup-0
rec-1042-org,rec-1042-dup-0
rec-1043-org,rec-1043-dup-0
rec-1044-org,rec-1044-dup-0
rec-1045-org,rec-1045-dup-0
rec-1046-org,rec-1046-dup-0
rec-1047-org,rec-1047-dup-0
rec-1048-org,rec-1048-dup-0
rec-1049-org,rec-1049-dup-0
rec-1050-org,rec-1050-dup-0
rec-1051-org,rec-1051-dup-0
rec-1052-org,rec-1052-dup-0
rec-1053-org,rec-1053-dup-0
rec-1054-org,rec-1054-dup-0
rec-1055-org,rec-1055-dup-0
rec-1056-org,rec-1056-dup-0
rec-1057-org,rec-1057-dup-0
rec-1058-org,rec-1058-dup-0
rec-1059-org,rec-1059-dup-0
rec-1060-org,rec-1060-dup-0
rec-1061-org,rec-1061-dup-0
rec-1062-org,rec-1062-dup-0
rec-1063-org,rec-1063-dup-0
rec-1064-org,rec-1064-dup-0
rec-1065-org,rec-1065-dup-0
rec-1066-org,rec-1066-dup-0
rec-1067-org,rec-1067-dup-0
rec-1068-org,rec-1068-dup-0
rec-1069-org,rec-1069-dup-0
rec-1070-org,rec-1070-dup-0
rec-1071-org,rec-1071-dup-0
rec-1072-org,rec-1072-dup-0
rec-1073-org,rec-1073-dup-0
rec-1074-org,rec-1074-dup-0
rec-1075-org,rec-1075-dup-0
rec-1076-org,rec-1076-dup-0
rec-1077-org,rec-1077-dup-0
rec-1078-org,rec-1078-dup-0
rec-1079-org,rec-1079-dup-0
rec-1080-org,rec-1080-dup-0
rec-1081-org,rec-1081-dup-0
rec-1082-org,rec-1082-dup-0
rec-1083-org,rec-1083-dup-0
rec-1084-org,rec-1084-dup-0
rec-1085-org,rec-1085-dup-0
rec-1086-org,rec-1086-dup-0
rec-1087-org,rec-1087-dup-0
rec-1088-org,rec-1088-dup-0
rec-1089-org,rec-1089-dup-0
rec-1090-org,rec-1090-dup-0
rec-1091-org,rec-1091-dup-0
rec-1092-org,rec-1092-dup-0
rec-1093-org,rec-1093-dup-0
rec-1094-org,rec-1094-dup-0
rec-1095-org,rec-1095-dup-0
rec-1096-org,rec-1096-dup-0
rec-1097-org,rec-1097-dup-0
rec-1098-org,rec-1098-dup-0
rec-1099-org,rec-1099-dup-0
rec-1100-org,rec-1100-dup-0
rec-1101-org,rec-1101-dup-0
rec-1102-org,rec-1102-dup-0
rec-1103-org,rec-1103-dup-0
rec-1104-org,rec-1104-dup-0
rec-1105-org,rec-1105-dup-0
rec-1106-org,rec-1106-dup-0
rec-1107-org,rec-1107-dup-0
rec-1108-org,rec-1108-dup-0
rec-1109-org,rec-1109-dup-0
rec-1110-org,rec-1110-dup-0
rec-1111-org,rec-1111-dup-0
rec-1112-org,rec-1112-dup-0
rec-1113-org,rec-1113-dup-0
rec-1114-org,rec-1114-dup-0
rec-1115-org,rec-1115-dup-0
rec-1116-org,rec-1116-dup-0
rec-1117-org,rec-1117-dup-0
rec-1118-org,rec-1118-dup-0
rec-1119-org,rec-1119-dup-0
rec-1120-org,rec-1120-dup-0
rec-1121-org,rec-1121-dup-0
rec-1122-org,rec-1122-dup-0
rec-1123-org,rec-1123-dup-0
rec-1124-org,rec-1124-dup-0
rec-1125-org,rec-1125-dup-0
rec-1126-org,rec-1126-dup-0
rec-1127-org,rec-1127-dup-0
rec-1128-org,rec-1128-dup-0
rec-1129-org,rec-1129-dup-0
rec-1130-org,rec-1130-dup-0
rec-1131-org,rec-1131-dup-0
rec-1132-org,rec-1132-dup-0
rec-1133-org,rec-1133-dup-0
rec-1134-org,rec-1134-dup-0
rec-1135-org,rec-1135-dup-0
rec-1136-org,rec-1136-dup-0
rec-1137-org,rec-1137-dup-0
rec-1138-org,rec-1138-dup-0
rec-1139-org,rec-1139-dup-0
rec-1140-org,rec-1140-dup-0
rec-1141-org,rec-1141-dup-0
rec-1142-org,rec-1142-dup-0
rec-1143-org,rec-1143-dup-0
rec-1144-org,rec-1144-dup-0
rec-1145-org,rec-1145-dup-0
rec-1146-org,rec-1146-dup-0
rec-1147-org,rec-1147-dup-0
rec-1148-org,rec-1148-dup-0
rec-1149-org,rec-1149-dup-0
rec-1150-org,rec-1150-dup-0
rec-1151-org,rec-1151-dup-0
rec-1152-org,rec-1152-dup-0
rec-1153-org,rec-1153-dup-0
rec-1154-org,rec-1154-dup-0
rec-1155-org,rec-1155-dup-0
rec-1156-org,rec-1156-dup-0
rec-1157-org,rec-1157-dup-0
rec-1158-org,rec-1158-dup-0
rec-1159-org,rec-1159-dup-0
rec-1160-org,rec-1160-dup-0
rec-1161-org,rec-1161-dup-0
rec-1162-org,rec-1162-dup-0
rec-1163-org,rec-1163-dup-0
rec-1164-org,rec-1164-dup-0
rec-1165-org,rec-1165-dup-0
rec-1166-org,rec-1166-dup-0
rec-1167-org,rec-1167-dup-0
rec-1168-org,rec-1168-dup-0
rec-1169-org,rec-1169-dup-0
rec-1170-org,rec-1170-dup-0
rec-1171-org,rec-1171-dup-0
rec-1172-org,rec-1172-dup-0
rec-1173-org,rec-1173-dup-0
rec-1174-org,rec-1174-dup-0
rec-1175-org,rec-1175-dup-0
rec-1176-org,rec-1176-dup-0
rec-1177-org,rec-1177-dup-0
rec-1178-org,rec-1178-dup-0
rec-1179-org,rec-1179-dup-0
rec-1180-org,rec-1180-dup-0
rec-1181-org,rec-1181-dup-0
rec-1182-org,rec-1182-dup-0
rec-1183-org,rec-1183-dup-0
rec-1184-org,rec-1184-dup-0
rec-1185-org,rec-1185-dup-0
rec-1186-org,rec-1186-dup-0
rec-1187-org,rec-1187-dup-0
rec-1188-org,rec-1188-dup-0
rec-1189-org,rec-1189-dup-0
rec-1190-org,rec-1190-dup-0
rec-1191-org,rec-1191-dup-0
rec-1192-org,rec-1192-dup-0
rec-1193-org,rec-1193-dup-0
rec-1194-org,rec-1194-dup-0
rec-1195-org,rec-1195-dup-0
rec-1196-org,rec-1196-dup-0
rec-1197-org,rec-1197-dup-0
rec-1198-org,rec-1198-dup-0
rec-1199-org,rec-1199-dup-0
rec-1200-org,rec-1200-dup-0
rec-1201-org,rec-1201-dup-0
rec-1202-org,rec-1202-dup-0
rec-1203-org,rec-1203-dup-0
rec-1204-org,rec-1204-dup-0
rec-1205-org,rec-1205-dup-0
rec-1206-org,rec-1206-dup-0
rec-1207-org,rec-1207-dup-0
rec-1208-org,rec-1208-dup-0
rec-1209-org,rec-1209-dup-0
rec-1210-org,rec-1210-dup-0
rec-1211-org,rec-1211-dup-0
rec-1212-org,rec-1212-dup-0
rec-1213-org,rec-1213-dup-0
rec-1214-org,rec-1214-dup-0
rec-1215-org,rec-1215-dup-0
rec-1216-org,rec-1216-dup-0
rec-1217-org,rec-1217-dup-0
rec-1218-org,rec-1218-dup-0
rec-1219-org,rec-1219-dup-0
rec-1220-org,rec-1220-dup-0
rec-1221-org,rec-1221-dup-0
rec-1222-org,rec-1222-dup-0
rec-1223-org,rec-1223-dup-0
rec-1224-org,rec-1224-dup-0
rec-1225-org,rec-1225-dup-0
rec-1226-org,rec-1226-dup-0
rec-1227-org,rec-1227-dup-0
rec-1228-org,rec-1228-dup-0
rec-1229-org,rec-1229-dup-0
rec-1230-org,rec-1230-dup-0
rec-1231-org,rec-1231-dup-0
rec-1232-org,rec-1232-dup-0
rec-1233-org,rec-1233-dup-0
rec-1234-org,rec-1234-dup-0
rec-1235-org,rec-1235-dup-0
rec-1236-org,rec-1236-dup-0
rec-1237-org,rec-1237-dup-0
rec-1238-org,rec-1238-dup-0
rec-1239-org,rec-1239-dup-0
rec-1240-org,rec-1240-dup-0
rec-1241-org,rec-1241-dup-0
rec-1242-org,rec-1242-dup-0
rec-1243-org,rec-1243-dup-0
rec-1244-org,rec-1244-dup-0
rec-1245-org,rec-1245-dup-0
rec-1246-org,rec-1246-dup-0
rec-1247-org,rec-1247-dup-0
rec-1248-org,rec-1248-dup-0
rec-1249-org,rec-1249-dup-0
rec-1250-org,rec-1250-dup-0
rec-1251-org,rec-1251-dup-0
rec-1252-org,rec-1252-dup-0
rec-1253-org,rec-1253-dup-0
rec-1254-org,rec-1254-dup-0
rec-1255-org,rec-1255-dup-0
rec-1256-org,rec-1256-dup-0
rec-1257-org,rec-1257-dup-0
rec-1258-org,rec-1258-dup-0
rec-1259-org,rec-1259-dup-0
rec-1260-org,rec-1260-dup-0
rec-1261-org,rec-1261-dup-0
rec-1262-org,rec-1262-dup-0
rec-1263-org,rec-1263-dup-0
rec-1264-org,rec-1264-dup-0
rec-1265-org,rec-1265-dup-0
rec-1266-org,rec-1266-dup-0
rec-1267-org,rec-1267-dup-0
rec-1268-org,rec-1268-dup-0
rec-1269-org,rec-1269-dup-0
rec-1270-org,rec-1270-dup-0
rec-1271-org,rec-1271-dup-0
rec-1272-org,rec-1272-dup-0
rec-1273-org,rec-1273-dup-0
rec-1274-org,rec-1274-dup-0
rec-1275-org,rec-1275-dup-0
rec-1276-org,rec-1276-dup-0
rec-1277-org,rec-1277-dup-0
rec-1278-org,rec-1278-dup-0
rec-1279-org,rec-1279-dup-0
rec-1280-org,rec-1280-dup-0
rec-1281-org,rec-1281-dup-0
rec-1282-org,rec-1282-dup-0
rec-1283-org,rec-1283-dup-0
rec-1284-org,rec-1284-dup-0
rec-1285-org,rec-1285-dup-0
rec-1286-org,rec-1286-dup-0
rec-1287-org,rec-1287-dup-0
rec-1288-org,rec-1288-dup-0
rec-1289-org,rec-1289-dup-0
rec-1290-org,rec-1290-dup-0
rec-1291-org,rec-1291-dup-0
rec-1292-org,rec-1292-dup-0
rec-1293-org,rec-1293-dup-0
rec-1294-org,rec-1294-dup-0
rec-1295-org,rec-1295-dup-0
rec-1296-org,rec-1296-dup-0
rec-1297-org,rec-1297-dup-0
rec-1298-org,rec-1298-dup-0
rec-1299-org,rec-1299-dup-0
rec-1300-org,rec-1300-dup-0
rec-1301-org,rec-1301-dup-0
rec-1302-org,rec-1302-dup-0
rec-1303-org,rec-1303-dup-0
rec-1304-org,rec-1304-dup-0
rec-1305-org,rec-1305-dup-0
rec-1306-org,rec-1306-dup-0
rec-1307-org,rec-1307-dup-0
rec-1308-org,rec-1308-dup-0
rec-1309-org,rec-1309-dup-0
rec-1310-org,rec-1310-dup-0
rec-1311-org,rec-1311-dup-0
rec-1312-org,rec-1312-dup-0
rec-1313-org,rec-1313-dup-0
rec-1314-org,rec-1314-dup-0
rec-1315-org,rec-1315-dup-0
rec-1316-org,rec-1316-dup-0
rec-1317-org,rec-1317-dup-0
rec-1318-org,rec-1318-dup-0
rec-1319-org,rec-1319-dup-0
rec-1320-org,rec-1320-dup-0
rec-1321-org,rec-1321-dup-0
rec-1322-org,rec-1322-dup-0
rec-1323-org,rec-1323-dup-0
rec-1324-org,rec-1324-dup-0
rec-1325-org,rec-1325-dup-0
rec-1326-org,rec-1326-dup-0
rec-1327-org,rec-1327-dup-0
rec-1328-org,rec-1328-dup-0
rec-1329-org,rec-1329-dup-0
rec-1330-org,rec-1330-dup-0
rec-1331-org,rec-1331-dup-0
rec-1332-org,rec-1332-dup-0
rec-1333-org,rec-1333-dup-0
rec-1334-org,rec-1334-dup-0
rec-1335-org,rec-1335-dup-0
rec-1336-org,rec-1336-dup-0
rec-1337-org,rec-1337-dup-0
rec-1338-org,rec-1338-dup-0
rec-1339-org,rec-1339-dup-0
rec-1340-org,rec-1340-dup-0
rec-1341-org,rec-1341-dup-0
rec-1342-org,rec-1342-dup-0
rec-1343-org,rec-1343-dup-0
rec-1344-org,rec-1344-dup-0
rec-1345-org,rec-1345-dup-0
rec-1346-org,rec-1346-dup-0
rec-1347-org,rec-1347-dup-0
rec-1348-org,rec-1348-dup-0
rec-1349-org,rec-1349-dup-0
rec-1350-org,rec-1350-dup-0
rec-1351-org,rec-1351-dup-0
rec-1352-org,rec-1352-dup-0
rec-1353-org,rec-1353-dup-0
rec-1354-org,rec-1354-dup-0
rec-1355-org,rec-1355-dup-0
rec-1356-org,rec-1356-dup-0
rec-1357-org,rec-1357-dup-0
rec-1358-org,rec-1358-dup-0
rec-1359-org,rec-1359-dup-0
rec-1360-org,rec-1360-dup-0
rec-1361-org,rec-1361-dup-0
rec-1362-org,rec-1362-dup-0
rec-1363-org,rec-1363-dup-0
rec-1364-org,rec-1364-dup-0
rec-1365-org,rec-1365-dup-0
rec-1366-org,rec-1366-dup-0
rec-1367-org,rec-1367-dup-0
rec-1368-org,rec-1368-dup-0
rec-1369-org,rec-1369-dup-0
rec-1370-org,rec-1370-dup-0
rec-1371-org,rec-1371-dup-0
rec-1372-org,rec-1372-dup-0
rec-1373-org,rec-1373-dup-0
rec-1374-org,rec-1374-dup-0
rec-1375-org,rec-1375-dup-0
rec-1376-org,rec-1376-dup-0
rec-1377-org,rec-1377-dup-0
rec-1378-org,rec-1378-dup-0
rec-1379-org,rec-1379-dup-0
rec-1380-org,rec-1380-dup-0
rec-1381-org,rec-1381-dup-0
rec-1382-org,rec-1382-dup-0
rec-1383-org,rec-1383-dup-0
rec-1384-org,rec-1384-dup-0
rec-1385-org,rec-1385-dup-0
rec-1386-org,rec-1386-dup-0
rec-1387-org,rec-1387-dup-0
rec-1388-org,rec-1388-dup-0
rec-1389-org,rec-1389-dup-0
rec-1390-org,rec-1390-dup-0
rec-1391-org,rec-1391-dup-0
rec-1392-org,rec-1392-dup-0
rec-1393-org,rec-1393-dup-0
rec-1394-org,rec-1394-dup-0
rec-1395-org,rec-1395-dup-0
rec-1396-org,rec-1396-dup-0
rec-1397-org,rec-1397-dup-0
rec-1398-org,rec-1398-dup-0
rec-1399-org,rec-1399-dup-0
rec-1400-org,rec-1400-dup-0
rec-1401-org,rec-1401-dup-0
rec-1402-org,rec-1402-dup-0
rec-1403-org,rec-1403-dup-0
rec-1404-org,rec-1404-dup-0
rec-1405-org,rec-1405-dup-0
rec-1406-org,rec-1406-dup-0
rec-1407-org,rec-1407-dup-0
rec-1408-org,rec-1408-dup-0
rec-1409-org,rec-1409-dup-0
rec-1410-org,rec-1410-dup-0
rec-1411-org,rec-1411-dup-0
rec-1412-org,rec-1412-dup-0
rec-1413-org,rec-1413-dup-0
rec-1414-org,rec-1414-dup-0
rec-1415-org,rec-1415-dup-0
rec-1416-org,rec-1416-dup-0
rec-1417-org,rec-1417-dup-0
rec-1418-org,rec-1418-dup-0
rec-1419-org,rec-1419-dup-0
rec-1420-org,rec-1420-dup-0
rec-1421-org,rec-1421-dup-0
rec-1422-org,rec-1422-dup-0
rec-1423-org,rec-1423-dup-0
rec-1424-org,rec-1424-dup-0
rec-1425-org,rec-1425-dup-0
rec-1426-org,rec-1426-dup-0
rec-1427-org,rec-1427-dup-0
rec-1428-org,rec-1428-dup-0
rec-1429-org,rec-1429-dup-0
rec-1430-org,rec-1430-dup-0
rec-1431-org,rec-1431-dup-0
rec-1432-org,rec-1432-dup-0
rec-1433-org,rec-1433-dup-0
rec-1434-org,rec-1434-dup-0
rec-1435-org,rec-1435-dup-0
rec-1436-org,rec-1436-dup-0
rec-1437-org,rec-1437-dup-0
rec-1438-org,rec-1438-dup-0
rec-1439-org,rec-1439-dup-0
rec-1440-org,rec-1440-dup-0
rec-1441-org,rec-1441-dup-0
rec-1442-org,rec-1442-dup-0
rec-1443-org,rec-1443-dup-0
rec-1444-org,rec-1444-dup-0
rec-1445-org,rec-1445-dup-0
rec-1446-org,rec-1446-dup-0
rec-1447-org,rec-1447-dup-0
rec-1448-org,rec-1448-dup-0
rec-1449-org,rec-1449-dup-0
rec-1450-org,rec-1450-dup-0
rec-1451-org,rec-1451-dup-0
rec-1452-org,rec-1452-dup-0
rec-1453-org,rec-1453-dup-0
rec-1454-org,rec-1454-dup-0
rec-1455-org,rec-1455-dup-0
rec-1456-org,rec-1456-dup-0
rec-1457-org,rec-1457-dup-0
rec-1458-org,rec-1458-dup-0
rec-1459-org,rec-1459-dup-0
rec-1460-org,rec-1460-dup-0
rec-1461-org,rec-1461-dup-0
rec-1462-org,rec-1462-dup-0
rec-1463-org,rec-1463-dup-0
rec-1464-org,rec-1464-dup-0
rec-1465-org,rec-1465-dup-0
rec-1466-org,rec-1466-dup-0
rec-1467-org,rec-1467-dup-0
rec-1468-org,rec-1468-dup-0
rec-1469-org,rec-1469-dup-0
rec-1470-org,rec-1470-dup-0
rec-1471-org,rec-1471-dup-0
rec-1472-org,rec-1472-dup-0
rec-1473-org,rec-1473-dup-0
rec-1474-org,rec-1474-dup-0
rec-1475-org,rec-1475-dup-0
rec-1476-org,rec-1476-dup-0
rec-1477-org,rec-1477-dup-0
rec-1478-org,rec-1478-dup-0
rec-1479-org,rec-1479-dup-0
rec-1480-org,rec-1480-dup-0
rec-1481-org,rec-1481-dup-0
rec-1482-org,rec-1482-dup-0
rec-1483-org,rec-1483-dup-0
rec-1484-org,rec-1484-dup-0
rec-1485-org,rec-1485-dup-0
rec-1486-org,rec-1486-dup-0
rec-1487-org,rec-1487-dup-0
rec-1488-org,rec-1488-dup-0
rec-1489-org,rec-1489-dup-0
rec-1490-org,rec-1490-dup-0
rec-1491-org,rec-1491-dup-0
rec-1492-org,rec-1492-dup-0
rec-1493-org,rec-1493-dup-0
rec-1494-org,rec-1494-dup-0
rec-1495-org,rec-1495-dup-0
rec-1496-org,rec-1496-dup-0
rec-1497-org,rec-1497-dup-0
rec-1498-org,rec-1498-dup-0
rec-1499-org,rec-1499-dup-0
rec-1500-org,rec-1500-dup-0
rec-1501-org,rec-1501-dup-0
rec-1502-org,rec-1502-dup-0
rec-1503-org,rec-1503-dup-0
rec-1504-org,rec-1504-dup-0
rec-1505-org,rec-1505-dup-0
rec-1506-org,rec-1506-dup-0
rec-1507-org,rec-1507-dup-0
rec-1508-org,rec-1508-dup-0
rec-1509-org,rec-1509-dup-0
rec-1510-org,rec-1510-dup-0
rec-1511-org,rec-1511-dup-0
rec-1512-org,rec-1512-dup-0
rec-1513-org,rec-1513-dup-0
rec-1514-org,rec-1514-dup-0
rec-1515-org,rec-1515-dup-0
rec-1516-org,rec-1516-dup-0
rec-1517-org,rec-1517-dup-0
rec-1518-org,rec-1518-dup-0
rec-1519-org,rec-1519-dup-0
rec-1520-org,rec-1520-dup-0
rec-1521-org,rec-1521-dup-0
rec-1522-org,rec-1522-dup-0
rec-1523-org,rec-1523-dup-0
rec-1524-org,rec-1524-dup-0
rec-1525-org,rec-1525-dup-0
rec-1526-org,rec-1526-dup-0
rec-1527-org,rec-1527-dup-0
rec-1528-org,rec-1528-dup-0
rec-1529-org,rec-1529-dup-0
rec-1530-org,rec-1530-dup-0
rec-1531-org,rec-1531-dup-0
rec-1532-org,rec-1532-dup-0
rec-1533-org,rec-1533-dup-0
rec-1534-org,rec-1534-dup-0
rec-1535-org,rec-1535-dup-0
rec-1536-org,rec-1536-dup-0
rec-1537-org,rec-1537-dup-0
rec-1538-org,rec-1538-dup-0
rec-1539-org,rec-1539-dup-0
rec-1540-org,rec-1540-dup-0
rec-1541-org,rec-1541-dup-0
rec-1542-org,rec-1542-dup-0
rec-1543-org,rec-1543-dup-0
rec-1544-org,rec-1544-dup-0
rec-1545-org,rec-1545-dup-0
rec-1546-org,rec-1546-dup-0
rec-1547-org,rec-1547-dup-0
rec-1548-org,rec-1548-dup-0
rec-1549-org,rec-1549-dup-0
rec-1550-org,rec-1550-dup-0
rec-1551-org,rec-1551-dup-0
rec-1552-org,rec-1552-dup-0
rec-1553-org,rec-1553-dup-0
rec-1554-org,rec-1554-dup-0
rec-1555-org,rec-1555-dup-0
rec-1556-org,rec-1556-dup-0
rec-1557-org,rec-1557-dup-0
rec-1558-org,rec-1558-dup-0
rec-1559-org,rec-1559-dup-0
rec-1560-org,rec-1560-dup-0
rec-1561-org,rec-1561-dup-0
rec-1562-org,rec-1562-dup-0
rec-1563-org,rec-1563-dup-0
rec-1564-org,rec-1564-dup-0
rec-1565-org,rec-1565-dup-0
rec-1566-org,rec-1566-dup-0
rec-1567-org,rec-1567-dup-0
rec-1568-org,rec-1568-dup-0
rec-1569-org,rec-1569-dup-0
rec-1570-org,rec-1570-dup-0
rec-1571-org,rec-1571-dup-0
rec-1572-org,rec-1572-dup-0
rec-1573-org,rec-1573-dup-0
rec-1574-org,rec-1574-dup-0
rec-1575-org,rec-1575-dup-0
rec-1576-org,rec-1576-dup-0
rec-1577-org,rec-1577-dup-0
rec-1578-org,rec-1578-dup-0
rec-1579-org,rec-1579-dup-0
rec-1580-org,rec-1580-dup-0
rec-1581-org,rec-1581-dup-0
rec-1582-org,rec-1582-dup-0
rec-1583-org,rec-1583-dup-0
rec-1584-org,rec-1584-dup-0
rec-1585-org,rec-1585-dup-0
rec-1586-org,rec-1586-dup-0
rec-1587-org,rec-1587-dup-0
rec-1588-org,rec-1588-dup-0
rec-1589-org,rec-1589-dup-0
rec-1590-org,rec-1590-dup-0
rec-1591-org,rec-1591-dup-0
rec-1592-org,rec-1592-dup-0
rec-1593-org,rec-1593-dup-0
rec-1594-org,rec-1594-dup-0
rec-1595-org,rec-1595-dup-0
rec-1596-org,rec-1596-dup-0
rec-1597-org,rec-1597-dup-0
rec-1598-org,rec-1598-dup-0
rec-1599-org,rec-1599-dup-0
rec-1600-org,rec-1600-dup-0
rec-1601-org,rec-1601-dup-0
rec-1602-org,rec-1602-dup-0
rec-1603-org,rec-1603-dup-0
rec-1604-org,rec-1604-dup-0
rec-1605-org,rec-1605-dup-0
rec-1606-org,rec-1606-dup-0
rec-1607-org,rec-1607-dup-0
rec-1608-org,rec-1608-dup-0
rec-1609-org,rec-1609-dup-0
rec-1610-org,rec-1610-dup-0
rec-1611-org,rec-1611-dup-0
rec-1612-org,rec-1612-dup-0
rec-1613-org,rec-1613-dup-0
rec-1614-org,rec-1614-dup-0
rec-1615-org,rec-1615-dup-0
rec-1616-org,rec-1616-dup-0
rec-1617-org,rec-1617-dup-0
rec-1618-org,rec-1618-dup-0
rec-1619-org,rec-1619-dup-0
rec-1620-org,rec-1620-dup-0
rec-1621-org,rec-1621-dup-0
rec-1622-org,rec-1622-dup-0
rec-1623-org,rec-1623-dup-0
rec-1624-org,rec-1624-dup-0
rec-1625-org,rec-1625-dup-0
rec-1626-org,rec-1626-dup-0
rec-1627-org,rec-1627-dup-0
rec-1628-org,rec-1628-dup-0
rec-1629-org,rec-1629-dup-0
rec-1630-org,rec-1630-dup-0
rec-1631-org,rec-1631-dup-0
rec-1632-org,rec-1632-dup-0
rec-1633-org,rec-1633-dup-0
rec-1634-org,rec-1634-dup-0
rec-1635-org,rec-1635-dup-0
rec-1636-org,rec-1636-dup-0
rec-1637-org,rec-1637-dup-0
rec-1638-org,rec-1638-dup-0
rec-1639-org,rec-1639-dup-0
rec-1640-org,rec-1640-dup-0
rec-1641-org,rec-1641-dup-0
rec-1642-org,rec-1642-dup-0
rec-1643-org,rec-1643-dup-0
rec-1644-org,rec-1644-dup-0
rec-1645-org,rec-1645-dup-0
rec-1646-org,rec-1646-dup-0
rec-1647-org,rec-1647-dup-0
rec-1648-org,rec-1648-dup-0
rec-1649-org,rec-1649-dup-0
rec-1650-org,rec-1650-dup-0
rec-1651-org,rec-1651-dup-0
rec-1652-org,rec-1652-dup-0
rec-1653-org,rec-1653-dup-0
rec-1654-org,rec-1654-dup-0
rec-1655-org,rec-1655-dup-0
rec-1656-org,rec-1656-dup-0
rec-1657-org,rec-1657-dup-0
rec-1658-org,rec-1658-dup-0
rec-1659-org,rec-1659-dup-0
rec-1660-org,rec-1660-dup-0
rec-1661-org,rec-1661-dup-0
rec-1662-org,rec-1662-dup-0
rec-1663-org,rec-1663-dup-0
rec-1664-org,rec-1664-dup-0
rec-1665-org,rec-1665-dup-0
rec-1666-org,rec-1666-dup-0
rec-1667-org,rec-1667-dup-0
rec-1668-org,rec-1668-dup-0
rec-1669-org,rec-1669-dup-0
rec-1670-org,rec-1670-dup-0
rec-1671-org,rec-1671-dup-0
rec-1672-org,rec-1672-dup-0
rec-1673-org,rec-1673-dup-0
rec-1674-org,rec-1674-dup-0
rec-1675-org,rec-1675-dup-0
rec-1676-org,rec-1676-dup-0
rec-1677-org,rec-1677-dup-0
rec-1678-org,rec-1678-dup-0
rec-1679-org,rec-1679-dup-0
rec-1680-org,rec-1680-dup-0
rec-1681-org,rec-1681-dup-0
rec-1682-org,rec-1682-dup-0
rec-1683-org,rec-1683-dup-0
rec-1684-org,rec-1684-dup-0
rec-1685-org,rec-1685-dup-0
rec-1686-org,rec-1686-dup-0
rec-1687-org,rec-1687-dup-0
rec-1688-org,rec-1688-dup-0
rec-1689-org,rec-1689-dup-0
rec-1690-org,rec-1690-dup-0
rec-1691-org,rec-1691-dup-0
rec-1692-org,rec-1692-dup-0
rec-1693-org,rec-1693-dup-0
rec-1694-org,rec-1694-dup-0
rec-1695-org,rec-1695-dup-0
rec-1696-org,rec-1696-dup-0
rec-1697-org,rec-1697-dup-0
rec-1698-org,rec-1698-dup-0
rec-1699-org,rec-1699-dup-0
rec-1700-org,rec-1700-dup-0
rec-1701-org,rec-1701-dup-0
rec-1702-org,rec-1702-dup-0
rec-1703-org,rec-1703-dup-0
rec-1704-org,rec-1704-dup-0
rec-1705-org,rec-1705-dup-0
rec-1706-org,rec-1706-dup-0
rec-1707-org,rec-1707-dup-0
rec-1708-org,rec-1708-dup-0
rec-1709-org,rec-1709-dup-0
rec-1710-org,rec-1710-dup-0
rec-1711-org,rec-1711-dup-0
rec-1712-org,rec-1712-dup-0
rec-1713-org,rec-1713-dup-0
rec-1714-org,rec-1714-dup-0
rec-1715-org,rec-1715-dup-0
rec-1716-org,rec-1716-dup-0
rec-1717-org,rec-1717-dup-0
rec-1718-org,rec-1718-dup-0
rec-1719-org,rec-1719-dup-0
rec-1720-org,rec-1720-dup-0
rec-1721-org,rec-1721-dup-0
rec-1722-org,rec-1722-dup-0
rec-1723-org,rec-1723-dup-0
rec-1724-org,rec-1724-dup-0
rec-1725-org,rec-1725-dup-0
rec-1726-org,rec-1726-dup-0
rec-1727-org,rec-1727-dup-0
rec-1728-org,rec-1728-dup-0
rec-1729-org,rec-1729-dup-0
rec-1730-org,rec-1730-dup-0
rec-1731-org,rec-1731-dup-0
rec-1732-org,rec-1732-dup-0
rec-1733-org,rec-1733-dup-0
rec-1734-org,rec-1734-dup-0
rec-1735-org,rec-1735-dup-0
rec-1736-org,rec-1736-dup-0
rec-1737-org,rec-1737-dup-0
rec-1738-org,rec-1738-dup-0
rec-1739-org,rec-1739-dup-0
rec-1740-org,rec-1740-dup-0
rec-1741-org,rec-1741-dup-0
rec-1742-org,rec-1742-dup-0
rec-1743-org,rec-1743-dup-0
rec-1744-org,rec-1744-dup-0
rec-1745-org,rec-1745-dup-0
rec-1746-org,rec-1746-dup-0
rec-1747-org,rec-1747-dup-0
rec-1748-org,rec-1748-dup-0
rec-1749-org,rec-1749-dup-0
rec-1750-org,rec-1750-dup-0
rec-1751-org,rec-1751-dup-0
rec-1752-org,rec-1752-dup-0
rec-1753-org,rec-1753-dup-0
rec-1754-org,rec-1754-dup-0
rec-1755-org,rec-1755-dup-0
rec-1756-org,rec-1756-dup-0
rec-1757-org,rec-1757-dup-0
rec-1758-org,rec-1758-dup-0
rec-1759-org,rec-1759-dup-0
rec-1760-org,rec-1760-dup-0
rec-1761-org,rec-1761-dup-0
rec-1762-org,rec-1762-dup-0
rec-1763-org,rec-1763-dup-0
rec-1764-org,rec-1764-dup-0
rec-1765-org,rec-1765-dup-0
rec-1766-org,rec-1766-dup-0
rec-1767-org,rec-1767-dup-0
rec-1768-org,rec-1768-dup-0
rec-1769-org,rec-1769-dup-0
rec-1770-org,rec-1770-dup-0
rec-1771-org,rec-1771-dup-0
rec-1772-org,rec-1772-dup-0
rec-1773-org,rec-1773-dup-0
rec-1774-org,rec-1774-dup-0
rec-1775-org,rec-1775-dup-0
rec-1776-org,rec-1776-dup-0
rec-1777-org,rec-1777-dup-0
rec-1778-org,rec-1778-dup-0
rec-1779-org,rec-1779-dup-0
rec-1780-org,rec-1780-dup-0
rec-1781-org,rec-1781-dup-0
rec-1782-org,rec-1782-dup-0
rec-1783-org,rec-1783-dup-0
rec-1784-org,rec-1784-dup-0
rec-1785-org,rec-1785-dup-0
rec-1786-org,rec-1786-dup-0
rec-1787-org,rec-1787-dup-0
rec-1788-org,rec-1788-dup-0
rec-1789-org,rec-1789-dup-0
rec-1790-org,rec-1790-dup-0
rec-1791-org,rec-1791-dup-0
rec-1792-org,rec-1792-dup-0
rec-1793-org,rec-1793-dup-0
rec-1794-org,rec-1794-dup-0
rec-1795-org,rec-1795-dup-0
rec-1796-org,rec-1796-dup-0
rec-1797-org,rec-1797-dup-0
rec-1798-org,rec-1798-dup-0
rec-1799-org,rec-1799-dup-0
rec-1800-org,rec-1800-dup-0
rec-1801-org,rec-1801-dup-0
rec-1802-org,rec-1802-dup-0
rec-1803-org,rec-1803-dup-0
rec-1804-org,rec-1804-dup-0
rec-1805-org,rec-1805-dup-0
rec-1806-org,rec-1806-dup-0
rec-1807-org,rec-1807-dup-0
rec-1808-org,rec-1808-dup-0
rec-1809-org,rec-1809-dup-0
rec-1810-org,rec-1810-dup-0
rec-1811-org,rec-1811-dup-0
rec-1812-org,rec-1812-dup-0
rec-1813-org,rec-1813-dup-0
rec-1814-org,rec-1814-dup-0
rec-1815-org,rec-1815-dup-0
rec-1816-org,rec-1816-dup-0
rec-1817-org,rec-1817-dup-0
rec-1818-org,rec-1818-dup-0
rec-1819-org,rec-1819-dup-0
rec-1820-org,rec-1820-dup-0
rec-1821-org,rec-1821-dup-0
rec-1822-org,rec-1822-dup-0
rec-1823-org,rec-1823-dup-0
rec-1824-org,rec-1824-dup-0
rec-1825-org,rec-1825-dup-0
rec-1826-org,rec-1826-dup-0
rec-1827-org,rec-1827-dup-0
rec-1828-org,rec-1828-dup-0
rec-1829-org,rec-1829-dup-0
rec-1830-org,rec-1830-dup-0
rec-1831-org,rec-1831-dup-0
rec-1832-org,rec-1832-dup-0
rec-1833-org,rec-1833-dup-0
rec-1834-org,rec-1834-dup-0
rec-1835-org,rec-1835-dup-0
rec-1836-org,rec-1836-dup-0
rec-1837-org,rec-1837-dup-0
rec-1838-org,rec-1838-dup-0
rec-1839-org,rec-1839-dup-0
rec-1840-org,rec-1840-dup-0
rec-1841-org,rec-1841-dup-0
rec-1842-org,rec-1842-dup-0
rec-1843-org,rec-1843-dup-0
rec-1844-org,rec-1844-dup-0
rec-1845-org,rec-1845-dup-0
rec-1846-org,rec-1846-dup-0
rec-1847-org,rec-1847-dup-0
rec-1848-org,rec-1848-dup-0
rec-1849-org,rec-1849-dup-0
rec-1850-org,rec-1850-dup-0
rec-1851-org,rec-1851-dup-0
rec-1852-org,rec-1852-dup-0
rec-1853-org,rec-1853-dup-0
rec-1854-org,rec-1854-dup-0
rec-1855-org,rec-1855-dup-0
rec-1856-org,rec-1856-dup-0
rec-1857-org,rec-1857-dup-0
rec-1858-org,rec-1858-dup-0
rec-1859-org,rec-1859-dup-0
rec-1860-org,rec-1860-dup-0
rec-1861-org,rec-1861-dup-0
rec-1862-org,rec-1862-dup-0
rec-1863-org,rec-1863-dup-0
rec-1864-org,rec-1864-dup-0
rec-1865-org,rec-1865-dup-0
rec-1866-org,rec-1866-dup-0
rec-1867-org,rec-1867-dup-0
rec-1868-org,rec-1868-dup-0
rec-1869-org,rec-1869-dup-0
rec-1870-org,rec-1870-dup-0
rec-1871-org,rec-1871-dup-0
rec-1872-org,rec-1872-dup-0
rec-1873-org,rec-1873-dup-0
rec-1874-org,rec-1874-dup-0
rec-1875-org,rec-1875-dup-0
rec-1876-org,rec-1876-dup-0
rec-1877-org,rec-1877-dup-0
rec-1878-org,rec-1878-dup-0
rec-1879-org,rec-1879-dup-0
rec-1880-org,rec-1880-dup-0
rec-1881-org,rec-1881-dup-0
rec-1882-org,rec-1882-dup-0
rec-1883-org,rec-1883-dup-0
rec-1884-org,rec-1884-dup-0
rec-1885-org,rec-1885-dup-0
rec-1886-org,rec-1886-dup-0
rec-1887-org,rec-1887-dup-0
rec-1888-org,rec-1888-dup-0
rec-1889-org,rec-1889-dup-0
rec-1890-org,rec-1890-dup-0
rec-1891-org,rec-1891-dup-0
rec-1892-org,rec-1892-dup-0
rec-1893-org,rec-1893-dup-0
rec-1894-org,rec-1894-dup-0
rec-1895-org,rec-1895-dup-0
rec-1896-org,rec-1896-dup-0
rec-1897-org,rec-1897-dup-0
rec-1898-org,rec-1898-dup-0
rec-1899-org,rec-1899-dup-0
rec-1900-org,rec-1900-dup-0
rec-1901-org,rec-1901-dup-0
rec-1902-org,rec-1902-dup-0
rec-1903-org,rec-1903-dup-0
rec-1904-org,rec-1904-dup-0
rec-1905-org,rec-1905-dup-0
rec-1906-org,rec-1906-dup-0
rec-1907-org,rec-1907-dup-0
rec-1908-org,rec-1908-dup-0
rec-1909-org,rec-1909-dup-0
rec-1910-org,rec-1910-dup-0
rec-1911-org,rec-1911-dup-0
rec-1912-org,rec-1912-dup-0
rec-1913-org,rec-1913-dup-0
rec-1914-org,rec-1914-dup-0
rec-1915-org,rec-1915-dup-0
rec-1916-org,rec-1916-dup-0
rec-1917-org,rec-1917-dup-0
rec-1918-org,rec-1918-dup-0
rec-1919-org,rec-1919-dup-0
rec-1920-org,rec-1920-dup-0
rec-1921-org,rec-1921-dup-0
rec-1922-org,rec-1922-dup-0
rec-1923-org,rec-1923-dup-0
rec-1924-org,rec-1924-dup-0
rec-1925-org,rec-1925-dup-0
rec-1926-org,rec-1926-dup-0
rec-1927-org,rec-1927-dup-0
rec-1928-org,rec-1928-dup-0
rec-1929-org,rec-1929-dup-0
rec-1930-org,rec-1930-dup-0
rec-1931-org,rec-1931-dup-0
rec-1932-org,rec-1932-dup-0
rec-1933-org,rec-1933-dup-0
rec-1934-org,rec-1934-dup-0
rec-1935-org,rec-1935-dup-0
rec-1936-org,rec-1936-dup-0
rec-1937-org,rec-1937-dup-0
rec-1938-org,rec-1938-dup-0
rec-1939-org,rec-1939-dup-0
rec-1940-org,rec-1940-dup-0
rec-1941-org,rec-1941-dup-0
rec-1942-org,rec-1942-dup-0
rec-1943-org,rec-1943-dup-0
rec-1944-org,rec-1944-dup-0
rec-1945-org,rec-1945-dup-0
rec-1946-org,rec-1946-dup-0
rec-1947-org,rec-1947-dup-0
rec-1948-org,rec-1948-dup-0
rec-1949-org,rec-1949-dup-0
rec-1950-org,rec-1950-dup-0
rec-1951-org,rec-1951-dup-0
rec-1952-org,rec-1952-dup-0
rec-1953-org,rec-1953-dup-0
rec-1954-org,rec-1954-dup-0
rec-1955-org,rec-1955-dup-0
rec-1956-org,rec-1956-dup-0
rec-1957-org,rec-1957-dup-0
rec-1958-org,rec-1958-dup-0
rec-1959-org,rec-1959-dup-0
rec-1960-org,rec-1960-dup-0
rec-1961-org,rec-1961-dup-0
rec-1962-org,rec-1962-dup-0
rec-1963-org,rec-1963-dup-0
rec-1964-org,rec-1964-dup-0
rec-1965-org,rec-1965-dup-0
rec-1966-org,rec-1966-dup-0
rec-1967-org,rec-1967-dup-0
rec-1968-org,rec-1968-dup-0
rec-1969-org,rec-1969-dup-0
rec-1970-org,rec-1970-dup-0
rec-1971-org,rec-1971-dup-0
rec-1972-org,rec-1972-dup-0
rec-1973-org,rec-1973-dup-0
rec-1974-org,rec-1974-dup-0
rec-1975-org,rec-1975-dup-0
rec-1976-org,rec-1976-dup-0
rec-1977-org,rec-1977-dup-0
rec-1978-org,rec-1978-dup-0
rec-1979-org,rec-1979-dup-0
rec-1980-org,rec-1980-dup-0
rec-1981-org,rec-1981-dup-0
rec-1982-org,rec-1982-dup-0
rec-1983-org,rec-1983-dup-0
rec-1984-org,rec-1984-dup-0
rec-1985-org,rec-1985-dup-0
rec-1986-org,rec-1986-dup-0
rec-1987-org,rec-1987-dup-0
rec-1988-org,rec-1988-dup-0
rec-1989-org,rec-1989-dup-0
rec-1990-org,rec-1990-dup-0
rec-1991-org,rec-1991-dup-0
rec-1992-org,rec-1992-dup-0
rec-1993-org,rec-1993-dup-0
rec-1994-org,rec-1994-dup-0
rec-1995-org,rec-1995-dup-0
rec-1996-org,rec-1996-dup-0
rec-1997-org,rec-1997-dup-0
rec-1998-org,rec-1998-dup-0
rec-1999-org,rec-1999-dup-0
rec-2000-org,rec-2000-dup-0
rec-2001-org,rec-2001-dup-0
rec-2002-org,rec-2002-dup-0
rec-2003-org,rec-2003-dup-0
rec-2004-org,rec-2004-dup-0
rec-2005-org,rec-2005-dup-0
rec-2006-org,rec-2006-dup-0
rec-2007-org,rec-2007-dup-0
rec-2008-org,rec-2008-dup-0
rec-2009-org,rec-2009-dup-0
rec-2010-org,rec-2010-dup-0
rec-2011-org,rec-2011-dup-0
rec-2012-org,rec-2012-dup-0
rec-2013-org,rec-2013-dup-0
rec-2014-org,rec-2014-dup-0
rec-2015-org,rec-2015-dup-0
rec-2016-org,rec-2016-dup-0
rec-2017-org,rec-2017-dup-0
rec-2018-org,rec-2018-dup-0
rec-2019-org,rec-2019-dup-0
rec-2020-org,rec-2020-dup-0
rec-2021-org,rec-2021-dup-0
rec-2022-org,rec-2022-dup-0
rec-2023-org,rec-2023-dup-0
rec-2024-org,rec-2024-dup-0
rec-2025-org,rec-2025-dup-0
rec-2026-org,rec-2026-dup-0
rec-2027-org,rec-2027-dup-0
rec-2028-org,rec-2028-dup-0
rec-2029-org,rec-2029-dup-0
rec-2030-org,rec-2030-dup-0
rec-2031-org,rec-2031-dup-0
rec-2032-org,rec-2032-dup-0
rec-2033-org,rec-2033-dup-0
rec-2034-org,rec-2034-dup-0
rec-2035-org,rec-2035-dup-0
rec-2036-org,rec-2036-dup-0
rec-2037-org,rec-2037-dup-0
rec-2038-org,rec-2038-dup-0
rec-2039-org,rec-2039-dup-0
rec-2040-org,rec-2040-dup-0
rec-2041-org,rec-2041-dup-0
rec-2042-org,rec-2042-dup-0
rec-2043-org,rec-2043-dup-0
rec-2044-org,rec-2044-dup-0
rec-2045-org,rec-2045-dup-0
rec-2046-org,rec-2046-dup-0
rec-2047-org,rec-2047-dup-0
rec-2048-org,rec-2048-dup-0
rec-2049-org,rec-2049-dup-0
rec-2050-org,rec-2050-dup-0
rec-2051-org,rec-2051-dup-0
rec-2052-org,rec-2052-dup-0
rec-2053-org,rec-2053-dup-0
rec-2054-org,rec-2054-dup-0
rec-2055-org,rec-2055-dup-0
rec-2056-org,rec-2056-dup-0
rec-2057-org,rec-2057-dup-0
rec-2058-org,rec-2058-dup-0
rec-2059-org,rec-2059-dup-0
rec-2060-org,rec-2060-dup-0
rec-2061-org,rec-2061-dup-0
rec-2062-org,rec-2062-dup-0
rec-2063-org,rec-2063-dup-0
rec-2064-org,rec-2064-dup-0
rec-2065-org,rec-2065-dup-0
rec-2066-org,rec-2066-dup-0
rec-2067-org,rec-2067-dup-0
rec-2068-org,rec-2068-dup-0
rec-2069-org,rec-2069-dup-0
rec-2070-org,rec-2070-dup-0
rec-2071-org,rec-2071-dup-0
rec-2072-org,rec-2072-dup-0
rec-2073-org,rec-2073-dup-0
rec-2074-org,rec-2074-dup-0
rec-2075-org,rec-2075-dup-0
rec-2076-org,rec-2076-dup-0
rec-2077-org,rec-2077-dup-0
rec-2078-org,rec-2078-dup-0
rec-2079-org,rec-2079-dup-0
rec-2080-org,rec-2080-dup-0
rec-2081-org,rec-2081-dup-0
rec-2082-org,rec-2082-dup-0
rec-2083-org,rec-2083-dup-0
rec-2084-org,rec-2084-dup-0
rec-2085-org,rec-2085-dup-0
rec-2086-org,rec-2086-dup-0
rec-2087-org,rec-2087-dup-0
rec-2088-org,rec-2088-dup-0
rec-2089-org,rec-2089-dup-0
rec-2090-org,rec-2090-dup-0
rec-2091-org,rec-2091-dup-0
rec-2092-org,rec-2092-dup-0
rec-2093-org,rec-2093-dup-0
rec-2094-org,rec-2094-dup-0
rec-2095-org,rec-2095-dup-0
rec-2096-org,rec-2096-dup-0
rec-2097-org,rec-2097-dup-0
rec-2098-org,rec-2098-dup-0
rec-2099-org,rec-2099-dup-0
rec-2100-org,rec-2100-dup-0
rec-2101-org,rec-2101-dup-0
rec-2102-org,rec-2102-dup-0
rec-2103-org,rec-2103-dup-0
rec-2104-org,rec-2104-dup-0
rec-2105-org,rec-2105-dup-0
rec-2106-org,rec-2106-dup-0
rec-2107-org,rec-2107-dup-0
rec-2108-org,rec-2108-dup-0
rec-2109-org,rec-2109-dup-0
rec-2110-org,rec-2110-dup-0
rec-2111-org,rec-2111-dup-0
rec-2112-org,rec-2112-dup-0
rec-2113-org,rec-2113-dup-0
rec-2114-org,rec-2114-dup-0
rec-2115-org,rec-2115-dup-0
rec-2116-org,rec-2116-dup-0
rec-2117-org,rec-2117-dup-0
rec-2118-org,rec-2118-dup-0
rec-2119-org,rec-2119-dup-0
rec-2120-org,rec-2120-dup-0
rec-2121-org,rec-2121-dup-0
rec-2122-org,rec-2122-dup-0
rec-2123-org,rec-2123-dup-0
rec-2124-org,rec-2124-dup-0
rec-2125-org,rec-2125-dup-0
rec-2126-org,rec-2126-dup-0
rec-2127-org,rec-2127-dup-0
rec-2128-org,rec-2128-dup-0
rec-2129-org,rec-2129-dup-0
rec-2130-org,rec-2130-dup-0
rec-2131-org,rec-2131-dup-0
rec-2132-org,rec-2132-dup-0
rec-2133-org,rec-2133-dup-0
rec-2134-org,rec-2134-dup-0
rec-2135-org,rec-2135-dup-0
rec-2136-org,rec-2136-dup-0
rec-2137-org,rec-2137-dup-0
rec-2138-org,rec-2138-dup-0
rec-2139-org,rec-2139-dup-0
rec-2140-org,rec-2140-dup-0
rec-2141-org,rec-2141-dup-0
rec-2142-org,rec-2142-dup-0
rec-2143-org,rec-2143-dup-0
rec-2144-org,rec-2144-dup-0
rec-2145-org,rec-2145-dup-0
rec-2146-org,rec-2146-dup-0
rec-2147-org,rec-2147-dup-0
rec-2148-org,rec-2148-dup-0
rec-2149-org,rec-2149-dup-0
rec-2150-org,rec-2150-dup-0
rec-2151-org,rec-2151-dup-0
rec-2152-org,rec-2152-dup-0
rec-2153-org,rec-2153-dup-0
rec-2154-org,rec-2154-dup-0
rec-2155-org,rec-2155-dup-0
rec-2156-org,rec-2156-dup-0
rec-2157-org,rec-2157-dup-0
rec-2158-org,rec-2158-dup-0
rec-2159-org,rec-2159-dup-0
rec-2160-org,rec-2160-dup-0
rec-2161-org,rec-2161-dup-0
rec-2162-org,rec-2162-dup-0
rec-2163-org,rec-2163-dup-0
rec-2164-org,rec-2164-dup-0
rec-2165-org,rec-2165-dup-0
rec-2166-org,rec-2166-dup-0
rec-2167-org,rec-2167-dup-0
rec-2168-org,rec-2168-dup-0
rec-2169-org,rec-2169-dup-0
rec-2170-org,rec-2170-dup-0
rec-2171-org,rec-2171-dup-0
rec-2172-org,rec-2172-dup-0
rec-2173-org,rec-2173-dup-0
rec-2174-org,rec-2174-dup-0
rec-2175-org,rec-2175-dup-0
rec-2176-org,rec-2176-dup-0
rec-2177-org,rec-2177-dup-0
rec-2178-org,rec-2178-dup-0
rec-2179-org,rec-2179-dup-0
rec-2180-org,rec-2180-dup-0
rec-2181-org,rec-2181-dup-0
rec-2182-org,rec-2182-dup-0
rec-2183-org,rec-2183-dup-0
rec-2184-org,rec-2184-dup-0
rec-2185-org,rec-2185-dup-0
rec-2186-org,rec-2186-dup-0
rec-2187-org,rec-2187-dup-0
rec-2188-org,rec-2188-dup-0
rec-2189-org,rec-2189-dup-0
rec-2190-org,rec-2190-dup-0
rec-2191-org,rec-2191-dup-0
rec-2192-org,rec-2192-dup-0
rec-2193-org,rec-2193-dup-0
rec-2194-org,rec-2194-dup-0
rec-2195-org,rec-2195-dup-0
rec-2196-org,rec-2196-dup-0
rec-2197-org,rec-2197-dup-0
rec-2198-org,rec-2198-dup-0
rec-2199-org,rec-2199-dup-0
rec-2200-org,rec-2200-dup-0
rec-2201-org,rec-2201-dup-0
rec-2202-org,rec-2202-dup-0
rec-2203-org,rec-2203-dup-0
rec-2204-org,rec-2204-dup-0
rec-2205-org,rec-2205-dup-0
rec-2206-org,rec-2206-dup-0
rec-2207-org,rec-2207-dup-0
rec-2208-org,rec-2208-dup-0
rec-2209-org,rec-2209-dup-0
rec-2210-org,rec-2210-dup-0
rec-2211-org,rec-2211-dup-0
rec-2212-org,rec-2212-dup-0
rec-2213-org,rec-2213-dup-0
rec-2214-org,rec-2214-dup-0
rec-2215-org,rec-2215-dup-0
rec-2216-org,rec-2216-dup-0
rec-2217-org,rec-2217-dup-0
rec-2218-org,rec-2218-dup-0
rec-2219-org,rec-2219-dup-0
rec-2220-org,rec-2220-dup-0
rec-2221-org,rec-2221-dup-0
rec-2222-org,rec-2222-dup-0
rec-2223-org,rec-2223-dup-0
rec-2224-org,rec-2224-dup-0
rec-2225-org,rec-2225-dup-0
rec-2226-org,rec-2226-dup-0
rec-2227-org,rec-2227-dup-0
rec-2228-org,rec-2228-dup-0
rec-2229-org,rec-2229-dup-0
rec-2230-org,rec-2230-dup-0
rec-2231-org,rec-2231-dup-0
rec-2232-org,rec-2232-dup-0
rec-2233-org,rec-2233-dup-0
rec-2234-org,rec-2234-dup-0
rec-2235-org,rec-2235-dup-0
rec-2236-org,rec-2236-dup-0
rec-2237-org,rec-2237-dup-0
rec-2238-org,rec-2238-dup-0
rec-2239-org,rec-2239-dup-0
rec-2240-org,rec-2240-dup-0
rec-2241-org,rec-2241-dup-0
rec-2242-org,rec-2242-dup-0
rec-2243-org,rec-2243-dup-0
rec-2244-org,rec-2244-dup-0
rec-2245-org,rec-2245-dup-0
rec-2246-org,rec-2246-dup-0
rec-2247-org,rec-2247-dup-0
rec-2248-org,rec-2248-dup-0
rec-2249-org,rec-2249-dup-0
rec-2250-org,rec-2250-dup-0
rec-2251-org,rec-2251-dup-0
rec-2252-org,rec-2252-dup-0
rec-2253-org,rec-2253-dup-0
rec-2254-org,rec-2254-dup-0
rec-2255-org,rec-2255-dup-0
rec-2256-org,rec-2256-dup-0
rec-2257-org,rec-2257-dup-0
rec-2258-org,rec-2258-dup-0
rec-2259-org,rec-2259-dup-0
rec-2260-org,rec-2260-dup-0
rec-2261-org,rec-2261-dup-0
rec-2262-org,rec-2262-dup-0
rec-2263-org,rec-2263-dup-0
rec-2264-org,rec-2264-dup-0
rec-2265-org,rec-2265-dup-0
rec-2266-org,rec-2266-dup-0
rec-2267-org,rec-2267-dup-0
rec-2268-org,rec-2268-dup-0
rec-2269-org,rec-2269-dup-0
rec-2270-org,rec-2270-dup-0
rec-2271-org,rec-2271-dup-0
rec-2272-org,rec-2272-dup-0
rec-2273-org,rec-2273-dup-0
rec-2274-org,rec-2274-dup-0
rec-2275-org,rec-2275-dup-0
rec-2276-org,rec-2276-dup-0
rec-2277-org,rec-2277-dup-0
rec-2278-org,rec-2278-dup-0
rec-2279-org,rec-2279-dup-0
rec-2280-org,rec-2280-dup-0
rec-2281-org,rec-2281-dup-0
rec-2282-org,rec-2282-dup-0
rec-2283-org,rec-2283-dup-0
rec-2284-org,rec-2284-dup-0
rec-2285-org,rec-2285-dup-0
rec-2286-org,rec-2286-dup-0
rec-2287-org,rec-2287-dup-0
rec-2288-org,rec-2288-dup-0
rec-2289-org,rec-2289-dup-0
rec-2290-org,rec-2290-dup-0
rec-2291-org,rec-2291-dup-0
rec-2292-org,rec-2292-dup-0
rec-2293-org,rec-2293-dup-0
rec-2294-org,rec-2294-dup-0
rec-2295-org,rec-2295-dup-0
rec-2296-org,rec-2296-dup-0
rec-2297-org,rec-2297-dup-0
rec-2298-org,rec-2298-dup-0
rec-2299-org,rec-2299-dup-0
rec-2300-org,rec-2300-dup-0
rec-2301-org,rec-2301-dup-0
rec-2302-org,rec-2302-dup-0
rec-2303-org,rec-2303-dup-0
rec-2304-org,rec-2304-dup-0
rec-2305-org,rec-2305-dup-0
rec-2306-org,rec-2306-dup-0
rec-2307-org,rec-2307-dup-0
rec-2308-org,rec-2308-dup-0
rec-2309-org,rec-2309-dup-0
rec-2310-org,rec-2310-dup-0
rec-2311-org,rec-2311-dup-0
rec-2312-org,rec-2312-dup-0
rec-2313-org,rec-2313-dup-0
rec-2314-org,rec-2314-dup-0
rec-2315-org,rec-2315-dup-0
rec-2316-org,rec-2316-dup-0
rec-2317-org,rec-2317-dup-0
rec-2318-org,rec-2318-dup-0
rec-2319-org,rec-2319-dup-0
rec-2320-org,rec-2320-dup-0
rec-2321-org,rec-2321-dup-0
rec-2322-org,rec-2322-dup-0
rec-2323-org,rec-2323-dup-0
rec-2324-org,rec-2324-dup-0
rec-2325-org,rec-2325-dup-0
rec-2326-org,rec-2326-dup-0
rec-2327-org,rec-2327-dup-0
rec-2328-org,rec-2328-dup-0
rec-2329-org,rec-2329-dup-0
rec-2330-org,rec-2330-dup-0
rec-2331-org,rec-2331-dup-0
rec-2332-org,rec-2332-dup-0
rec-2333-org,rec-2333-dup-0
rec-2334-org,rec-2334-dup-0
rec-2335-org,rec-2335-dup-0
rec-2336-org,rec-2336-dup-0
rec-2337-org,rec-2337-dup-0
rec-2338-org,rec-2338-dup-0
rec-2339-org,rec-2339-dup-0
rec-2340-org,rec-2340-dup-0
rec-2341-org,rec-2341-dup-0
rec-2342-org,rec-2342-dup-0
rec-2343-org,rec-2343-dup-0
rec-2344-org,rec-2344-dup-0
rec-2345-org,rec-2345-dup-0
rec-2346-org,rec-2346-dup-0
rec-2347-org,rec-2347-dup-0
rec-2348-org,rec-2348-dup-0
rec-2349-org,rec-2349-dup-0
rec-2350-org,rec-2350-dup-0
rec-2351-org,rec-2351-dup-0
rec-2352-org,rec-2352-dup-0
rec-2353-org,rec-2353-dup-0
rec-2354-org,rec-2354-dup-0
rec-2355-org,rec-2355-dup-0
rec-2356-org,rec-2356-dup-0
rec-2357-org,rec-2357-dup-0
rec-2358-org,rec-2358-dup-0
rec-2359-org,rec-2359-dup-0
rec-2360-org,rec-2360-dup-0
rec-2361-org,rec-2361-dup-0
rec-2362-org,rec-2362-dup-0
rec-2363-org,rec-2363-dup-0
rec-2364-org,rec-2364-dup-0
rec-2365-org,rec-2365-dup-0
rec-2366-org,rec-2366-dup-0
rec-2367-org,rec-2367-dup-0
rec-2368-org,rec-2368-dup-0
rec-2369-org,rec-2369-dup-0
rec-2370-org,rec-2370-dup-0
rec-2371-org,rec-2371-dup-0
rec-2372-org,rec-2372-dup-0
rec-2373-org,rec-2373-dup-0
rec-2374-org,rec-2374-dup-0
rec-2375-org,rec-2375-dup-0
rec-2376-org,rec-2376-dup-0
rec-2377-org,rec-2377-dup-0
rec-2378-org,rec-2378-dup-0
rec-2379-org,rec-2379-dup-0
rec-2380-org,rec-2380-dup-0
rec-2381-org,rec-2381-dup-0
rec-2382-org,rec-2382-dup-0
rec-2383-org,rec-2383-dup-0
rec-2384-org,rec-2384-dup-0
rec-2385-org,rec-2385-dup-0
rec-2386-org,rec-2386-dup-0
rec-2387-org,rec-2387-dup-0
rec-2388-org,rec-2388-dup-0
rec-2389-org,rec-2389-dup-0
rec-2390-org,rec-2390-dup-0
rec-2391-org,rec-2391-dup-0
rec-2392-org,rec-2392-dup-0
rec-2393-org,rec-2393-dup-0
rec-2394-org,rec-2394-dup-0
rec-2395-org,rec-2395-dup-0
rec-2396-org,rec-2396-dup-0
rec-2397-org,rec-2397-dup-0
rec-2398-org,rec-2398-dup-0
rec-2399-org,rec-2399-dup-0
rec-2400-org,rec-2400-dup-0
rec-2401-org,rec-2401-dup-0
rec-2402-org,rec-2402-dup-0
rec-2403-org,rec-2403-dup-0
rec-2404-org,rec-2404-dup-0
rec-2405-org,rec-2405-dup-0
rec-2406-org,rec-2406-dup-0
rec-2407-org,rec-2407-dup-0
rec-2408-org,rec-2408-dup-0
rec-2409-org,rec-2409-dup-0
rec-2410-org,rec-2410-dup-0
rec-2411-org,rec-2411-dup-0
rec-2412-org,rec-2412-dup-0
rec-2413-org,rec-2413-dup-0
rec-2414-org,rec-2414-dup-0
rec-2415-org,rec-2415-dup-0
rec-2416-org,rec-2416-dup-0
rec-2417-org,rec-2417-dup-0
rec-2418-org,rec-2418-dup-0
rec-2419-org,rec-2419-dup-0
rec-2420-org,rec-2420-dup-0
rec-2421-org,rec-2421-dup-0
rec-2422-org,rec-2422-dup-0
rec-2423-org,rec-2423-dup-0
rec-2424-org,rec-2424-dup-0
rec-2425-org,rec-2425-dup-0
rec-2426-org,rec-2426-dup-0
rec-2427-org,rec-2427-dup-0
rec-2428-org,rec-2428-dup-0
rec-2429-org,rec-2429-dup-0
rec-2430-org,rec-2430-dup-0
rec-2431-org,rec-2431-dup-0
rec-2432-org,rec-2432-dup-0
rec-2433-org,rec-2433-dup-0
rec-2434-org,rec-2434-dup-0
rec-2435-org,rec-2435-dup-0
rec-2436-org,rec-2436-dup-0
rec-2437-org,rec-2437-dup-0
rec-2438-org,rec-2438-dup-0
rec-2439-org,rec-2439-dup-0
rec-2440-org,rec-2440-dup-0
rec-2441-org,rec-2441-dup-0
rec-2442-org,rec-2442-dup-0
rec-2443-org,rec-2443-dup-0
rec-2444-org,rec-2444-dup-0
rec-2445-org,rec-2445-dup-0
rec-2446-org,rec-2446-dup-0
rec-2447-org,rec-2447-dup-0
rec-2448-org,rec-2448-dup-0
rec-2449-org,rec-2449-dup-0
rec-2450-org,rec-2450-dup-0
rec-2451-org,rec-2451-dup-0
rec-2452-org,rec-2452-dup-0
rec-2453-org,rec-2453-dup-0
rec-2454-org,rec-2454-dup-0
rec-2455-org,rec-2455-dup-0
rec-2456-org,rec-2456-dup-0
rec-2457-org,rec-2457-dup-0
rec-2458-org,rec-2458-dup-0
rec-2459-org,rec-2459-dup-0
rec-2460-org,rec-2460-dup-0
rec-2461-org,rec-2461-dup-0
rec-2462-org,rec-2462-dup-0
rec-2463-org,rec-2463-dup-0
rec-2464-org,rec-2464-dup-0
rec-2465-org,rec-2465-dup-0
rec-2466-org,rec-2466-dup-0
rec-2467-org,rec-2467-dup-0
rec-2468-org,rec-2468-dup-0
rec-2469-org,rec-2469-dup-0
rec-2470-org,rec-2470-dup-0
rec-2471-org,rec-2471-dup-0
rec-2472-org,rec-2472-dup-0
rec-2473-org,rec-2473-dup-0
rec-2474-org,rec-2474-dup-0
rec-2475-org,rec-2475-dup-0
rec-2476-org,rec-2476-dup-0
rec-2477-org,rec-2477-dup-0
rec-2478-org,rec-2478-dup-0
rec-2479-org,rec-2479-dup-0
rec-2480-org,rec-2480-dup-0
rec-2481-org,rec-2481-dup-0
rec-2482-org,rec-2482-dup-0
rec-2483-org,rec-2483-dup-0
rec-2484-org,rec-2484-dup-0
rec-2485-org,rec-2485-dup-0
rec-2486-org,rec-2486-dup-0
rec-2487-org,rec-2487-dup-0
rec-2488-org,rec-2488-dup-0
rec-2489-org,rec-2489-dup-0
rec-2490-org,rec-2490-dup-0
rec-2491-org,rec-2491-dup-0
rec-2492-org,rec-2492-dup-0
rec-2493-org,rec-2493-dup-0
rec-2494-org,rec-2494-dup-0
rec-2495-org,rec-2495-dup-0
rec-2496-org,rec-2496-dup-0
rec-2497-org,rec-2497-dup-0
rec-2498-org,rec-2498-dup-0
rec-2499-org,rec-2499-dup-0
rec-2500-org,rec-2500-dup-0
rec-2501-org,rec-2501-dup-0
rec-2502-org,rec-2502-dup-0
rec-2503-org,rec-2503-dup-0
rec-2504-org,rec-2504-dup-0
rec-2505-org,rec-2505-dup-0
rec-2506-org,rec-2506-dup-0
rec-2507-org,rec-2507-dup-0
rec-2508-org,rec-2508-dup-0
rec-2509-org,rec-2509-dup-0
rec-2510-org,rec-2510-dup-0
rec-2511-org,rec-2511-dup-0
rec-2512-org,rec-2512-dup-0
rec-2513-org,rec-2513-dup-0
rec-2514-org,rec-2514-dup-0
rec-2515-org,rec-2515-dup-0
rec-2516-org,rec-2516-dup-0
rec-2517-org,rec-2517-dup-0
rec-2518-org,rec-2518-dup-0
rec-2519-org,rec-2519-dup-0
rec-2520-org,rec-2520-dup-0
rec-2521-org,rec-2521-dup-0
rec-2522-org,rec-2522-dup-0
rec-2523-org,rec-2523-dup-0
rec-2524-org,rec-2524-dup-0
rec-2525-org,rec-2525-dup-0
rec-2526-org,rec-2526-dup-0
rec-2527-org,rec-2527-dup-0
rec-2528-org,rec-2528-dup-0
rec-2529-org,rec-2529-dup-0
rec-2530-org,rec-2530-dup-0
rec-2531-org,rec-2531-dup-0
rec-2532-org,rec-2532-dup-0
rec-2533-org,rec-2533-dup-0
rec-2534-org,rec-2534-dup-0
rec-2535-org,rec-2535-dup-0
rec-2536-org,rec-2536-dup-0
rec-2537-org,rec-2537-dup-0
rec-2538-org,rec-2538-dup-0
rec-2539-org,rec-2539-dup-0
rec-2540-org,rec-2540-dup-0
rec-2541-org,rec-2541-dup-0
rec-2542-org,rec-2542-dup-0
rec-2543-org,rec-2543-dup-0
rec-2544-org,rec-2544-dup-0
rec-2545-org,rec-2545-dup-0
rec-2546-org,rec-2546-dup-0
rec-2547-org,rec-2547-dup-0
rec-2548-org,rec-2548-dup-0
rec-2549-org,rec-2549-dup-0
rec-2550-org,rec-2550-dup-0
rec-2551-org,rec-2551-dup-0
rec-2552-org,rec-2552-dup-0
rec-2553-org,rec-2553-dup-0
rec-2554-org,rec-2554-dup-0
rec-2555-org,rec-2555-dup-0
rec-2556-org,rec-2556-dup-0
rec-2557-org,rec-2557-dup-0
rec-2558-org,rec-2558-dup-0
rec-2559-org,rec-2559-dup-0
rec-2560-org,rec-2560-dup-0
rec-2561-org,rec-2561-dup-0
rec-2562-org,rec-2562-dup-0
rec-2563-org,rec-2563-dup-0
rec-2564-org,rec-2564-dup-0
rec-2565-org,rec-2565-dup-0
rec-2566-org,rec-2566-dup-0
rec-2567-org,rec-2567-dup-0
rec-2568-org,rec-2568-dup-0
rec-2569-org,rec-2569-dup-0
rec-2570-org,rec-2570-dup-0
rec-2571-org,rec-2571-dup-0
rec-2572-org,rec-2572-dup-0
rec-2573-org,rec-2573-dup-0
rec-2574-org,rec-2574-dup-0
rec-2575-org,rec-2575-dup-0
rec-2576-org,rec-2576-dup-0
rec-2577-org,rec-2577-dup-0
rec-2578-org,rec-2578-dup-0
rec-2579-org,rec-2579-dup-0
rec-2580-org,rec-2580-dup-0
rec-2581-org,rec-2581-dup-0
rec-2582-org,rec-2582-dup-0
rec-2583-org,rec-2583-dup-0
rec-2584-org,rec-2584-dup-0
rec-2585-org,rec-2585-dup-0
rec-2586-org,rec-2586-dup-0
rec-2587-org,rec-2587-dup-0
rec-2588-org,rec-2588-dup-0
rec-2589-org,rec-2589-dup-0
rec-2590-org,rec-2590-dup-0
rec-2591-org,rec-2591-dup-0
rec-2592-org,rec-2592-dup-0
rec-2593-org,rec-2593-dup-0
rec-2594-org,rec-2594-dup-0
rec-2595-org,rec-2595-dup-0
rec-2596-org,rec-2596-dup-0
rec-2597-org,rec-2597-dup-0
rec-2598-org,rec-2598-dup-0
rec-2599-org,rec-2599-dup-0
rec-2600-org,rec-2600-dup-0
rec-2601-org,rec-2601-dup-0
rec-2602-org,rec-2602-dup-0
rec-2603-org,rec-2603-dup-0
rec-2604-org,rec-2604-dup-0
rec-2605-org,rec-2605-dup-0
rec-2606-org,rec-2606-dup-0
rec-2607-org,rec-2607-dup-0
rec-2608-org,rec-2608-dup-0
rec-2609-org,rec-2609-dup-0
rec-2610-org,rec-2610-dup-0
rec-2611-org,rec-2611-dup-0
rec-2612-org,rec-2612-dup-0
rec-2613-org,rec-2613-dup-0
rec-2614-org,rec-2614-dup-0
rec-2615-org,rec-2615-dup-0
rec-2616-org,rec-2616-dup-0
rec-2617-org,rec-2617-dup-0
rec-2618-org,rec-2618-dup-0
rec-2619-org,rec-2619-dup-0
rec-2620-org,rec-2620-dup-0
rec-2621-org,rec-2621-dup-0
rec-2622-org,rec-2622-dup-0
rec-2623-org,rec-2623-dup-0
rec-2624-org,rec-2624-dup-0
rec-2625-org,rec-2625-dup-0
rec-2626-org,rec-2626-dup-0
rec-2627-org,rec-2627-dup-0
rec-2628-org,rec-2628-dup-0
rec-2629-org,rec-2629-dup-0
rec-2630-org,rec-2630-dup-0
rec-2631-org,rec-2631-dup-0
rec-2632-org,rec-2632-dup-0
rec-2633-org,rec-2633-dup-0
rec-2634-org,rec-2634-dup-0
rec-2635-org,rec-2635-dup-0
rec-2636-org,rec-2636-dup-0
rec-2637-org,rec-2637-dup-0
rec-2638-org,rec-2638-dup-0
rec-2639-org,rec-2639-dup-0
rec-2640-org,rec-2640-dup-0
rec-2641-org,rec-2641-dup-0
rec-2642-org,rec-2642-dup-0
rec-2643-org,rec-2643-dup-0
rec-2644-org,rec-2644-dup-0
rec-2645-org,rec-2645-dup-0
rec-2646-org,rec-2646-dup-0
rec-2647-org,rec-2647-dup-0
rec-2648-org,rec-2648-dup-0
rec-2649-org,rec-2649-dup-0
rec-2650-org,rec-2650-dup-0
rec-2651-org,rec-2651-dup-0
rec-2652-org,rec-2652-dup-0
rec-2653-org,rec-2653-dup-0
rec-2654-org,rec-2654-dup-0
rec-2655-org,rec-2655-dup-0
rec-2656-org,rec-2656-dup-0
rec-2657-org,rec-2657-dup-0
rec-2658-org,rec-2658-dup-0
rec-2659-org,rec-2659-dup-0
rec-2660-org,rec-2660-dup-0
rec-2661-org,rec-2661-dup-0
rec-2662-org,rec-2662-dup-0
rec-2663-org,rec-2663-dup-0
rec-2664-org,rec-2664-dup-0
rec-2665-org,rec-2665-dup-0
rec-2666-org,rec-2666-dup-0
rec-2667-org,rec-2667-dup-0
rec-2668-org,rec-2668-dup-0
rec-2669-org,rec-2669-dup-0
rec-2670-org,rec-2670-dup-0
rec-2671-org,rec-2671-dup-0
rec-2672-org,rec-2672-dup-0
rec-2673-org,rec-2673-dup-0
rec-2674-org,rec-2674-dup-0
rec-2675-org,rec-2675-dup-0
rec-2676-org,rec-2676-dup-0
rec-2677-org,rec-2677-dup-0
rec-2678-org,rec-2678-dup-0
rec-2679-org,rec-2679-dup-0
rec-2680-org,rec-2680-dup-0
rec-2681-org,rec-2681-dup-0
rec-2682-org,rec-2682-dup-0
rec-2683-org,rec-2683-dup-0
rec-2684-org,rec-2684-dup-0
rec-2685-org,rec-2685-dup-0
rec-2686-org,rec-2686-dup-0
rec-2687-org,rec-2687-dup-0
rec-2688-org,rec-2688-dup-0
rec-2689-org,rec-2689-dup-0
rec-2690-org,rec-2690-dup-0
rec-2691-org,rec-2691-dup-0
rec-2692-org,rec-2692-dup-0
rec-2693-org,rec-2693-dup-0
rec-2694-org,rec-2694-dup-0
rec-2695-org,rec-2695-dup-0
rec-2696-org,rec-2696-dup-0
rec-2697-org,rec-2697-dup-0
rec-2698-org,rec-2698-dup-0
rec-2699-org,rec-2699-dup-0
rec-2700-org,rec-2700-dup-0
rec-2701-org,rec-2701-dup-0
rec-2702-org,rec-2702-dup-0
rec-2703-org,rec-2703-dup-0
rec-2704-org,rec-2704-dup-0
rec-2705-org,rec-2705-dup-0
rec-2706-org,rec-2706-dup-0
rec-2707-org,rec-2707-dup-0
rec-2708-org,rec-2708-dup-0
rec-2709-org,rec-2709-dup-0
rec-2710-org,rec-2710-dup-0
rec-2711-org,rec-2711-dup-0
rec-2712-org,rec-2712-dup-0
rec-2713-org,rec-2713-dup-0
rec-2714-org,rec-2714-dup-0
rec-2715-org,rec-2715-dup-0
rec-2716-org,rec-2716-dup-0
rec-2717-org,rec-2717-dup-0
rec-2718-org,rec-2718-dup-0
rec-2719-org,rec-2719-dup-0
rec-2720-org,rec-2720-dup-0
rec-2721-org,rec-2721-dup-0
rec-2722-org,rec-2722-dup-0
rec-2723-org,rec-2723-dup-0
rec-2724-org,rec-2724-dup-0
rec-2725-org,rec-2725-dup-0
rec-2726-org,rec-2726-dup-0
rec-2727-org,rec-2727-dup-0
rec-2728-org,rec-2728-dup-0
rec-2729-org,rec-2729-dup-0
rec-2730-org,rec-2730-dup-0
rec-2731-org,rec-2731-dup-0
rec-2732-org,rec-2732-dup-0
rec-2733-org,rec-2733-dup-0
rec-2734-org,rec-2734-dup-0
rec-2735-org,rec-2735-dup-0
rec-2736-org,rec-2736-dup-0
rec-2737-org,rec-2737-dup-0
rec-2738-org,rec-2738-dup-0
rec-2739-org,rec-2739-dup-0
rec-2740-org,rec-2740-dup-0
rec-2741-org,rec-2741-dup-0
rec-2742-org,rec-2742-dup-0
rec-2743-org,rec-2743-dup-0
rec-2744-org,rec-2744-dup-0
rec-2745-org,rec-2745-dup-0
rec-2746-org,rec-2746-dup-0
rec-2747-org,rec-2747-dup-0
rec-2748-org,rec-2748-dup-0
rec-2749-org,rec-2749-dup-0
rec-2750-org,rec-2750-dup-0
rec-2751-org,rec-2751-dup-0
rec-2752-org,rec-2752-dup-0
rec-2753-org,rec-2753-dup-0
rec-2754-org,rec-2754-dup-0
rec-2755-org,rec-2755-dup-0
rec-2756-org,rec-2756-dup-0
rec-2757-org,rec-2757-dup-0
rec-2758-org,rec-2758-dup-0
rec-2759-org,rec-2759-dup-0
rec-2760-org,rec-2760-dup-0
rec-2761-org,rec-2761-dup-0
rec-2762-org,rec-2762-dup-0
rec-2763-org,rec-2763-dup-0
rec-2764-org,rec-2764-dup-0
rec-2765-org,rec-2765-dup-0
rec-2766-org,rec-2766-dup-0
rec-2767-org,rec-2767-dup-0
rec-2768-org,rec-2768-dup-0
rec-2769-org,rec-2769-dup-0
rec-2770-org,rec-2770-dup-0
rec-2771-org,rec-2771-dup-0
rec-2772-org,rec-2772-dup-0
rec-2773-org,rec-2773-dup-0
rec-2774-org,rec-2774-dup-0
rec-2775-org,rec-2775-dup-0
rec-2776-org,rec-2776-dup-0
rec-2777-org,rec-2777-dup-0
rec-2778-org,rec-2778-dup-0
rec-2779-org,rec-2779-dup-0
rec-2780-org,rec-2780-dup-0
rec-2781-org,rec-2781-dup-0
rec-2782-org,rec-2782-dup-0
rec-2783-org,rec-2783-dup-0
rec-2784-org,rec-2784-dup-0
rec-2785-org,rec-2785-dup-0
rec-2786-org,rec-2786-dup-0
rec-2787-org,rec-2787-dup-0
rec-2788-org,rec-2788-dup-0
rec-2789-org,rec-2789-dup-0
rec-2790-org,rec-2790-dup-0
rec-2791-org,rec-2791-dup-0
rec-2792-org,rec-2792-dup-0
rec-2793-org,rec-2793-dup-0
rec-2794-org,rec-2794-dup-0
rec-2795-org,rec-2795-dup-0
rec-2796-org,rec-2796-dup-0
rec-2797-org,rec-2797-dup-0
rec-2798-org,rec-2798-dup-0
rec-2799-org,rec-2799-dup-0
rec-2800-org,rec-2800-dup-0
rec-2801-org,rec-2801-dup-0
rec-2802-org,rec-2802-dup-0
rec-2803-org,rec-2803-dup-0
rec-2804-org,rec-2804-dup-0
rec-2805-org,rec-2805-dup-0
rec-2806-org,rec-2806-dup-0
rec-2807-org,rec-2807-dup-0
rec-2808-org,rec-2808-dup-0
rec-2809-org,rec-2809-dup-0
rec-2810-org,rec-2810-dup-0
rec-2811-org,rec-2811-dup-0
rec-2812-org,rec-2812-dup-0
rec-2813-org,rec-2813-dup-0
rec-2814-org,rec-2814-dup-0
rec-2815-org,rec-2815-dup-0
rec-2816-org,rec-2816-dup-0
rec-2817-org,rec-2817-dup-0
rec-2818-org,rec-2818-dup-0
rec-2819-org,rec-2819-dup-0
rec-2820-org,rec-2820-dup-0
rec-2821-org,rec-2821-dup-0
rec-2822-org,rec-2822-dup-0
rec-2823-org,rec-2823-dup-0
rec-2824-org,rec-2824-dup-0
rec-2825-org,rec-2825-dup-0
rec-2826-org,rec-2826-dup-0
rec-2827-org,rec-2827-dup-0
rec-2828-org,rec-2828-dup-0
rec-2829-org,rec-2829-dup-0
rec-2830-org,rec-2830-dup-0
rec-2831-org,rec-2831-dup-0
rec-2832-org,rec-2832-dup-0
rec-2833-org,rec-2833-dup-0
rec-2834-org,rec-2834-dup-0
rec-2835-org,rec-2835-dup-0
rec-2836-org,rec-2836-dup-0
rec-2837-org,rec-2837-dup-0
rec-2838-org,rec-2838-dup-0
rec-2839-org,rec-2839-dup-0
rec-2840-org,rec-2840-dup-0
rec-2841-org,rec-2841-dup-0
rec-2842-org,rec-2842-dup-0
rec-2843-org,rec-2843-dup-0
rec-2844-org,rec-2844-dup-0
rec-2845-org,rec-2845-dup-0
rec-2846-org,rec-2846-dup-0
rec-2847-org,rec-2847-dup-0
rec-2848-org,rec-2848-dup-0
rec-2849-org,rec-2849-dup-0
rec-2850-org,rec-2850-dup-0
rec-2851-org,rec-2851-dup-0
rec-2852-org,rec-2852-dup-0
rec-2853-org,rec-2853-dup-0
rec-2854-org,rec-2854-dup-0
rec-2855-org,rec-2855-dup-0
rec-2856-org,rec-2856-dup-0
rec-2857-org,rec-2857-dup-0
rec-2858-org,rec-2858-dup-0
rec-2859-org,rec-2859-dup-0
rec-2860-org,rec-2860-dup-0
rec-2861-org,rec-2861-dup-0
rec-2862-org,rec-2862-dup-0
rec-2863-org,rec-2863-dup-0
rec-2864-org,rec-2864-dup-0
rec-2865-org,rec-2865-dup-0
rec-2866-org,rec-2866-dup-0
rec-2867-org,rec-2867-dup-0
rec-2868-org,rec-2868-dup-0
rec-2869-org,rec-2869-dup-0
rec-2870-org,rec-2870-dup-0
rec-2871-org,rec-2871-dup-0
rec-2872-org,rec-2872-dup-0
rec-2873-org,rec-2873-dup-0
rec-2874-org,rec-2874-dup-0
rec-2875-org,rec-2875-dup-0
rec-2876-org,rec-2876-dup-0
rec-2877-org,rec-2877-dup-0
rec-2878-org,rec-2878-dup-0
rec-2879-org,rec-2879-dup-0
rec-2880-org,rec-2880-dup-0
rec-2881-org,rec-2881-dup-0
rec-2882-org,rec-2882-dup-0
rec-2883-org,rec-2883-dup-0
rec-2884-org,rec-2884-dup-0
rec-2885-org,rec-2885-dup-0
rec-2886-org,rec-2886-dup-0
rec-2887-org,rec-2887-dup-0
rec-2888-org,rec-2888-dup-0
rec-2889-org,rec-2889-dup-0
rec-2890-org,rec-2890-dup-0
rec-2891-org,rec-2891-dup-0
rec-2892-org,rec-2892-dup-0
rec-2893-org,rec-2893-dup-0
rec-2894-org,rec-2894-dup-0
rec-2895-org,rec-2895-dup-0
rec-2896-org,rec-2896-dup-0
rec-2897-org,rec-2897-dup-0
rec-2898-org,rec-2898-dup-0
rec-2899-org,rec-2899-dup-0
rec-2900-org,rec-2900-dup-0
rec-2901-org,rec-2901-dup-0
rec-2902-org,rec-2902-dup-0
rec-2903-org,rec-2903-dup-0
rec-2904-org,rec-2904-dup-0
rec-2905-org,rec-2905-dup-0
rec-2906-org,rec-2906-dup-0
rec-2907-org,rec-2907-dup-0
rec-2908-org,rec-2908-dup-0
rec-2909-org,rec-2909-dup-0
rec-2910-org,rec-2910-dup-0
rec-2911-org,rec-2911-dup-0
rec-2912-org,rec-2912-dup-0
rec-2913-org,rec-2913-dup-0
rec-2914-org,rec-2914-dup-0
rec-2915-org,rec-2915-dup-0
rec-2916-org,rec-2916-dup-0
rec-2917-org,rec-2917-dup-0
rec-2918-org,rec-2918-dup-0
rec-2919-org,rec-2919-dup-0
rec-2920-org,rec-2920-dup-0
rec-2921-org,rec-2921-dup-0
rec-2922-org,rec-2922-dup-0
rec-2923-org,rec-2923-dup-0
rec-2924-org,rec-2924-dup-0
rec-2925-org,rec-2925-dup-0
rec-2926-org,rec-2926-dup-0
rec-2927-org,rec-2927-dup-0
rec-2928-org,rec-2928-dup-0
rec-2929-org,rec-2929-dup-0
rec-2930-org,rec-2930-dup-0
rec-2931-org,rec-2931-dup-0
rec-2932-org,rec-2932-dup-0
rec-2933-org,rec-2933-dup-0
rec-2934-org,rec-2934-dup-0
rec-2935-org,rec-2935-dup-0
rec-2936-org,rec-2936-dup-0
rec-2937-org,rec-2937-dup-0
rec-2938-org,rec-2938-dup-0
rec-2939-org,rec-2939-dup-0
rec-2940-org,rec-2940-dup-0
rec-2941-org,rec-2941-dup-0
rec-2942-org,rec-2942-dup-0
rec-2943-org,rec-2943-dup-0
rec-2944-org,rec-2944-dup-0
rec-2945-org,rec-2945-dup-0
rec-2946-org,rec-2946-dup-0
rec-2947-org,rec-2947-dup-0
rec-2948-org,rec-2948-dup-0
rec-2949-org,rec-2949-dup-0
rec-2950-org,rec-2950-dup-0
rec-2951-org,rec-2951-dup-0
rec-2952-org,rec-2952-dup-0
rec-2953-org,rec-2953-dup-0
rec-2954-org,rec-2954-dup-0
rec-2955-org,rec-2955-dup-0
rec-2956-org,rec-2956-dup-0
rec-2957-org,rec-2957-dup-0
rec-2958-org,rec-2958-dup-0
rec-2959-org,rec-2959-dup-0
rec-2960-org,rec-2960-dup-0
rec-2961-org,rec-2961-dup-0
rec-2962-org,rec-2962-dup-0
rec-2963-org,rec-2963-dup-0
rec-2964-org,rec-2964-dup-0
rec-2965-org,rec-2965-dup-0
rec-2966-org,rec-2966-dup-0
rec-2967-org,rec-2967-dup-0
rec-2968-org,rec-2968-dup-0
rec-2969-org,rec-2969-dup-0
rec-2970-org,rec-2970-dup-0
rec-2971-org,rec-2971-dup-0
rec-2972-org,rec-2972-dup-0
rec-2973-org,rec-2973-dup-0
rec-2974-org,rec-2974-dup-0
rec-2975-org,rec-2975-dup-0
rec-2976-org,rec-2976-dup-0
rec-2977-org,rec-2977-dup-0
rec-2978-org,rec-2978-dup-0
rec-2979-org,rec-2979-dup-0
rec-2980-org,rec-2980-dup-0
rec-2981-org,rec-2981-dup-0
rec-2982-org,rec-2982-dup-0
rec-2983-org,rec-2983-dup-0
rec-2984-org,rec-2984-dup-0
rec-2985-org,rec-2985-dup-0
rec-2986-org,rec-2986-dup-0
rec-2987-org,rec-2987-dup-0
rec-2988-org,rec-2988-dup-0
rec-2989-org,rec-2989-dup-0
rec-2990-org,rec-2990-dup-0
rec-2991-org,rec-2991-dup-0
rec-2992-org,rec-2992-dup-0
rec-2993-org,rec-2993-dup-0
rec-2994-org,rec-2994-dup-0
rec-2995-org,rec-2995-dup-0
rec-2996-org,rec-2996-dup-0
rec-2997-org,rec-2997-dup-0
rec-2998-org,rec-2998-dup-0
rec-2999-org,rec-2999-dup-0
rec-3000-org,rec-3000-dup-0
rec-3001-org,rec-3001-dup-0
rec-3002-org,rec-3002-dup-0
rec-3003-org,rec-3003-dup-0
rec-3004-org,rec-3004-dup-0
rec-3005-org,rec-3005-dup-0
rec-3006-org,rec-3006-dup-0
rec-3007-org,rec-3007-dup-0
rec-3008-org,rec-3008-dup-0
rec-3009-org,rec-3009-dup-0
rec-3010-org,rec-3010-dup-0
rec-3011-org,rec-3011-dup-0
rec-3012-org,rec-3012-dup-0
rec-3013-org,rec-3013-dup-0
rec-3014-org,rec-3014-dup-0
rec-3015-org,rec-3015-dup-0
rec-3016-org,rec-3016-dup-0
rec-3017-org,rec-3017-dup-0
rec-3018-org,rec-3018-dup-0
rec-3019-org,rec-3019-dup-0
rec-3020-org,rec-3020-dup-0
rec-3021-org,rec-3021-dup-0
rec-3022-org,rec-3022-dup-0
rec-3023-org,rec-3023-dup-0
rec-3024-org,rec-3024-dup-0
rec-3025-org,rec-3025-dup-0
rec-3026-org,rec-3026-dup-0
rec-3027-org,rec-3027-dup-0
rec-3028-org,rec-3028-dup-0
rec-3029-org,rec-3029-dup-0
rec-3030-org,rec-3030-dup-0
rec-3031-org,rec-3031-dup-0
rec-3032-org,rec-3032-dup-0
rec-3033-org,rec-3033-dup-0
rec-3034-org,rec-3034-dup-0
rec-3035-org,rec-3035-dup-0
rec-3036-org,rec-3036-dup-0
rec-3037-org,rec-3037-dup-0
rec-3038-org,rec-3038-dup-0
rec-3039-org,rec-3039-dup-0
rec-3040-org,rec-3040-dup-0
rec-3041-org,rec-3041-dup-0
rec-3042-org,rec-3042-dup-0
rec-3043-org,rec-3043-dup-0
rec-3044-org,rec-3044-dup-0
rec-3045-org,rec-3045-dup-0
rec-3046-org,rec-3046-dup-0
rec-3047-org,rec-3047-dup-0
rec-3048-org,rec-3048-dup-0
rec-3049-org,rec-3049-dup-0
rec-3050-org,rec-3050-dup-0
rec-3051-org,rec-3051-dup-0
rec-3052-org,rec-3052-dup-0
rec-3053-org,rec-3053-dup-0
rec-3054-org,rec-3054-dup-0
rec-3055-org,rec-3055-dup-0
rec-3056-org,rec-3056-dup-0
rec-3057-org,rec-3057-dup-0
rec-3058-org,rec-3058-dup-0
rec-3059-org,rec-3059-dup-0
rec-3060-org,rec-3060-dup-0
rec-3061-org,rec-3061-dup-0
rec-3062-org,rec-3062-dup-0
rec-3063-org,rec-3063-dup-0
rec-3064-org,rec-3064-dup-0
rec-3065-org,rec-3065-dup-0
rec-3066-org,rec-3066-dup-0
rec-3067-org,rec-3067-dup-0
rec-3068-org,rec-3068-dup-0
rec-3069-org,rec-3069-dup-0
rec-3070-org,rec-3070-dup-0
rec-3071-org,rec-3071-dup-0
rec-3072-org,rec-3072-dup-0
rec-3073-org,rec-3073-dup-0
rec-3074-org,rec-3074-dup-0
rec-3075-org,rec-3075-dup-0
rec-3076-org,rec-3076-dup-0
rec-3077-org,rec-3077-dup-0
rec-3078-org,rec-3078-dup-0
rec-3079-org,rec-3079-dup-0
rec-3080-org,rec-3080-dup-0
rec-3081-org,rec-3081-dup-0
rec-3082-org,rec-3082-dup-0
rec-3083-org,rec-3083-dup-0
rec-3084-org,rec-3084-dup-0
rec-3085-org,rec-3085-dup-0
rec-3086-org,rec-3086-dup-0
rec-3087-org,rec-3087-dup-0
rec-3088-org,rec-3088-dup-0
rec-3089-org,rec-3089-dup-0
rec-3090-org,rec-3090-dup-0
rec-3091-org,rec-3091-dup-0
rec-3092-org,rec-3092-dup-0
rec-3093-org,rec-3093-dup-0
rec-3094-org,rec-3094-dup-0
rec-3095-org,rec-3095-dup-0
rec-3096-org,rec-3096-dup-0
rec-3097-org,rec-3097-dup-0
rec-3098-org,rec-3098-dup-0
rec-3099-org,rec-3099-dup-0
rec-3100-org,rec-3100-dup-0
rec-3101-org,rec-3101-dup-0
rec-3102-org,rec-3102-dup-0
rec-3103-org,rec-3103-dup-0
rec-3104-org,rec-3104-dup-0
rec-3105-org,rec-3105-dup-0
rec-3106-org,rec-3106-dup-0
rec-3107-org,rec-3107-dup-0
rec-3108-org,rec-3108-dup-0
rec-3109-org,rec-3109-dup-0
rec-3110-org,rec-3110-dup-0
rec-3111-org,rec-3111-dup-0
rec-3112-org,rec-3112-dup-0
rec-3113-org,rec-3113-dup-0
rec-3114-org,rec-3114-dup-0
rec-3115-org,rec-3115-dup-0
rec-3116-org,rec-3116-dup-0
rec-3117-org,rec-3117-dup-0
rec-3118-org,rec-3118-dup-0
rec-3119-org,rec-3119-dup-0
rec-3120-org,rec-3120-dup-0
rec-3121-org,rec-3121-dup-0
rec-3122-org,rec-3122-dup-0
rec-3123-org,rec-3123-dup-0
rec-3124-org,rec-3124-dup-0
rec-3125-org,rec-3125-dup-0
rec-3126-org,rec-3126-dup-0
rec-3127-org,rec-3127-dup-0
rec-3128-org,rec-3128-dup-0
rec-3129-org,rec-3129-dup-0
rec-3130-org,rec-3130-dup-0
rec-3131-org,rec-3131-dup-0
rec-3132-org,rec-3132-dup-0
rec-3133-org,rec-3133-dup-0
rec-3134-org,rec-3134-dup-0
rec-3135-org,rec-3135-dup-0
rec-3136-org,rec-3136-dup-0
rec-3137-org,rec-3137-dup-0
rec-3138-org,rec-3138-dup-0
rec-3139-org,rec-3139-dup-0
rec-3140-org,rec-3140-dup-0
rec-3141-org,rec-3141-dup-0
rec-3142-org,rec-3142-dup-0
rec-3143-org,rec-3143-dup-0
rec-3144-org,rec-3144-dup-0
rec-3145-org,rec-3145-dup-0
rec-3146-org,rec-3146-dup-0
rec-3147-org,rec-3147-dup-0
rec-3148-org,rec-3148-dup-0
rec-3149-org,rec-3149-dup-0
rec-3150-org,rec-3150-dup-0
rec-3151-org,rec-3151-dup-0
rec-3152-org,rec-3152-dup-0
rec-3153-org,rec-3153-dup-0
rec-3154-org,rec-3154-dup-0
rec-3155-org,rec-3155-dup-0
rec-3156-org,rec-3156-dup-0
rec-3157-org,rec-3157-dup-0
rec-3158-org,rec-3158-dup-0
rec-3159-org,rec-3159-dup-0
rec-3160-org,rec-3160-dup-0
rec-3161-org,rec-3161-dup-0
rec-3162-org,rec-3162-dup-0
rec-3163-org,rec-3163-dup-0
rec-3164-org,rec-3164-dup-0
rec-3165-org,rec-3165-dup-0
rec-3166-org,rec-3166-dup-0
rec-3167-org,rec-3167-dup-0
rec-3168-org,rec-3168-dup-0
rec-3169-org,rec-3169-dup-0
rec-3170-org,rec-3170-dup-0
rec-3171-org,rec-3171-dup-0
rec-3172-org,rec-3172-dup-0
rec-3173-org,rec-3173-dup-0
rec-3174-org,rec-3174-dup-0
rec-3175-org,rec-3175-dup-0
rec-3176-org,rec-3176-dup-0
rec-3177-org,rec-3177-dup-0
rec-3178-org,rec-3178-dup-0
rec-3179-org,rec-3179-dup-0
rec-3180-org,rec-3180-dup-0
rec-3181-org,rec-3181-dup-0
rec-3182-org,rec-3182-dup-0
rec-3183-org,rec-3183-dup-0
rec-3184-org,rec-3184-dup-0
rec-3185-org,rec-3185-dup-0
rec-3186-org,rec-3186-dup-0
rec-3187-org,rec-3187-dup-0
rec-3188-org,rec-3188-dup-0
rec-3189-org,rec-3189-dup-0
rec-3190-org,rec-3190-dup-0
rec-3191-org,rec-3191-dup-0
rec-3192-org,rec-3192-dup-0
rec-3193-org,rec-3193-dup-0
rec-3194-org,rec-3194-dup-0
rec-3195-org,rec-3195-dup-0
rec-3196-org,rec-3196-dup-0
rec-3197-org,rec-3197-dup-0
rec-3198-org,rec-3198-dup-0
rec-3199-org,rec-3199-dup-0
rec-3200-org,rec-3200-dup-0
rec-3201-org,rec-3201-dup-0
rec-3202-org,rec-3202-dup-0
rec-3203-org,rec-3203-dup-0
rec-3204-org,rec-3204-dup-0
rec-3205-org,rec-3205-dup-0
rec-3206-org,rec-3206-dup-0
rec-3207-org,rec-3207-dup-0
rec-3208-org,rec-3208-dup-0
rec-3209-org,rec-3209-dup-0
rec-3210-org,rec-3210-dup-0
rec-3211-org,rec-3211-dup-0
rec-3212-org,rec-3212-dup-0
rec-3213-org,rec-3213-dup-0
rec-3214-org,rec-3214-dup-0
rec-3215-org,rec-3215-dup-0
rec-3216-org,rec-3216-dup-0
rec-3217-org,rec-3217-dup-0
rec-3218-org,rec-3218-dup-0
rec-3219-org,rec-3219-dup-0
rec-3220-org,rec-3220-dup-0
rec-3221-org,rec-3221-dup-0
rec-3222-org,rec-3222-dup-0
rec-3223-org,rec-3223-dup-0
rec-3224-org,rec-3224-dup-0
rec-3225-org,rec-3225-dup-0
rec-3226-org,rec-3226-dup-0
rec-3227-org,rec-3227-dup-0
rec-3228-org,rec-3228-dup-0
rec-3229-org,rec-3229-dup-0
rec-3230-org,rec-3230-dup-0
rec-3231-org,rec-3231-dup-0
rec-3232-org,rec-3232-dup-0
rec-3233-org,rec-3233-dup-0
rec-3234-org,rec-3234-dup-0
rec-3235-org,rec-3235-dup-0
rec-3236-org,rec-3236-dup-0
rec-3237-org,rec-3237-dup-0
rec-3238-org,rec-3238-dup-0
rec-3239-org,rec-3239-dup-0
rec-3240-org,rec-3240-dup-0
rec-3241-org,rec-3241-dup-0
rec-3242-org,rec-3242-dup-0
rec-3243-org,rec-3243-dup-0
rec-3244-org,rec-3244-dup-0
rec-3245-org,rec-3245-dup-0
rec-3246-org,rec-3246-dup-0
rec-3247-org,rec-3247-dup-0
rec-3248-org,rec-3248-dup-0
rec-3249-org,rec-3249-dup-0
rec-3250-org,rec-3250-dup-0
rec-3251-org,rec-3251-dup-0
rec-3252-org,rec-3252-dup-0
rec-3253-org,rec-3253-dup-0
rec-3254-org,rec-3254-dup-0
rec-3255-org,rec-3255-dup-0
rec-3256-org,rec-3256-dup-0
rec-3257-org,rec-3257-dup-0
rec-3258-org,rec-3258-dup-0
rec-3259-org,rec-3259-dup-0
rec-3260-org,rec-3260-dup-0
rec-3261-org,rec-3261-dup-0
rec-3262-org,rec-3262-dup-0
rec-3263-org,rec-3263-dup-0
rec-3264-org,rec-3264-dup-0
rec-3265-org,rec-3265-dup-0
rec-3266-org,rec-3266-dup-0
rec-3267-org,rec-3267-dup-0
rec-3268-org,rec-3268-dup-0
rec-3269-org,rec-3269-dup-0
rec-3270-org,rec-3270-dup-0
rec-3271-org,rec-3271-dup-0
rec-3272-org,rec-3272-dup-0
rec-3273-org,rec-3273-dup-0
rec-3274-org,rec-3274-dup-0
rec-3275-org,rec-3275-dup-0
rec-3276-org,rec-3276-dup-0
rec-3277-org,rec-3277-dup-0
rec-3278-org,rec-3278-dup-0
rec-3279-org,rec-3279-dup-0
rec-3280-org,rec-3280-dup-0
rec-3281-org,rec-3281-dup-0
rec-3282-org,rec-3282-dup-0
rec-3283-org,rec-3283-dup-0
rec-3284-org,rec-3284-dup-0
rec-3285-org,rec-3285-dup-0
rec-3286-org,rec-3286-dup-0
rec-3287-org,rec-3287-dup-0
rec-3288-org,rec-3288-dup-0
rec-3289-org,rec-3289-dup-0
rec-3290-org,rec-3290-dup-0
rec-3291-org,rec-3291-dup-0
rec-3292-org,rec-3292-dup-0
rec-3293-org,rec-3293-dup-0
rec-3294-org,rec-3294-dup-0
rec-3295-org,rec-3295-dup-0
rec-3296-org,rec-3296-dup-0
rec-3297-org,rec-3297-dup-0
rec-3298-org,rec-3298-dup-0
rec-3299-org,rec-3299-dup-0
rec-3300-org,rec-3300-dup-0
rec-3301-org,rec-3301-dup-0
rec-3302-org,rec-3302-dup-0
rec-3303-org,rec-3303-dup-0
rec-3304-org,rec-3304-dup-0
rec-3305-org,rec-3305-dup-0
rec-3306-org,rec-3306-dup-0
rec-3307-org,rec-3307-dup-0
rec-3308-org,rec-3308-dup-0
rec-3309-org,rec-3309-dup-0
rec-3310-org,rec-3310-dup-0
rec-3311-org,rec-3311-dup-0
rec-3312-org,rec-3312-dup-0
rec-3313-org,rec-3313-dup-0
rec-3314-org,rec-3314-dup-0
rec-3315-org,rec-3315-dup-0
rec-3316-org,rec-3316-dup-0
rec-3317-org,rec-3317-dup-0
rec-3318-org,rec-3318-dup-0
rec-3319-org,rec-3319-dup-0
rec-3320-org,rec-3320-dup-0
rec-3321-org,rec-3321-dup-0
rec-3322-org,rec-3322-dup-0
rec-3323-org,rec-3323-dup-0
rec-3324-org,rec-3324-dup-0
rec-3325-org,rec-3325-dup-0
rec-3326-org,rec-3326-dup-0
rec-3327-org,rec-3327-dup-0
rec-3328-org,rec-3328-dup-0
rec-3329-org,rec-3329-dup-0
rec-3330-org,rec-3330-dup-0
rec-3331-org,rec-3331-dup-0
rec-3332-org,rec-3332-dup-0
rec-3333-org,rec-3333-dup-0
rec-3334-org,rec-3334-dup-0
rec-3335-org,rec-3335-dup-0
rec-3336-org,rec-3336-dup-0
rec-3337-org,rec-3337-dup-0
rec-3338-org,rec-3338-dup-0
rec-3339-org,rec-3339-dup-0
rec-3340-org,rec-3340-dup-0
rec-3341-org,rec-3341-dup-0
rec-3342-org,rec-3342-dup-0
rec-3343-org,rec-3343-dup-0
rec-3344-org,rec-3344-dup-0
rec-3345-org,rec-3345-dup-0
rec-3346-org,rec-3346-dup-0
rec-3347-org,rec-3347-dup-0
rec-3348-org,rec-3348-dup-0
rec-3349-org,rec-3349-dup-0
rec-3350-org,rec-3350-dup-0
rec-3351-org,rec-3351-dup-0
rec-3352-org,rec-3352-dup-0
rec-3353-org,rec-3353-dup-0
rec-3354-org,rec-3354-dup-0
rec-3355-org,rec-3355-dup-0
rec-3356-org,rec-3356-dup-0
rec-3357-org,rec-3357-dup-0
rec-3358-org,rec-3358-dup-0
rec-3359-org,rec-3359-dup-0
rec-3360-org,rec-3360-dup-0
rec-3361-org,rec-3361-dup-0
rec-3362-org,rec-3362-dup-0
rec-3363-org,rec-3363-dup-0
rec-3364-org,rec-3364-dup-0
rec-3365-org,rec-3365-dup-0
rec-3366-org,rec-3366-dup-0
rec-3367-org,rec-3367-dup-0
rec-3368-org,rec-3368-dup-0
rec-3369-org,rec-3369-dup-0
rec-3370-org,rec-3370-dup-0
rec-3371-org,rec-3371-dup-0
rec-3372-org,rec-3372-dup-0
rec-3373-org,rec-3373-dup-0
rec-3374-org,rec-3374-dup-0
rec-3375-org,rec-3375-dup-0
rec-3376-org,rec-3376-dup-0
rec-3377-org,rec-3377-dup-0
rec-3378-org,rec-3378-dup-0
rec-3379-org,rec-3379-dup-0
rec-3380-org,rec-3380-dup-0
rec-3381-org,rec-3381-dup-0
rec-3382-org,rec-3382-dup-0
rec-3383-org,rec-3383-dup-0
rec-3384-org,rec-3384-dup-0
rec-3385-org,rec-3385-dup-0
rec-3386-org,rec-3386-dup-0
rec-3387-org,rec-3387-dup-0
rec-3388-org,rec-3388-dup-0
rec-3389-org,rec-3389-dup-0
rec-3390-org,rec-3390-dup-0
rec-3391-org,rec-3391-dup-0
rec-3392-org,rec-3392-dup-0
rec-3393-org,rec-3393-dup-0
rec-3394-org,rec-3394-dup-0
rec-3395-org,rec-3395-dup-0
rec-3396-org,rec-3396-dup-0
rec-3397-org,rec-3397-dup-0
rec-3398-org,rec-3398-dup-0
rec-3399-org,rec-3399-dup-0
rec-3400-org,rec-3400-dup-0
rec-3401-org,rec-3401-dup-0
rec-3402-org,rec-3402-dup-0
rec-3403-org,rec-3403-dup-0
rec-3404-org,rec-3404-dup-0
rec-3405-org,rec-3405-dup-0
rec-3406-org,rec-3406-dup-0
rec-3407-org,rec-3407-dup-0
rec-3408-org,rec-3408-dup-0
rec-3409-org,rec-3409-dup-0
rec-3410-org,rec-3410-dup-0
rec-3411-org,rec-3411-dup-0
rec-3412-org,rec-3412-dup-0
rec-3413-org,rec-3413-dup-0
rec-3414-org,rec-3414-dup-0
rec-3415-org,rec-3415-dup-0
rec-3416-org,rec-3416-dup-0
rec-3417-org,rec-3417-dup-0
rec-3418-org,rec-3418-dup-0
rec-3419-org,rec-3419-dup-0
rec-3420-org,rec-3420-dup-0
rec-3421-org,rec-3421-dup-0
rec-3422-org,rec-3422-dup-0
rec-3423-org,rec-3423-dup-0
rec-3424-org,rec-3424-dup-0
rec-3425-org,rec-3425-dup-0
rec-3426-org,rec-3426-dup-0
rec-3427-org,rec-3427-dup-0
rec-3428-org,rec-3428-dup-0
rec-3429-org,rec-3429-dup-0
rec-3430-org,rec-3430-dup-0
rec-3431-org,rec-3431-dup-0
rec-3432-org,rec-3432-dup-0
rec-3433-org,rec-3433-dup-0
rec-3434-org,rec-3434-dup-0
rec-3435-org,rec-3435-dup-0
rec-3436-org,rec-3436-dup-0
rec-3437-org,rec-3437-dup-0
rec-3438-org,rec-3438-dup-0
rec-3439-org,rec-3439-dup-0
rec-3440-org,rec-3440-dup-0
rec-3441-org,rec-3441-dup-0
rec-3442-org,rec-3442-dup-0
rec-3443-org,rec-3443-dup-0
rec-3444-org,rec-3444-dup-0
rec-3445-org,rec-3445-dup-0
rec-3446-org,rec-3446-dup-0
rec-3447-org,rec-3447-dup-0
rec-3448-org,rec-3448-dup-0
rec-3449-org,rec-3449-dup-0
rec-3450-org,rec-3450-dup-0
rec-3451-org,rec-3451-dup-0
rec-3452-org,rec-3452-dup-0
rec-3453-org,rec-3453-dup-0
rec-3454-org,rec-3454-dup-0
rec-3455-org,rec-3455-dup-0
rec-3456-org,rec-3456-dup-0
rec-3457-org,rec-3457-dup-0
rec-3458-org,rec-3458-dup-0
rec-3459-org,rec-3459-dup-0
rec-3460-org,rec-3460-dup-0
rec-3461-org,rec-3461-dup-0
rec-3462-org,rec-3462-dup-0
rec-3463-org,rec-3463-dup-0
rec-3464-org,rec-3464-dup-0
rec-3465-org,rec-3465-dup-0
rec-3466-org,rec-3466-dup-0
rec-3467-org,rec-3467-dup-0
rec-3468-org,rec-3468-dup-0
rec-3469-org,rec-3469-dup-0
rec-3470-org,rec-3470-dup-0
rec-3471-org,rec-3471-dup-0
rec-3472-org,rec-3472-dup-0
rec-3473-org,rec-3473-dup-0
rec-3474-org,rec-3474-dup-0
rec-3475-org,rec-3475-dup-0
rec-3476-org,rec-3476-dup-0
rec-3477-org,rec-3477-dup-0
rec-3478-org,rec-3478-dup-0
rec-3479-org,rec-3479-dup-0
rec-3480-org,rec-3480-dup-0
rec-3481-org,rec-3481-dup-0
rec-3482-org,rec-3482-dup-0
rec-3483-org,rec-3483-dup-0
rec-3484-org,rec-3484-dup-0
rec-3485-org,rec-3485-dup-0
rec-3486-org,rec-3486-dup-0
rec-3487-org,rec-3487-dup-0
rec-3488-org,rec-3488-dup-0
rec-3489-org,rec-3489-dup-0
rec-3490-org,rec-3490-dup-0
rec-3491-org,rec-3491-dup-0
rec-3492-org,rec-3492-dup-0
rec-3493-org,rec-3493-dup-0
rec-3494-org,rec-3494-dup-0
rec-3495-org,rec-3495-dup-0
rec-3496-org,rec-3496-dup-0
rec-3497-org,rec-3497-dup-0
rec-3498-org,rec-3498-dup-0
rec-3499-org,rec-3499-dup-0
rec-3500-org,rec-3500-dup-0
rec-3501-org,rec-3501-dup-0
rec-3502-org,rec-3502-dup-0
rec-3503-org,rec-3503-dup-0
rec-3504-org,rec-3504-dup-0
rec-3505-org,rec-3505-dup-0
rec-3506-org,rec-3506-dup-0
rec-3507-org,rec-3507-dup-0
rec-3508-org,rec-3508-dup-0
rec-3509-org,rec-3509-dup-0
rec-3510-org,rec-3510-dup-0
rec-3511-org,rec-3511-dup-0
rec-3512-org,rec-3512-dup-0
rec-3513-org,rec-3513-dup-0
rec-3514-org,rec-3514-dup-0
rec-3515-org,rec-3515-dup-0
rec-3516-org,rec-3516-dup-0
rec-3517-org,rec-3517-dup-0
rec-3518-org,rec-3518-dup-0
rec-3519-org,rec-3519-dup-0
rec-3520-org,rec-3520-dup-0
rec-3521-org,rec-3521-dup-0
rec-3522-org,rec-3522-dup-0
rec-3523-org,rec-3523-dup-0
rec-3524-org,rec-3524-dup-0
rec-3525-org,rec-3525-dup-0
rec-3526-org,rec-3526-dup-0
rec-3527-org,rec-3527-dup-0
rec-3528-org,rec-3528-dup-0
rec-3529-org,rec-3529-dup-0
rec-3530-org,rec-3530-dup-0
rec-3531-org,rec-3531-dup-0
rec-3532-org,rec-3532-dup-0
rec-3533-org,rec-3533-dup-0
rec-3534-org,rec-3534-dup-0
rec-3535-org,rec-3535-dup-0
rec-3536-org,rec-3536-dup-0
rec-3537-org,rec-3537-dup-0
rec-3538-org,rec-3538-dup-0
rec-3539-org,rec-3539-dup-0
rec-3540-org,rec-3540-dup-0
rec-3541-org,rec-3541-dup-0
rec-3542-org,rec-3542-dup-0
rec-3543-org,rec-3543-dup-0
rec-3544-org,rec-3544-dup-0
rec-3545-org,rec-3545-dup-0
rec-3546-org,rec-3546-dup-0
rec-3547-org,rec-3547-dup-0
rec-3548-org,rec-3548-dup-0
rec-3549-org,rec-3549-dup-0
rec-3550-org,rec-3550-dup-0
rec-3551-org,rec-3551-dup-0
rec-3552-org,rec-3552-dup-0
rec-3553-org,rec-3553-dup-0
rec-3554-org,rec-3554-dup-0
rec-3555-org,rec-3555-dup-0
rec-3556-org,rec-3556-dup-0
rec-3557-org,rec-3557-dup-0
rec-3558-org,rec-3558-dup-0
rec-3559-org,rec-3559-dup-0
rec-3560-org,rec-3560-dup-0
rec-3561-org,rec-3561-dup-0
rec-3562-org,rec-3562-dup-0
rec-3563-org,rec-3563-dup-0
rec-3564-org,rec-3564-dup-0
rec-3565-org,rec-3565-dup-0
rec-3566-org,rec-3566-dup-0
rec-3567-org,rec-3567-dup-0
rec-3568-org,rec-3568-dup-0
rec-3569-org,rec-3569-dup-0
rec-3570-org,rec-3570-dup-0
rec-3571-org,rec-3571-dup-0
rec-3572-org,rec-3572-dup-0
rec-3573-org,rec-3573-dup-0
rec-3574-org,rec-3574-dup-0
rec-3575-org,rec-3575-dup-0
rec-3576-org,rec-3576-dup-0
rec-3577-org,rec-3577-dup-0
rec-3578-org,rec-3578-dup-0
rec-3579-org,rec-3579-dup-0
rec-3580-org,rec-3580-dup-0
rec-3581-org,rec-3581-dup-0
rec-3582-org,rec-3582-dup-0
rec-3583-org,rec-3583-dup-0
rec-3584-org,rec-3584-dup-0
rec-3585-org,rec-3585-dup-0
rec-3586-org,rec-3586-dup-0
rec-3587-org,rec-3587-dup-0
rec-3588-org,rec-3588-dup-0
rec-3589-org,rec-3589-dup-0
rec-3590-org,rec-3590-dup-0
rec-3591-org,rec-3591-dup-0
rec-3592-org,rec-3592-dup-0
rec-3593-org,rec-3593-dup-0
rec-3594-org,rec-3594-dup-0
rec-3595-org,rec-3595-dup-0
rec-3596-org,rec-3596-dup-0
rec-3597-org,rec-3597-dup-0
rec-3598-org,rec-3598-dup-0
rec-3599-org,rec-3599-dup-0
rec-3600-org,rec-3600-dup-0
rec-3601-org,rec-3601-dup-0
rec-3602-org,rec-3602-dup-0
rec-3603-org,rec-3603-dup-0
rec-3604-org,rec-3604-dup-0
rec-3605-org,rec-3605-dup-0
rec-3606-org,rec-3606-dup-0
rec-3607-org,rec-3607-dup-0
rec-3608-org,rec-3608-dup-0
rec-3609-org,rec-3609-dup-0
rec-3610-org,rec-3610-dup-0
rec-3611-org,rec-3611-dup-0
rec-3612-org,rec-3612-dup-0
rec-3613-org,rec-3613-dup-0
rec-3614-org,rec-3614-dup-0
rec-3615-org,rec-3615-dup-0
rec-3616-org,rec-3616-dup-0
rec-3617-org,rec-3617-dup-0
rec-3618-org,rec-3618-dup-0
rec-3619-org,rec-3619-dup-0
rec-3620-org,rec-3620-dup-0
rec-3621-org,rec-3621-dup-0
rec-3622-org,rec-3622-dup-0
rec-3623-org,rec-3623-dup-0
rec-3624-org,rec-3624-dup-0
rec-3625-org,rec-3625-dup-0
rec-3626-org,rec-3626-dup-0
rec-3627-org,rec-3627-dup-0
rec-3628-org,rec-3628-dup-0
rec-3629-org,rec-3629-dup-0
rec-3630-org,rec-3630-dup-0
rec-3631-org,rec-3631-dup-0
rec-3632-org,rec-3632-dup-0
rec-3633-org,rec-3633-dup-0
rec-3634-org,rec-3634-dup-0
rec-3635-org,rec-3635-dup-0
rec-3636-org,rec-3636-dup-0
rec-3637-org,rec-3637-dup-0
rec-3638-org,rec-3638-dup-0
rec-3639-org,rec-3639-dup-0
rec-3640-org,rec-3640-dup-0
rec-3641-org,rec-3641-dup-0
rec-3642-org,rec-3642-dup-0
rec-3643-org,rec-3643-dup-0
rec-3644-org,rec-3644-dup-0
rec-3645-org,rec-3645-dup-0
rec-3646-org,rec-3646-dup-0
rec-3647-org,rec-3647-dup-0
rec-3648-org,rec-3648-dup-0
rec-3649-org,rec-3649-dup-0
rec-3650-org,rec-3650-dup-0
rec-3651-org,rec-3651-dup-0
rec-3652-org,rec-3652-dup-0
rec-3653-org,rec-3653-dup-0
rec-3654-org,rec-3654-dup-0
rec-3655-org,rec-3655-dup-0
rec-3656-org,rec-3656-dup-0
rec-3657-org,rec-3657-dup-0
rec-3658-org,rec-3658-dup-0
rec-3659-org,rec-3659-dup-0
rec-3660-org,rec-3660-dup-0
rec-3661-org,rec-3661-dup-0
rec-3662-org,rec-3662-dup-0
rec-3663-org,rec-3663-dup-0
rec-3664-org,rec-3664-dup-0
rec-3665-org,rec-3665-dup-0
rec-3666-org,rec-3666-dup-0
rec-3667-org,rec-3667-dup-0
rec-3668-org,rec-3668-dup-0
rec-3669-org,rec-3669-dup-0
rec-3670-org,rec-3670-dup-0
rec-3671-org,rec-3671-dup-0
rec-3672-org,rec-3672-dup-0
rec-3673-org,rec-3673-dup-0
rec-3674-org,rec-3674-dup-0
rec-3675-org,rec-3675-dup-0
rec-3676-org,rec-3676-dup-0
rec-3677-org,rec-3677-dup-0
rec-3678-org,rec-3678-dup-0
rec-3679-org,rec-3679-dup-0
rec-3680-org,rec-3680-dup-0
rec-3681-org,rec-3681-dup-0
rec-3682-org,rec-3682-dup-0
rec-3683-org,rec-3683-dup-0
rec-3684-org,rec-3684-dup-0
rec-3685-org,rec-3685-dup-0
rec-3686-org,rec-3686-dup-0
rec-3687-org,rec-3687-dup-0
rec-3688-org,rec-3688-dup-0
rec-3689-org,rec-3689-dup-0
rec-3690-org,rec-3690-dup-0
rec-3691-org,rec-3691-dup-0
rec-3692-org,rec-3692-dup-0
rec-3693-org,rec-3693-dup-0
rec-3694-org,rec-3694-dup-0
rec-3695-org,rec-3695-dup-0
rec-3696-org,rec-3696-dup-0
rec-3697-org,rec-3697-dup-0
rec-3698-org,rec-3698-dup-0
rec-3699-org,rec-3699-dup-0
rec-3700-org,rec-3700-dup-0
rec-3701-org,rec-3701-dup-0
rec-3702-org,rec-3702-dup-0
rec-3703-org,rec-3703-dup-0
rec-3704-org,rec-3704-dup-0
rec-3705-org,rec-3705-dup-0
rec-3706-org,rec-3706-dup-0
rec-3707-org,rec-3707-dup-0
rec-3708-org,rec-3708-dup-0
rec-3709-org,rec-3709-dup-0
rec-3710-org,rec-3710-dup-0
rec-3711-org,rec-3711-dup-0
rec-3712-org,rec-3712-dup-0
rec-3713-org,rec-3713-dup-0
rec-3714-org,rec-3714-dup-0
rec-3715-org,rec-3715-dup-0
rec-3716-org,rec-3716-dup-0
rec-3717-org,rec-3717-dup-0
rec-3718-org,rec-3718-dup-0
rec-3719-org,rec-3719-dup-0
rec-3720-org,rec-3720-dup-0
rec-3721-org,rec-3721-dup-0
rec-3722-org,rec-3722-dup-0
rec-3723-org,rec-3723-dup-0
rec-3724-org,rec-3724-dup-0
rec-3725-org,rec-3725-dup-0
rec-3726-org,rec-3726-dup-0
rec-3727-org,rec-3727-dup-0
rec-3728-org,rec-3728-dup-0
rec-3729-org,rec-3729-dup-0
rec-3730-org,rec-3730-dup-0
rec-3731-org,rec-3731-dup-0
rec-3732-org,rec-3732-dup-0
rec-3733-org,rec-3733-dup-0
rec-3734-org,rec-3734-dup-0
rec-3735-org,rec-3735-dup-0
rec-3736-org,rec-3736-dup-0
rec-3737-org,rec-3737-dup-0
rec-3738-org,rec-3738-dup-0
rec-3739-org,rec-3739-dup-0
rec-3740-org,rec-3740-dup-0
rec-3741-org,rec-3741-dup-0
rec-3742-org,rec-3742-dup-0
rec-3743-org,rec-3743-dup-0
rec-3744-org,rec-3744-dup-0
rec-3745-org,rec-3745-dup-0
rec-3746-org,rec-3746-dup-0
rec-3747-org,rec-3747-dup-0
rec-3748-org,rec-3748-dup-0
rec-3749-org,rec-3749-dup-0
rec-3750-org,rec-3750-dup-0
rec-3751-org,rec-3751-dup-0
rec-3752-org,rec-3752-dup-0
rec-3753-org,rec-3753-dup-0
rec-3754-org,rec-3754-dup-0
rec-3755-org,rec-3755-dup-0
rec-3756-org,rec-3756-dup-0
rec-3757-org,rec-3757-dup-0
rec-3758-org,rec-3758-dup-0
rec-3759-org,rec-3759-dup-0
rec-3760-org,rec-3760-dup-0
rec-3761-org,rec-3761-dup-0
rec-3762-org,rec-3762-dup-0
rec-3763-org,rec-3763-dup-0
rec-3764-org,rec-3764-dup-0
rec-3765-org,rec-3765-dup-0
rec-3766-org,rec-3766-dup-0
rec-3767-org,rec-3767-dup-0
rec-3768-org,rec-3768-dup-0
rec-3769-org,rec-3769-dup-0
rec-3770-org,rec-3770-dup-0
rec-3771-org,rec-3771-dup-0
rec-3772-org,rec-3772-dup-0
rec-3773-org,rec-3773-dup-0
rec-3774-org,rec-3774-dup-0
rec-3775-org,rec-3775-dup-0
rec-3776-org,rec-3776-dup-0
rec-3777-org,rec-3777-dup-0
rec-3778-org,rec-3778-dup-0
rec-3779-org,rec-3779-dup-0
rec-3780-org,rec-3780-dup-0
rec-3781-org,rec-3781-dup-0
rec-3782-org,rec-3782-dup-0
rec-3783-org,rec-3783-dup-0
rec-3784-org,rec-3784-dup-0
rec-3785-org,rec-3785-dup-0
rec-3786-org,rec-3786-dup-0
rec-3787-org,rec-3787-dup-0
rec-3788-org,rec-3788-dup-0
rec-3789-org,rec-3789-dup-0
rec-3790-org,rec-3790-dup-0
rec-3791-org,rec-3791-dup-0
rec-3792-org,rec-3792-dup-0
rec-3793-org,rec-3793-dup-0
rec-3794-org,rec-3794-dup-0
rec-3795-org,rec-3795-dup-0
rec-3796-org,rec-3796-dup-0
rec-3797-org,rec-3797-dup-0
rec-3798-org,rec-3798-dup-0
rec-3799-org,rec-3799-dup-0
rec-3800-org,rec-3800-dup-0
rec-3801-org,rec-3801-dup-0
rec-3802-org,rec-3802-dup-0
rec-3803-org,rec-3803-dup-0
rec-3804-org,rec-3804-dup-0
rec-3805-org,rec-3805-dup-0
rec-3806-org,rec-3806-dup-0
rec-3807-org,rec-3807-dup-0
rec-3808-org,rec-3808-dup-0
rec-3809-org,rec-3809-dup-0
rec-3810-org,rec-3810-dup-0
rec-3811-org,rec-3811-dup-0
rec-3812-org,rec-3812-dup-0
rec-3813-org,rec-3813-dup-0
rec-3814-org,rec-3814-dup-0
rec-3815-org,rec-3815-dup-0
rec-3816-org,rec-3816-dup-0
rec-3817-org,rec-3817-dup-0
rec-3818-org,rec-3818-dup-0
rec-3819-org,rec-3819-dup-0
rec-3820-org,rec-3820-dup-0
rec-3821-org,rec-3821-dup-0
rec-3822-org,rec-3822-dup-0
rec-3823-org,rec-3823-dup-0
rec-3824-org,rec-3824-dup-0
rec-3825-org,rec-3825-dup-0
rec-3826-org,rec-3826-dup-0
rec-3827-org,rec-3827-dup-0
rec-3828-org,rec-3828-dup-0
rec-3829-org,rec-3829-dup-0
rec-3830-org,rec-3830-dup-0
rec-3831-org,rec-3831-dup-0
rec-3832-org,rec-3832-dup-0
rec-3833-org,rec-3833-dup-0
rec-3834-org,rec-3834-dup-0
rec-3835-org,rec-3835-dup-0
rec-3836-org,rec-3836-dup-0
rec-3837-org,rec-3837-dup-0
rec-3838-org,rec-3838-dup-0
rec-3839-org,rec-3839-dup-0
rec-3840-org,rec-3840-dup-0
rec-3841-org,rec-3841-dup-0
rec-3842-org,rec-3842-dup-0
rec-3843-org,rec-3843-dup-0
rec-3844-org,rec-3844-dup-0
rec-3845-org,rec-3845-dup-0
rec-3846-org,rec-3846-dup-0
rec-3847-org,rec-3847-dup-0
rec-3848-org,rec-3848-dup-0
rec-3849-org,rec-3849-dup-0
rec-3850-org,rec-3850-dup-0
rec-3851-org,rec-3851-dup-0
rec-3852-org,rec-3852-dup-0
rec-3853-org,rec-3853-dup-0
rec-3854-org,rec-3854-dup-0
rec-3855-org,rec-3855-dup-0
rec-3856-org,rec-3856-dup-0
rec-3857-org,rec-3857-dup-0
rec-3858-org,rec-3858-dup-0
rec-3859-org,rec-3859-dup-0
rec-3860-org,rec-3860-dup-0
rec-3861-org,rec-3861-dup-0
rec-3862-org,rec-3862-dup-0
rec-3863-org,rec-3863-dup-0
rec-3864-org,rec-3864-dup-0
rec-3865-org,rec-3865-dup-0
rec-3866-org,rec-3866-dup-0
rec-3867-org,rec-3867-dup-0
rec-3868-org,rec-3868-dup-0
rec-3869-org,rec-3869-dup-0
rec-3870-org,rec-3870-dup-0
rec-3871-org,rec-3871-dup-0
rec-3872-org,rec-3872-dup-0
rec-3873-org,rec-3873-dup-0
rec-3874-org,rec-3874-dup-0
rec-3875-org,rec-3875-dup-0
rec-3876-org,rec-3876-dup-0
rec-3877-org,rec-3877-dup-0
rec-3878-org,rec-3878-dup-0
rec-3879-org,rec-3879-dup-0
rec-3880-org,rec-3880-dup-0
rec-3881-org,rec-3881-dup-0
rec-3882-org,rec-3882-dup-0
rec-3883-org,rec-3883-dup-0
rec-3884-org,rec-3884-dup-0
rec-3885-org,rec-3885-dup-0
rec-3886-org,rec-3886-dup-0
rec-3887-org,rec-3887-dup-0
rec-3888-org,rec-3888-dup-0
rec-3889-org,rec-3889-dup-0
rec-3890-org,rec-3890-dup-0
rec-3891-org,rec-3891-dup-0
rec-3892-org,rec-3892-dup-0
rec-3893-org,rec-3893-dup-0
rec-3894-org,rec-3894-dup-0
rec-3895-org,rec-3895-dup-0
rec-3896-org,rec-3896-dup-0
rec-3897-org,rec-3897-dup-0
rec-3898-org,rec-3898-dup-0
rec-3899-org,rec-3899-dup-0
rec-3900-org,rec-3900-dup-0
rec-3901-org,rec-3901-dup-0
rec-3902-org,rec-3902-dup-0
rec-3903-org,rec-3903-dup-0
rec-3904-org,rec-3904-dup-0
rec-3905-org,rec-3905-dup-0
rec-3906-org,rec-3906-dup-0
rec-3907-org,rec-3907-dup-0
rec-3908-org,rec-3908-dup-0
rec-3909-org,rec-3909-dup-0
rec-3910-org,rec-3910-dup-0
rec-3911-org,rec-3911-dup-0
rec-3912-org,rec-3912-dup-0
rec-3913-org,rec-3913-dup-0
rec-3914-org,rec-3914-dup-0
rec-3915-org,rec-3915-dup-0
rec-3916-org,rec-3916-dup-0
rec-3917-org,rec-3917-dup-0
rec-3918-org,rec-3918-dup-0
rec-3919-org,rec-3919-dup-0
rec-3920-org,rec-3920-dup-0
rec-3921-org,rec-3921-dup-0
rec-3922-org,rec-3922-dup-0
rec-3923-org,rec-3923-dup-0
rec-3924-org,rec-3924-dup-0
rec-3925-org,rec-3925-dup-0
rec-3926-org,rec-3926-dup-0
rec-3927-org,rec-3927-dup-0
rec-3928-org,rec-3928-dup-0
rec-3929-org,rec-3929-dup-0
rec-3930-org,rec-3930-dup-0
rec-3931-org,rec-3931-dup-0
rec-3932-org,rec-3932-dup-0
rec-3933-org,rec-3933-dup-0
rec-3934-org,rec-3934-dup-0
rec-3935-org,rec-3935-dup-0
rec-3936-org,rec-3936-dup-0
rec-3937-org,rec-3937-dup-0
rec-3938-org,rec-3938-dup-0
rec-3939-org,rec-3939-dup-0
rec-3940-org,rec-3940-dup-0
rec-3941-org,rec-3941-dup-0
rec-3942-org,rec-3942-dup-0
rec-3943-org,rec-3943-dup-0
rec-3944-org,rec-3944-dup-0
rec-3945-org,rec-3945-dup-0
rec-3946-org,rec-3946-dup-0
rec-3947-org,rec-3947-dup-0
rec-3948-org,rec-3948-dup-0
rec-3949-org,rec-3949-dup-0
rec-3950-org,rec-3950-dup-0
rec-3951-org,rec-3951-dup-0
rec-3952-org,rec-3952-dup-0
rec-3953-org,rec-3953-dup-0
rec-3954-org,rec-3954-dup-0
rec-3955-org,rec-3955-dup-0
rec-3956-org,rec-3956-dup-0
rec-3957-org,rec-3957-dup-0
rec-3958-org,rec-3958-dup-0
rec-3959-org,rec-3959-dup-0
rec-3960-org,rec-3960-dup-0
rec-3961-org,rec-3961-dup-0
rec-3962-org,rec-3962-dup-0
rec-3963-org,rec-3963-dup-0
rec-3964-org,rec-3964-dup-0
rec-3965-org,rec-3965-dup-0
rec-3966-org,rec-3966-dup-0
rec-3967-org,rec-3967-dup-0
rec-3968-org,rec-3968-dup-0
rec-3969-org,rec-3969-dup-0
rec-3970-org,rec-3970-dup-0
rec-3971-org,rec-3971-dup-0
rec-3972-org,rec-3972-dup-0
rec-3973-org,rec-3973-dup-0
rec-3974-org,rec-3974-dup-0
rec-3975-org,rec-3975-dup-0
rec-3976-org,rec-3976-dup-0
rec-3977-org,rec-3977-dup-0
rec-3978-org,rec-3978-dup-0
rec-3979-org,rec-3979-dup-0
rec-3980-org,rec-3980-dup-0
rec-3981-org,rec-3981-dup-0
rec-3982-org,rec-3982-dup-0
rec-3983-org,rec-3983-dup-0
rec-3984-org,rec-3984-dup-0
rec-3985-org,rec-3985-dup-0
rec-3986-org,rec-3986-dup-0
rec-3987-org,rec-3987-dup-0
rec-3988-org,rec-3988-dup-0
rec-3989-org,rec-3989-dup-0
rec-3990-org,rec-3990-dup-0
rec-3991-org,rec-3991-dup-0
rec-3992-org,rec-3992-dup-0
rec-3993-org,rec-3993-dup-0
rec-3994-org,rec-3994-dup-0
rec-3995-org,rec-3995-dup-0
rec-3996-org,rec-3996-dup-0
rec-3997-org,rec-3997-dup-0
rec-3998-org,rec-3998-dup-0
rec-3999-org,rec-3999-dup-0
rec-4000-org,rec-4000-dup-0
rec-4001-org,rec-4001-dup-0
rec-4002-org,rec-4002-dup-0
rec-4003-org,rec-4003-dup-0
rec-4004-org,rec-4004-dup-0
rec-4005-org,rec-4005-dup-0
rec-4006-org,rec-4006-dup-0
rec-4007-org,rec-4007-dup-0
rec-4008-org,rec-4008-dup-0
rec-4009-org,rec-4009-dup-0
rec-4010-org,rec-4010-dup-0
rec-4011-org,rec-4011-dup-0
rec-4012-org,rec-4012-dup-0
rec-4013-org,rec-4013-dup-0
rec-4014-org,rec-4014-dup-0
rec-4015-org,rec-4015-dup-0
rec-4016-org,rec-4016-dup-0
rec-4017-org,rec-4017-dup-0
rec-4018-org,rec-4018-dup-0
rec-4019-org,rec-4019-dup-0
rec-4020-org,rec-4020-dup-0
rec-4021-org,rec-4021-dup-0
rec-4022-org,rec-4022-dup-0
rec-4023-org,rec-4023-dup-0
rec-4024-org,rec-4024-dup-0
rec-4025-org,rec-4025-dup-0
rec-4026-org,rec-4026-dup-0
rec-4027-org,rec-4027-dup-0
rec-4028-org,rec-4028-dup-0
rec-4029-org,rec-4029-dup-0
rec-4030-org,rec-4030-dup-0
rec-4031-org,rec-4031-dup-0
rec-4032-org,rec-4032-dup-0
rec-4033-org,rec-4033-dup-0
rec-4034-org,rec-4034-dup-0
rec-4035-org,rec-4035-dup-0
rec-4036-org,rec-4036-dup-0
rec-4037-org,rec-4037-dup-0
rec-4038-org,rec-4038-dup-0
rec-4039-org,rec-4039-dup-0
rec-4040-org,rec-4040-dup-0
rec-4041-org,rec-4041-dup-0
rec-4042-org,rec-4042-dup-0
rec-4043-org,rec-4043-dup-0
rec-4044-org,rec-4044-dup-0
rec-4045-org,rec-4045-dup-0
rec-4046-org,rec-4046-dup-0
rec-4047-org,rec-4047-dup-0
rec-4048-org,rec-4048-dup-0
rec-4049-org,rec-4049-dup-0
rec-4050-org,rec-4050-dup-0
rec-4051-org,rec-4051-dup-0
rec-4052-org,rec-4052-dup-0
rec-4053-org,rec-4053-dup-0
rec-4054-org,rec-4054-dup-0
rec-4055-org,rec-4055-dup-0
rec-4056-org,rec-4056-dup-0
rec-4057-org,rec-4057-dup-0
rec-4058-org,rec-4058-dup-0
rec-4059-org,rec-4059-dup-0
rec-4060-org,rec-4060-dup-0
rec-4061-org,rec-4061-dup-0
rec-4062-org,rec-4062-dup-0
rec-4063-org,rec-4063-dup-0
rec-4064-org,rec-4064-dup-0
rec-4065-org,rec-4065-dup-0
rec-4066-org,rec-4066-dup-0
rec-4067-org,rec-4067-dup-0
rec-4068-org,rec-4068-dup-0
rec-4069-org,rec-4069-dup-0
rec-4070-org,rec-4070-dup-0
rec-4071-org,rec-4071-dup-0
rec-4072-org,rec-4072-dup-0
rec-4073-org,rec-4073-dup-0
rec-4074-org,rec-4074-dup-0
rec-4075-org,rec-4075-dup-0
rec-4076-org,rec-4076-dup-0
rec-4077-org,rec-4077-dup-0
rec-4078-org,rec-4078-dup-0
rec-4079-org,rec-4079-dup-0
rec-4080-org,rec-4080-dup-0
rec-4081-org,rec-4081-dup-0
rec-4082-org,rec-4082-dup-0
rec-4083-org,rec-4083-dup-0
rec-4084-org,rec-4084-dup-0
rec-4085-org,rec-4085-dup-0
rec-4086-org,rec-4086-dup-0
rec-4087-org,rec-4087-dup-0
rec-4088-org,rec-4088-dup-0
rec-4089-org,rec-4089-dup-0
rec-4090-org,rec-4090-dup-0
rec-4091-org,rec-4091-dup-0
rec-4092-org,rec-4092-dup-0
rec-4093-org,rec-4093-dup-0
rec-4094-org,rec-4094-dup-0
rec-4095-org,rec-4095-dup-0
rec-4096-org,rec-4096-dup-0
rec-4097-org,rec-4097-dup-0
rec-4098-org,rec-4098-dup-0
rec-4099-org,rec-4099-dup-0
rec-4100-org,rec-4100-dup-0
rec-4101-org,rec-4101-dup-0
rec-4102-org,rec-4102-dup-0
rec-4103-org,rec-4103-dup-0
rec-4104-org,rec-4104-dup-0
rec-4105-org,rec-4105-dup-0
rec-4106-org,rec-4106-dup-0
rec-4107-org,rec-4107-dup-0
rec-4108-org,rec-4108-dup-0
rec-4109-org,rec-4109-dup-0
rec-4110-org,rec-4110-dup-0
rec-4111-org,rec-4111-dup-0
rec-4112-org,rec-4112-dup-0
rec-4113-org,rec-4113-dup-0
rec-4114-org,rec-4114-dup-0
rec-4115-org,rec-4115-dup-0
rec-4116-org,rec-4116-dup-0
rec-4117-org,rec-4117-dup-0
rec-4118-org,rec-4118-dup-0
rec-4119-org,rec-4119-dup-0
rec-4120-org,rec-4120-dup-0
rec-4121-org,rec-4121-dup-0
rec-4122-org,rec-4122-dup-0
rec-4123-org,rec-4123-dup-0
rec-4124-org,rec-4124-dup-0
rec-4125-org,rec-4125-dup-0
rec-4126-org,rec-4126-dup-0
rec-4127-org,rec-4127-dup-0
rec-4128-org,rec-4128-dup-0
rec-4129-org,rec-4129-dup-0
rec-4130-org,rec-4130-dup-0
rec-4131-org,rec-4131-dup-0
rec-4132-org,rec-4132-dup-0
rec-4133-org,rec-4133-dup-0
rec-4134-org,rec-4134-dup-0
rec-4135-org,rec-4135-dup-0
rec-4136-org,rec-4136-dup-0
rec-4137-org,rec-4137-dup-0
rec-4138-org,rec-4138-dup-0
rec-4139-org,rec-4139-dup-0
rec-4140-org,rec-4140-dup-0
rec-4141-org,rec-4141-dup-0
rec-4142-org,rec-4142-dup-0
rec-4143-org,rec-4143-dup-0
rec-4144-org,rec-4144-dup-0
rec-4145-org,rec-4145-dup-0
rec-4146-org,rec-4146-dup-0
rec-4147-org,rec-4147-dup-0
rec-4148-org,rec-4148-dup-0
rec-4149-org,rec-4149-dup-0
rec-4150-org,rec-4150-dup-0
rec-4151-org,rec-4151-dup-0
rec-4152-org,rec-4152-dup-0
rec-4153-org,rec-4153-dup-0
rec-4154-org,rec-4154-dup-0
rec-4155-org,rec-4155-dup-0
rec-4156-org,rec-4156-dup-0
rec-4157-org,rec-4157-dup-0
rec-4158-org,rec-4158-dup-0
rec-4159-org,rec-4159-dup-0
rec-4160-org,rec-4160-dup-0
rec-4161-org,rec-4161-dup-0
rec-4162-org,rec-4162-dup-0
rec-4163-org,rec-4163-dup-0
rec-4164-org,rec-4164-dup-0
rec-4165-org,rec-4165-dup-0
rec-4166-org,rec-4166-dup-0
rec-4167-org,rec-4167-dup-0
rec-4168-org,rec-4168-dup-0
rec-4169-org,rec-4169-dup-0
rec-4170-org,rec-4170-dup-0
rec-4171-org,rec-4171-dup-0
rec-4172-org,rec-4172-dup-0
rec-4173-org,rec-4173-dup-0
rec-4174-org,rec-4174-dup-0
rec-4175-org,rec-4175-dup-0
rec-4176-org,rec-4176-dup-0
rec-4177-org,rec-4177-dup-0
rec-4178-org,rec-4178-dup-0
rec-4179-org,rec-4179-dup-0
rec-4180-org,rec-4180-dup-0
rec-4181-org,rec-4181-dup-0
rec-4182-org,rec-4182-dup-0
rec-4183-org,rec-4183-dup-0
rec-4184-org,rec-4184-dup-0
rec-4185-org,rec-4185-dup-0
rec-4186-org,rec-4186-dup-0
rec-4187-org,rec-4187-dup-0
rec-4188-org,rec-4188-dup-0
rec-4189-org,rec-4189-dup-0
rec-4190-org,rec-4190-dup-0
rec-4191-org,rec-4191-dup-0
rec-4192-org,rec-4192-dup-0
rec-4193-org,rec-4193-dup-0
rec-4194-org,rec-4194-dup-0
rec-4195-org,rec-4195-dup-0
rec-4196-org,rec-4196-dup-0
rec-4197-org,rec-4197-dup-0
rec-4198-org,rec-4198-dup-0
rec-4199-org,rec-4199-dup-0
rec-4200-org,rec-4200-dup-0
rec-4201-org,rec-4201-dup-0
rec-4202-org,rec-4202-dup-0
rec-4203-org,rec-4203-dup-0
rec-4204-org,rec-4204-dup-0
rec-4205-org,rec-4205-dup-0
rec-4206-org,rec-4206-dup-0
rec-4207-org,rec-4207-dup-0
rec-4208-org,rec-4208-dup-0
rec-4209-org,rec-4209-dup-0
rec-4210-org,rec-4210-dup-0
rec-4211-org,rec-4211-dup-0
rec-4212-org,rec-4212-dup-0
rec-4213-org,rec-4213-dup-0
rec-4214-org,rec-4214-dup-0
rec-4215-org,rec-4215-dup-0
rec-4216-org,rec-4216-dup-0
rec-4217-org,rec-4217-dup-0
rec-4218-org,rec-4218-dup-0
rec-4219-org,rec-4219-dup-0
rec-4220-org,rec-4220-dup-0
rec-4221-org,rec-4221-dup-0
rec-4222-org,rec-4222-dup-0
rec-4223-org,rec-4223-dup-0
rec-4224-org,rec-4224-dup-0
rec-4225-org,rec-4225-dup-0
rec-4226-org,rec-4226-dup-0
rec-4227-org,rec-4227-dup-0
rec-4228-org,rec-4228-dup-0
rec-4229-org,rec-4229-dup-0
rec-4230-org,rec-4230-dup-0
rec-4231-org,rec-4231-dup-0
rec-4232-org,rec-4232-dup-0
rec-4233-org,rec-4233-dup-0
rec-4234-org,rec-4234-dup-0
rec-4235-org,rec-4235-dup-0
rec-4236-org,rec-4236-dup-0
rec-4237-org,rec-4237-dup-0
rec-4238-org,rec-4238-dup-0
rec-4239-org,rec-4239-dup-0
rec-4240-org,rec-4240-dup-0
rec-4241-org,rec-4241-dup-0
rec-4242-org,rec-4242-dup-0
rec-4243-org,rec-4243-dup-0
rec-4244-org,rec-4244-dup-0
rec-4245-org,rec-4245-dup-0
rec-4246-org,rec-4246-dup-0
rec-4247-org,rec-4247-dup-0
rec-4248-org,rec-4248-dup-0
rec-4249-org,rec-4249-dup-0
rec-4250-org,rec-4250-dup-0
rec-4251-org,rec-4251-dup-0
rec-4252-org,rec-4252-dup-0
rec-4253-org,rec-4253-dup-0
rec-4254-org,rec-4254-dup-0
rec-4255-org,rec-4255-dup-0
rec-4256-org,rec-4256-dup-0
rec-4257-org,rec-4257-dup-0
rec-4258-org,rec-4258-dup-0
rec-4259-org,rec-4259-dup-0
rec-4260-org,rec-4260-dup-0
rec-4261-org,rec-4261-dup-0
rec-4262-org,rec-4262-dup-0
rec-4263-org,rec-4263-dup-0
rec-4264-org,rec-4264-dup-0
rec-4265-org,rec-4265-dup-0
rec-4266-org,rec-4266-dup-0
rec-4267-org,rec-4267-dup-0
rec-4268-org,rec-4268-dup-0
rec-4269-org,rec-4269-dup-0
rec-4270-org,rec-4270-dup-0
rec-4271-org,rec-4271-dup-0
rec-4272-org,rec-4272-dup-0
rec-4273-org,rec-4273-dup-0
rec-4274-org,rec-4274-dup-0
rec-4275-org,rec-4275-dup-0
rec-4276-org,rec-4276-dup-0
rec-4277-org,rec-4277-dup-0
rec-4278-org,rec-4278-dup-0
rec-4279-org,rec-4279-dup-0
rec-4280-org,rec-4280-dup-0
rec-4281-org,rec-4281-dup-0
rec-4282-org,rec-4282-dup-0
rec-4283-org,rec-4283-dup-0
rec-4284-org,rec-4284-dup-0
rec-4285-org,rec-4285-dup-0
rec-4286-org,rec-4286-dup-0
rec-4287-org,rec-4287-dup-0
rec-4288-org,rec-4288-dup-0
rec-4289-org,rec-4289-dup-0
rec-4290-org,rec-4290-dup-0
rec-4291-org,rec-4291-dup-0
rec-4292-org,rec-4292-dup-0
rec-4293-org,rec-4293-dup-0
rec-4294-org,rec-4294-dup-0
rec-4295-org,rec-4295-dup-0
rec-4296-org,rec-4296-dup-0
rec-4297-org,rec-4297-dup-0
rec-4298-org,rec-4298-dup-0
rec-4299-org,rec-4299-dup-0
rec-4300-org,rec-4300-dup-0
rec-4301-org,rec-4301-dup-0
rec-4302-org,rec-4302-dup-0
rec-4303-org,rec-4303-dup-0
rec-4304-org,rec-4304-dup-0
rec-4305-org,rec-4305-dup-0
rec-4306-org,rec-4306-dup-0
rec-4307-org,rec-4307-dup-0
rec-4308-org,rec-4308-dup-0
rec-4309-org,rec-4309-dup-0
rec-4310-org,rec-4310-dup-0
rec-4311-org,rec-4311-dup-0
rec-4312-org,rec-4312-dup-0
rec-4313-org,rec-4313-dup-0
rec-4314-org,rec-4314-dup-0
rec-4315-org,rec-4315-dup-0
rec-4316-org,rec-4316-dup-0
rec-4317-org,rec-4317-dup-0
rec-4318-org,rec-4318-dup-0
rec-4319-org,rec-4319-dup-0
rec-4320-org,rec-4320-dup-0
rec-4321-org,rec-4321-dup-0
rec-4322-org,rec-4322-dup-0
rec-4323-org,rec-4323-dup-0
rec-4324-org,rec-4324-dup-0
rec-4325-org,rec-4325-dup-0
rec-4326-org,rec-4326-dup-0
rec-4327-org,rec-4327-dup-0
rec-4328-org,rec-4328-dup-0
rec-4329-org,rec-4329-dup-0
rec-4330-org,rec-4330-dup-0
rec-4331-org,rec-4331-dup-0
rec-4332-org,rec-4332-dup-0
rec-4333-org,rec-4333-dup-0
rec-4334-org,rec-4334-dup-0
rec-4335-org,rec-4335-dup-0
rec-4336-org,rec-4336-dup-0
rec-4337-org,rec-4337-dup-0
rec-4338-org,rec-4338-dup-0
rec-4339-org,rec-4339-dup-0
rec-4340-org,rec-4340-dup-0
rec-4341-org,rec-4341-dup-0
rec-4342-org,rec-4342-dup-0
rec-4343-org,rec-4343-dup-0
rec-4344-org,rec-4344-dup-0
rec-4345-org,rec-4345-dup-0
rec-4346-org,rec-4346-dup-0
rec-4347-org,rec-4347-dup-0
rec-4348-org,rec-4348-dup-0
rec-4349-org,rec-4349-dup-0
rec-4350-org,rec-4350-dup-0
rec-4351-org,rec-4351-dup-0
rec-4352-org,rec-4352-dup-0
rec-4353-org,rec-4353-dup-0
rec-4354-org,rec-4354-dup-0
rec-4355-org,rec-4355-dup-0
rec-4356-org,rec-4356-dup-0
rec-4357-org,rec-4357-dup-0
rec-4358-org,rec-4358-dup-0
rec-4359-org,rec-4359-dup-0
rec-4360-org,rec-4360-dup-0
rec-4361-org,rec-4361-dup-0
rec-4362-org,rec-4362-dup-0
rec-4363-org,rec-4363-dup-0
rec-4364-org,rec-4364-dup-0
rec-4365-org,rec-4365-dup-0
rec-4366-org,rec-4366-dup-0
rec-4367-org,rec-4367-dup-0
rec-4368-org,rec-4368-dup-0
rec-4369-org,rec-4369-dup-0
rec-4370-org,rec-4370-dup-0
rec-4371-org,rec-4371-dup-0
rec-4372-org,rec-4372-dup-0
rec-4373-org,rec-4373-dup-0
rec-4374-org,rec-4374-dup-0
rec-4375-org,rec-4375-dup-0
rec-4376-org,rec-4376-dup-0
rec-4377-org,rec-4377-dup-0
rec-4378-org,rec-4378-dup-0
rec-4379-org,rec-4379-dup-0
rec-4380-org,rec-4380-dup-0
rec-4381-org,rec-4381-dup-0
rec-4382-org,rec-4382-dup-0
rec-4383-org,rec-4383-dup-0
rec-4384-org,rec-4384-dup-0
rec-4385-org,rec-4385-dup-0
rec-4386-org,rec-4386-dup-0
rec-4387-org,rec-4387-dup-0
rec-4388-org,rec-4388-dup-0
rec-4389-org,rec-4389-dup-0
rec-4390-org,rec-4390-dup-0
rec-4391-org,rec-4391-dup-0
rec-4392-org,rec-4392-dup-0
rec-4393-org,rec-4393-dup-0
rec-4394-org,rec-4394-dup-0
rec-4395-org,rec-4395-dup-0
rec-4396-org,rec-4396-dup-0
rec-4397-org,rec-4397-dup-0
rec-4398-org,rec-4398-dup-0
rec-4399-org,rec-4399-dup-0
rec-4400-org,rec-4400-dup-0
rec-4401-org,rec-4401-dup-0
rec-4402-org,rec-4402-dup-0
rec-4403-org,rec-4403-dup-0
rec-4404-org,rec-4404-dup-0
rec-4405-org,rec-4405-dup-0
rec-4406-org,rec-4406-dup-0
rec-4407-org,rec-4407-dup-0
rec-4408-org,rec-4408-dup-0
rec-4409-org,rec-4409-dup-0
rec-4410-org,rec-4410-dup-0
rec-4411-org,rec-4411-dup-0
rec-4412-org,rec-4412-dup-0
rec-4413-org,rec-4413-dup-0
rec-4414-org,rec-4414-dup-0
rec-4415-org,rec-4415-dup-0
rec-4416-org,rec-4416-dup-0
rec-4417-org,rec-4417-dup-0
rec-4418-org,rec-4418-dup-0
rec-4419-org,rec-4419-dup-0
rec-4420-org,rec-4420-dup-0
rec-4421-org,rec-4421-dup-0
rec-4422-org,rec-4422-dup-0
rec-4423-org,rec-4423-dup-0
rec-4424-org,rec-4424-dup-0
rec-4425-org,rec-4425-dup-0
rec-4426-org,rec-4426-dup-0
rec-4427-org,rec-4427-dup-0
rec-4428-org,rec-4428-dup-0
rec-4429-org,rec-4429-dup-0
rec-4430-org,rec-4430-dup-0
rec-4431-org,rec-4431-dup-0
rec-4432-org,rec-4432-dup-0
rec-4433-org,rec-4433-dup-0
rec-4434-org,rec-4434-dup-0
rec-4435-org,rec-4435-dup-0
rec-4436-org,rec-4436-dup-0
rec-4437-org,rec-4437-dup-0
rec-4438-org,rec-4438-dup-0
rec-4439-org,rec-4439-dup-0
rec-4440-org,rec-4440-dup-0
rec-4441-org,rec-4441-dup-0
rec-4442-org,rec-4442-dup-0
rec-4443-org,rec-4443-dup-0
rec-4444-org,rec-4444-dup-0
rec-4445-org,rec-4445-dup-0
rec-4446-org,rec-4446-dup-0
rec-4447-org,rec-4447-dup-0
rec-4448-org,rec-4448-dup-0
rec-4449-org,rec-4449-dup-0
rec-4450-org,rec-4450-dup-0
rec-4451-org,rec-4451-dup-0
rec-4452-org,rec-4452-dup-0
rec-4453-org,rec-4453-dup-0
rec-4454-org,rec-4454-dup-0
rec-4455-org,rec-4455-dup-0
rec-4456-org,rec-4456-dup-0
rec-4457-org,rec-4457-dup-0
rec-4458-org,rec-4458-dup-0
rec-4459-org,rec-4459-dup-0
rec-4460-org,rec-4460-dup-0
rec-4461-org,rec-4461-dup-0
rec-4462-org,rec-4462-dup-0
rec-4463-org,rec-4463-dup-0
rec-4464-org,rec-4464-dup-0
rec-4465-org,rec-4465-dup-0
rec-4466-org,rec-4466-dup-0
rec-4467-org,rec-4467-dup-0
rec-4468-org,rec-4468-dup-0
rec-4469-org,rec-4469-dup-0
rec-4470-org,rec-4470-dup-0
rec-4471-org,rec-4471-dup-0
rec-4472-org,rec-4472-dup-0
rec-4473-org,rec-4473-dup-0
rec-4474-org,rec-4474-dup-0
rec-4475-org,rec-4475-dup-0
rec-4476-org,rec-4476-dup-0
rec-4477-org,rec-4477-dup-0
rec-4478-org,rec-4478-dup-0
rec-4479-org,rec-4479-dup-0
rec-4480-org,rec-4480-dup-0
rec-4481-org,rec-4481-dup-0
rec-4482-org,rec-4482-dup-0
rec-4483-org,rec-4483-dup-0
rec-4484-org,rec-4484-dup-0
rec-4485-org,rec-4485-dup-0
rec-4486-org,rec-4486-dup-0
rec-4487-org,rec-4487-dup-0
rec-4488-org,rec-4488-dup-0
rec-4489-org,rec-4489-dup-0
rec-4490-org,rec-4490-dup-0
rec-4491-org,rec-4491-dup-0
rec-4492-org,rec-4492-dup-0
rec-4493-org,rec-4493-dup-0
rec-4494-org,rec-4494-dup-0
rec-4495-org,rec-4495-dup-0
rec-4496-org,rec-4496-dup-0
rec-4497-org,rec-4497-dup-0
rec-4498-org,rec-4498-dup-0
rec-4499-org,rec-4499-dup-0
rec-4500-org,rec-4500-dup-0
rec-4501-org,rec-4501-dup-0
rec-4502-org,rec-4502-dup-0
rec-4503-org,rec-4503-dup-0
rec-4504-org,rec-4504-dup-0
rec-4505-org,rec-4505-dup-0
rec-4506-org,rec-4506-dup-0
rec-4507-org,rec-4507-dup-0
rec-4508-org,rec-4508-dup-0
rec-4509-org,rec-4509-dup-0
rec-4510-org,rec-4510-dup-0
rec-4511-org,rec-4511-dup-0
rec-4512-org,rec-4512-dup-0
rec-4513-org,rec-4513-dup-0
rec-4514-org,rec-4514-dup-0
rec-4515-org,rec-4515-dup-0
rec-4516-org,rec-4516-dup-0
rec-4517-org,rec-4517-dup-0
rec-4518-org,rec-4518-dup-0
rec-4519-org,rec-4519-dup-0
rec-4520-org,rec-4520-dup-0
rec-4521-org,rec-4521-dup-0
rec-4522-org,rec-4522-dup-0
rec-4523-org,rec-4523-dup-0
rec-4524-org,rec-4524-dup-0
rec-4525-org,rec-4525-dup-0
rec-4526-org,rec-4526-dup-0
rec-4527-org,rec-4527-dup-0
rec-4528-org,rec-4528-dup-0
rec-4529-org,rec-4529-dup-0
rec-4530-org,rec-4530-dup-0
rec-4531-org,rec-4531-dup-0
rec-4532-org,rec-4532-dup-0
rec-4533-org,rec-4533-dup-0
rec-4534-org,rec-4534-dup-0
rec-4535-org,rec-4535-dup-0
rec-4536-org,rec-4536-dup-0
rec-4537-org,rec-4537-dup-0
rec-4538-org,rec-4538-dup-0
rec-4539-org,rec-4539-dup-0
rec-4540-org,rec-4540-dup-0
rec-4541-org,rec-4541-dup-0
rec-4542-org,rec-4542-dup-0
rec-4543-org,rec-4543-dup-0
rec-4544-org,rec-4544-dup-0
rec-4545-org,rec-4545-dup-0
rec-4546-org,rec-4546-dup-0
rec-4547-org,rec-4547-dup-0
rec-4548-org,rec-4548-dup-0
rec-4549-org,rec-4549-dup-0
rec-4550-org,rec-4550-dup-0
rec-4551-org,rec-4551-dup-0
rec-4552-org,rec-4552-dup-0
rec-4553-org,rec-4553-dup-0
rec-4554-org,rec-4554-dup-0
rec-4555-org,rec-4555-dup-0
rec-4556-org,rec-4556-dup-0
rec-4557-org,rec-4557-dup-0
rec-4558-org,rec-4558-dup-0
rec-4559-org,rec-4559-dup-0
rec-4560-org,rec-4560-dup-0
rec-4561-org,rec-4561-dup-0
rec-4562-org,rec-4562-dup-0
rec-4563-org,rec-4563-dup-0
rec-4564-org,rec-4564-dup-0
rec-4565-org,rec-4565-dup-0
rec-4566-org,rec-4566-dup-0
rec-4567-org,rec-4567-dup-0
rec-4568-org,rec-4568-dup-0
rec-4569-org,rec-4569-dup-0
rec-4570-org,rec-4570-dup-0
rec-4571-org,rec-4571-dup-0
rec-4572-org,rec-4572-dup-0
rec-4573-org,rec-4573-dup-0
rec-4574-org,rec-4574-dup-0
rec-4575-org,rec-4575-dup-0
rec-4576-org,rec-4576-dup-0
rec-4577-org,rec-4577-dup-0
rec-4578-org,rec-4578-dup-0
rec-4579-org,rec-4579-dup-0
rec-4580-org,rec-4580-dup-0
rec-4581-org,rec-4581-dup-0
rec-4582-org,rec-4582-dup-0
rec-4583-org,rec-4583-dup-0
rec-4584-org,rec-4584-dup-0
rec-4585-org,rec-4585-dup-0
rec-4586-org,rec-4586-dup-0
rec-4587-org,rec-4587-dup-0
rec-4588-org,rec-4588-dup-0
rec-4589-org,rec-4589-dup-0
rec-4590-org,rec-4590-dup-0
rec-4591-org,rec-4591-dup-0
rec-4592-org,rec-4592-dup-0
rec-4593-org,rec-4593-dup-0
rec-4594-org,rec-4594-dup-0
rec-4595-org,rec-4595-dup-0
rec-4596-org,rec-4596-dup-0
rec-4597-org,rec-4597-dup-0
rec-4598-org,rec-4598-dup-0
rec-4599-org,rec-4599-dup-0
rec-4600-org,rec-4600-dup-0
rec-4601-org,rec-4601-dup-0
rec-4602-org,rec-4602-dup-0
rec-4603-org,rec-4603-dup-0
rec-4604-org,rec-4604-dup-0
rec-4605-org,rec-4605-dup-0
rec-4606-org,rec-4606-dup-0
rec-4607-org,rec-4607-dup-0
rec-4608-org,rec-4608-dup-0
rec-4609-org,rec-4609-dup-0
rec-4610-org,rec-4610-dup-0
rec-4611-org,rec-4611-dup-0
rec-4612-org,rec-4612-dup-0
rec-4613-org,rec-4613-dup-0
rec-4614-org,rec-4614-dup-0
rec-4615-org,rec-4615-dup-0
rec-4616-org,rec-4616-dup-0
rec-4617-org,rec-4617-dup-0
rec-4618-org,rec-4618-dup-0
rec-4619-org,rec-4619-dup-0
rec-4620-org,rec-4620-dup-0
rec-4621-org,rec-4621-dup-0
rec-4622-org,rec-4622-dup-0
rec-4623-org,rec-4623-dup-0
rec-4624-org,rec-4624-dup-0
rec-4625-org,rec-4625-dup-0
rec-4626-org,rec-4626-dup-0
rec-4627-org,rec-4627-dup-0
rec-4628-org,rec-4628-dup-0
rec-4629-org,rec-4629-dup-0
rec-4630-org,rec-4630-dup-0
rec-4631-org,rec-4631-dup-0
rec-4632-org,rec-4632-dup-0
rec-4633-org,rec-4633-dup-0
rec-4634-org,rec-4634-dup-0
rec-4635-org,rec-4635-dup-0
rec-4636-org,rec-4636-dup-0
rec-4637-org,rec-4637-dup-0
rec-4638-org,rec-4638-dup-0
rec-4639-org,rec-4639-dup-0
rec-4640-org,rec-4640-dup-0
rec-4641-org,rec-4641-dup-0
rec-4642-org,rec-4642-dup-0
rec-4643-org,rec-4643-dup-0
rec-4644-org,rec-4644-dup-0
rec-4645-org,rec-4645-dup-0
rec-4646-org,rec-4646-dup-0
rec-4647-org,rec-4647-dup-0
rec-4648-org,rec-4648-dup-0
rec-4649-org,rec-4649-dup-0
rec-4650-org,rec-4650-dup-0
rec-4651-org,rec-4651-dup-0
rec-4652-org,rec-4652-dup-0
rec-4653-org,rec-4653-dup-0
rec-4654-org,rec-4654-dup-0
rec-4655-org,rec-4655-dup-0
rec-4656-org,rec-4656-dup-0
rec-4657-org,rec-4657-dup-0
rec-4658-org,rec-4658-dup-0
rec-4659-org,rec-4659-dup-0
rec-4660-org,rec-4660-dup-0
rec-4661-org,rec-4661-dup-0
rec-4662-org,rec-4662-dup-0
rec-4663-org,rec-4663-dup-0
rec-4664-org,rec-4664-dup-0
rec-4665-org,rec-4665-dup-0
rec-4666-org,rec-4666-dup-0
rec-4667-org,rec-4667-dup-0
rec-4668-org,rec-4668-dup-0
rec-4669-org,rec-4669-dup-0
rec-4670-org,rec-4670-dup-0
rec-4671-org,rec-4671-dup-0
rec-4672-org,rec-4672-dup-0
rec-4673-org,rec-4673-dup-0
rec-4674-org,rec-4674-dup-0
rec-4675-org,rec-4675-dup-0
rec-4676-org,rec-4676-dup-0
rec-4677-org,rec-4677-dup-0
rec-4678-org,rec-4678-dup-0
rec-4679-org,rec-4679-dup-0
rec-4680-org,rec-4680-dup-0
rec-4681-org,rec-4681-dup-0
rec-4682-org,rec-4682-dup-0
rec-4683-org,rec-4683-dup-0
rec-4684-org,rec-4684-dup-0
rec-4685-org,rec-4685-dup-0
rec-4686-org,rec-4686-dup-0
rec-4687-org,rec-4687-dup-0
rec-4688-org,rec-4688-dup-0
rec-4689-org,rec-4689-dup-0
rec-4690-org,rec-4690-dup-0
rec-4691-org,rec-4691-dup-0
rec-4692-org,rec-4692-dup-0
rec-4693-org,rec-4693-dup-0
rec-4694-org,rec-4694-dup-0
rec-4695-org,rec-4695-dup-0
rec-4696-org,rec-4696-dup-0
rec-4697-org,rec-4697-dup-0
rec-4698-org,rec-4698-dup-0
rec-4699-org,rec-4699-dup-0
rec-4700-org,rec-4700-dup-0
rec-4701-org,rec-4701-dup-0
rec-4702-org,rec-4702-dup-0
rec-4703-org,rec-4703-dup-0
rec-4704-org,rec-4704-dup-0
rec-4705-org,rec-4705-dup-0
rec-4706-org,rec-4706-dup-0
rec-4707-org,rec-4707-dup-0
rec-4708-org,rec-4708-dup-0
rec-4709-org,rec-4709-dup-0
rec-4710-org,rec-4710-dup-0
rec-4711-org,rec-4711-dup-0
rec-4712-org,rec-4712-dup-0
rec-4713-org,rec-4713-dup-0
rec-4714-org,rec-4714-dup-0
rec-4715-org,rec-4715-dup-0
rec-4716-org,rec-4716-dup-0
rec-4717-org,rec-4717-dup-0
rec-4718-org,rec-4718-dup-0
rec-4719-org,rec-4719-dup-0
rec-4720-org,rec-4720-dup-0
rec-4721-org,rec-4721-dup-0
rec-4722-org,rec-4722-dup-0
rec-4723-org,rec-4723-dup-0
rec-4724-org,rec-4724-dup-0
rec-4725-org,rec-4725-dup-0
rec-4726-org,rec-4726-dup-0
rec-4727-org,rec-4727-dup-0
rec-4728-org,rec-4728-dup-0
rec-4729-org,rec-4729-dup-0
rec-4730-org,rec-4730-dup-0
rec-4731-org,rec-4731-dup-0
rec-4732-org,rec-4732-dup-0
rec-4733-org,rec-4733-dup-0
rec-4734-org,rec-4734-dup-0
rec-4735-org,rec-4735-dup-0
rec-4736-org,rec-4736-dup-0
rec-4737-org,rec-4737-dup-0
rec-4738-org,rec-4738-dup-0
rec-4739-org,rec-4739-dup-0
rec-4740-org,rec-4740-dup-0
rec-4741-org,rec-4741-dup-0
rec-4742-org,rec-4742-dup-0
rec-4743-org,rec-4743-dup-0
rec-4744-org,rec-4744-dup-0
rec-4745-org,rec-4745-dup-0
rec-4746-org,rec-4746-dup-0
rec-4747-org,rec-4747-dup-0
rec-4748-org,rec-4748-dup-0
rec-4749-org,rec-4749-dup-0
rec-4750-org,rec-4750-dup-0
rec-4751-org,rec-4751-dup-0
rec-4752-org,rec-4752-dup-0
rec-4753-org,rec-4753-dup-0
rec-4754-org,rec-4754-dup-0
rec-4755-org,rec-4755-dup-0
rec-4756-org,rec-4756-dup-0
rec-4757-org,rec-4757-dup-0
rec-4758-org,rec-4758-dup-0
rec-4759-org,rec-4759-dup-0
rec-4760-org,rec-4760-dup-0
rec-4761-org,rec-4761-dup-0
rec-4762-org,rec-4762-dup-0
rec-4763-org,rec-4763-dup-0
rec-4764-org,rec-4764-dup-0
rec-4765-org,rec-4765-dup-0
rec-4766-org,rec-4766-dup-0
rec-4767-org,rec-4767-dup-0
rec-4768-org,rec-4768-dup-0
rec-4769-org,rec-4769-dup-0
rec-4770-org,rec-4770-dup-0
rec-4771-org,rec-4771-dup-0
rec-4772-org,rec-4772-dup-0
rec-4773-org,rec-4773-dup-0
rec-4774-org,rec-4774-dup-0
rec-4775-org,rec-4775-dup-0
rec-4776-org,rec-4776-dup-0
rec-4777-org,rec-4777-dup-0
rec-4778-org,rec-4778-dup-0
rec-4779-org,rec-4779-dup-0
rec-4780-org,rec-4780-dup-0
rec-4781-org,rec-4781-dup-0
rec-4782-org,rec-4782-dup-0
rec-4783-org,rec-4783-dup-0
rec-4784-org,rec-4784-dup-0
rec-4785-org,rec-4785-dup-0
rec-4786-org,rec-4786-dup-0
rec-4787-org,rec-4787-dup-0
rec-4788-org,rec-4788-dup-0
rec-4789-org,rec-4789-dup-0
rec-4790-org,rec-4790-dup-0
rec-4791-org,rec-4791-dup-0
rec-4792-org,rec-4792-dup-0
rec-4793-org,rec-4793-dup-0
rec-4794-org,rec-4794-dup-0
rec-4795-org,rec-4795-dup-0
rec-4796-org,rec-4796-dup-0
rec-4797-org,rec-4797-dup-0
rec-4798-org,rec-4798-dup-0
rec-4799-org,rec-4799-dup-0
rec-4800-org,rec-4800-dup-0
rec-4801-org,rec-4801-dup-0
rec-4802-org,rec-4802-dup-0
rec-4803-org,rec-4803-dup-0
rec-4804-org,rec-4804-dup-0
rec-4805-org,rec-4805-dup-0
rec-4806-org,rec-4806-dup-0
rec-4807-org,rec-4807-dup-0
rec-4808-org,rec-4808-dup-0
rec-4809-org,rec-4809-dup-0
rec-4810-org,rec-4810-dup-0
rec-4811-org,rec-4811-dup-0
rec-4812-org,rec-4812-dup-0
rec-4813-org,rec-4813-dup-0
rec-4814-org,rec-4814-dup-0
rec-4815-org,rec-4815-dup-0
rec-4816-org,rec-4816-dup-0
rec-4817-org,rec-4817-dup-0
rec-4818-org,rec-4818-dup-0
rec-4819-org,rec-4819-dup-0
rec-4820-org,rec-4820-dup-0
rec-4821-org,rec-4821-dup-0
rec-4822-org,rec-4822-dup-0
rec-4823-org,rec-4823-dup-0
rec-4824-org,rec-4824-dup-0
rec-4825-org,rec-4825-dup-0
rec-4826-org,rec-4826-dup-0
rec-4827-org,rec-4827-dup-0
rec-4828-org,rec-4828-dup-0
rec-4829-org,rec-4829-dup-0
rec-4830-org,rec-4830-dup-0
rec-4831-org,rec-4831-dup-0
rec-4832-org,rec-4832-dup-0
rec-4833-org,rec-4833-dup-0
rec-4834-org,rec-4834-dup-0
rec-4835-org,rec-4835-dup-0
rec-4836-org,rec-4836-dup-0
rec-4837-org,rec-4837-dup-0
rec-4838-org,rec-4838-dup-0
rec-4839-org,rec-4839-dup-0
rec-4840-org,rec-4840-dup-0
rec-4841-org,rec-4841-dup-0
rec-4842-org,rec-4842-dup-0
rec-4843-org,rec-4843-dup-0
rec-4844-org,rec-4844-dup-0
rec-4845-org,rec-4845-dup-0
rec-4846-org,rec-4846-dup-0
rec-4847-org,rec-4847-dup-0
rec-4848-org,rec-4848-dup-0
rec-4849-org,rec-4849-dup-0
rec-4850-org,rec-4850-dup-0
rec-4851-org,rec-4851-dup-0
rec-4852-org,rec-4852-dup-0
rec-4853-org,rec-4853-dup-0
rec-4854-org,rec-4854-dup-0
rec-4855-org,rec-4855-dup-0
rec-4856-org,rec-4856-dup-0
rec-4857-org,rec-4857-dup-0
rec-4858-org,rec-4858-dup-0
rec-4859-org,rec-4859-dup-0
rec-4860-org,rec-4860-dup-0
rec-4861-org,rec-4861-dup-0
rec-4862-org,rec-4862-dup-0
rec-4863-org,rec-4863-dup-0
rec-4864-org,rec-4864-dup-0
rec-4865-org,rec-4865-dup-0
rec-4866-org,rec-4866-dup-0
rec-4867-org,rec-4867-dup-0
rec-4868-org,rec-4868-dup-0
rec-4869-org,rec-4869-dup-0
rec-4870-org,rec-4870-dup-0
rec-4871-org,rec-4871-dup-0
rec-4872-org,rec-4872-dup-0
rec-4873-org,rec-4873-dup-0
rec-4874-org,rec-4874-dup-0
rec-4875-org,rec-4875-dup-0
rec-4876-org,rec-4876-dup-0
rec-4877-org,rec-4877-dup-0
rec-4878-org,rec-4878-dup-0
rec-4879-org,rec-4879-dup-0
rec-4880-org,rec-4880-dup-0
rec-4881-org,rec-4881-dup-0
rec-4882-org,rec-4882-dup-0
rec-4883-org,rec-4883-dup-0
rec-4884-org,rec-4884-dup-0
rec-4885-org,rec-4885-dup-0
rec-4886-org,rec-4886-dup-0
rec-4887-org,rec-4887-dup-0
rec-4888-org,rec-4888-dup-0
rec-4889-org,rec-4889-dup-0
rec-4890-org,rec-4890-dup-0
rec-4891-org,rec-4891-dup-0
rec-4892-org,rec-4892-dup-0
rec-4893-org,rec-4893-dup-0
rec-4894-org,rec-4894-dup-0
rec-4895-org,rec-4895-dup-0
rec-4896-org,rec-4896-dup-0
rec-4897-org,rec-4897-dup-0
rec-4898-org,rec-4898-dup-0
rec-4899-org,rec-4899-dup-0
rec-4900-org,rec-4900-dup-0
rec-4901-org,rec-4901-dup-0
rec-4902-org,rec-4902-dup-0
rec-4903-org,rec-4903-dup-0
rec-4904-org,rec-4904-dup-0
rec-4905-org,rec-4905-dup-0
rec-4906-org,rec-4906-dup-0
rec-4907-org,rec-4907-dup-0
rec-4908-org,rec-4908-dup-0
rec-4909-org,rec-4909-dup-0
rec-4910-org,rec-4910-dup-0
rec-4911-org,rec-4911-dup-0
rec-4912-org,rec-4912-dup-0
rec-4913-org,rec-4913-dup-0
rec-4914-org,rec-4914-dup-0
rec-4915-org,rec-4915-dup-0
rec-4916-org,rec-4916-dup-0
rec-4917-org,rec-4917-dup-0
rec-4918-org,rec-4918-dup-0
rec-4919-org,rec-4919-dup-0
rec-4920-org,rec-4920-dup-0
rec-4921-org,rec-4921-dup-0
rec-4922-org,rec-4922-dup-0
rec-4923-org,rec-4923-dup-0
rec-4924-org,rec-4924-dup-0
rec-4925-org,rec-4925-dup-0
rec-4926-org,rec-4926-dup-0
rec-4927-org,rec-4927-dup-0
rec-4928-org,rec-4928-dup-0
rec-4929-org,rec-4929-dup-0
rec-4930-org,rec-4930-dup-0
rec-4931-org,rec-4931-dup-0
rec-4932-org,rec-4932-dup-0
rec-4933-org,rec-4933-dup-0
rec-4934-org,rec-4934-dup-0
rec-4935-org,rec-4935-dup-0
rec-4936-org,rec-4936-dup-0
rec-4937-org,rec-4937-dup-0
rec-4938-org,rec-4938-dup-0
rec-4939-org,rec-4939-dup-0
rec-4940-org,rec-4940-dup-0
rec-4941-org,rec-4941-dup-0
rec-4942-org,rec-4942-dup-0
rec-4943-org,rec-4943-dup-0
rec-4944-org,rec-4944-dup-0
rec-4945-org,rec-4945-dup-0
rec-4946-org,rec-4946-dup-0
rec-4947-org,rec-4947-dup-0
rec-4948-org,rec-4948-dup-0
rec-4949-org,rec-4949-dup-0
rec-4950-org,rec-4950-dup-0
rec-4951-org,rec-4951-dup-0
rec-4952-org,rec-4952-dup-0
rec-4953-org,rec-4953-dup-0
rec-4954-org,rec-4954-dup-0
rec-4955-org,rec-4955-dup-0
rec-4956-org,rec-4956-dup-0
rec-4957-org,rec-4957-dup-0
rec-4958-org,rec-4958-dup-0
rec-4959-org,rec-4959-dup-0
rec-4960-org,rec-4960-dup-0
rec-4961-org,rec-4961-dup-0
rec-4962-org,rec-4962-dup-0
rec-4963-org,rec-4963-dup-0
rec-4964-org,rec-4964-dup-0
rec-4965-org,rec-4965-dup-0
rec-4966-org,rec-4966-dup-0
rec-4967-org,rec-4967-dup-0
rec-4968-org,rec-4968-dup-0
rec-4969-org,rec-4969-dup-0
rec-4970-org,rec-4970-dup-0
rec-4971-org,rec-4971-dup-0
rec-4972-org,rec-4972-dup-0
rec-4973-org,rec-4973-dup-0
rec-4974-org,rec-4974-dup-0
rec-4975-org,rec-4975-dup-0
rec-4976-org,rec-4976-dup-0
rec-4977-org,rec-4977-dup-0
rec-4978-org,rec-4978-dup-0
rec-4979-org,rec-4979-dup-0
rec-4980-org,rec-4980-dup-0
rec-4981-org,rec-4981-dup-0
rec-4982-org,rec-4982-dup-0
rec-4983-org,rec-4983-dup-0
rec-4984-org,rec-4984-dup-0
rec-4985-org,rec-4985-dup-0
rec-4986-org,rec-4986-dup-0
rec-4987-org,rec-4987-dup-0
rec-4988-org,rec-4988-dup-0
rec-4989-org,rec-4989-dup-0
rec-4990-org,rec-4990-dup-0
rec-4991-org,rec-4991-dup-0
rec-4992-org,rec-4992-dup-0
rec-4993-org,rec-4993-dup-0
rec-4994-org,rec-4994-dup-0
rec-4995-org,rec-4995-dup-0
rec-4996-org,rec-4996-dup-0
rec-4997-org,rec-4997-dup-0
rec-4998-org,rec-4998-dup-0
rec-4999-org,rec-4999-dup-0
